1.000000000000000e-06
0.000000000000000e+00  1.254660623088583e-03  -2.003759859646893e+13  -2.003760052791487e+13  2.893944495541917e-04  1.392940783937051e+04
3.981071705534973e-03  5.545522588506331e+01  -2.003725909054711e+13  -2.003806034911374e+13  1.452750452487350e-02  2.449151112440131e+04
6.309573444801934e-03  1.246570912152580e+02  -2.003684986668875e+13  -2.003862411614766e+13  2.061068042156928e-02  3.475271211438451e+04
1.000000000000000e-02  2.801268267786385e+02  -2.003594303434898e+13  -2.003986205759060e+13  2.922943831285494e-02  4.922080233394149e+04
1.584893192461114e-02  6.283906612565247e+02  -2.003397943148374e+13  -2.004261137570328e+13  4.137708405385132e-02  6.944754986036998e+04
2.511886431509581e-02  1.405016432987724e+03  -2.002970686693727e+13  -2.004865580020677e+13  5.837913053272750e-02  9.747156822261006e+04
3.981071705534975e-02  3.125844677516748e+03  -2.002046753162391e+13  -2.006189496989740e+13  8.195521300988057e-02  1.358108408769064e+05
6.309573444801936e-02  6.906035027305709e+03  -2.000064909565204e+13  -2.009075885618385e+13  1.142514061344946e-01  1.873989763293280e+05
1.000000000000001e-01  1.511616873024307e+04  -1.995859654396003e+13  -2.015331895882787e+13  1.577943117406359e-01  2.553082383327543e+05
1.584893192461115e-01  3.268548215003168e+04  -1.987066741811179e+13  -2.028788735463982e+13  2.152863496681579e-01  3.421102194262923e+05
2.511886431509582e-01  6.956778186324607e+04  -1.969049590300790e+13  -2.057448118218725e+13  2.891200589109971e-01  4.486746105124834e+05
3.981071705534975e-01  1.450884318448379e+05  -1.933159946067432e+13  -2.117685948429673e+13  3.804598148772604e-01  5.722356286105216e+05
6.309573444801937e-01  2.948199807222035e+05  -1.864463042625153e+13  -2.242099844388331e+13  4.877946469332839e-01  7.039640994788565e+05
1.000000000000001e+00  5.797149013214201e+05  -1.740150568303881e+13  -2.493193386660112e+13  6.051978489884036e-01  8.274377526214514e+05
1.584893192461115e+00  1.095251469961922e+06  -1.531786588813261e+13  -2.985150592480312e+13  7.214373235714808e-01  9.216933877055479e+05
2.511886431509582e+00  1.978484922341540e+06  -1.214160785016473e+13  -3.915258254610741e+13  8.222780254452957e-01  9.725590302575937e+05
3.981071705534977e+00  3.420909602082839e+06  -7.737624269220259e+12  -5.607904744061585e+13  8.970739560489693e-01  9.851939222387300e+05
6.309573444801939e+00  5.709074732442840e+06  -1.984637801716956e+12  -8.583606312765797e+13  9.446105317819858e-01  9.791956924163499e+05
1.000000000000001e+01  9.304809174811253e+06  5.530693120587921e+12  -1.368067162235412e+14  9.713924991757688e-01  9.704224401785111e+05
1.584893192461115e+01  1.496010809167003e+07  1.580184247301741e+13  -2.226643435209612e+14  9.854216981463231e-01  9.643578680843296e+05
2.511886431509583e+01  2.388134604823440e+07  3.062448629123489e+13  -3.658659809717739e+14  9.925359587242752e-01  9.610293885850866e+05
3.981071705534978e+01  3.798608976423651e+07  5.291696921952812e+13  -6.033366277655769e+14  9.961209361371760e-01  9.593714775387294e+05
6.309573444801942e+01  6.031401439200744e+07  8.729460853102275e+13  -9.957278347875658e+14  9.979429815520294e-01  9.585796879925150e+05
1.000000000000002e+02  9.568145832024845e+07  1.410339861391957e+14  -1.642525360350495e+15  9.988845281916222e-01  9.582080699089903e+05
1.584893192461116e+02  1.517203056356376e+08  2.256263055975460e+14  -2.706704087362088e+15  9.993812867444147e-01  9.580347292297964e+05
2.511886431509585e+02  2.405249799364832e+08  3.592477336700389e+14  -4.454939665619684e+15  9.996493620607098e-01  9.579539604142415e+05
3.981071705534980e+02  3.812628406728027e+08  5.706762815311485e+14  -7.323143248665731e+15  9.997973616737826e-01  9.579162793581804e+05
6.309573444801944e+02  6.043113506249484e+08  9.054990499126856e+14  -1.202318575946509e+16  9.998808692149574e-01  9.578986599505544e+05
1.000000000000002e+03  9.578149888533757e+08  1.435948921384549e+15  -1.971657466025449e+16  9.999289373455406e-01  9.578904006397168e+05
1.584893192461117e+03  1.518077203822963e+09  2.276493505957171e+15  -3.229689231278778e+16  9.999570959507221e-01  9.578865037455161e+05
2.511886431509585e+03  2.406030525687207e+09  3.608541398227130e+15  -5.284880833166686e+16  9.999738451132583e-01  9.578846624974827e+05
3.981071705534981e+03  3.813339847605989e+09  5.719596993339078e+15  -8.639359709107053e+16  9.999839271511791e-01  9.578838428965315e+05
6.309573444801947e+03  6.043773451767592e+09  9.065318970240884e+15  -1.410992818184796e+17  9.999900634827135e-01  9.578834411490462e+05
1.000000000000002e+04  9.578771448714869e+09  1.436787153783022e+16  -2.302438770745816e+17  9.999938268228715e-01  9.578832345169097e+05
1.584893192461117e+04  1.518136501275942e+10  2.277180668860707e+16  -3.753987033556389e+17  9.999961554373782e-01  9.578831043062990e+05
2.511886431509586e+04  2.406087663726916e+10  3.609110642297082e+16  -6.115873710853062e+17  9.999975924715253e-01  9.578830965353214e+05
3.981071705534983e+04  3.813395410153834e+10  5.720075429188313e+16  -9.956425393523716e+17  9.999984975577221e-01  9.578830666617046e+05
6.309573444801949e+04  6.043827783247333e+10  9.065725442208389e+16  -1.619736255520233e+18  9.999990530890246e-01  9.578830654749664e+05
1.000000000000003e+05  9.578824865508650e+10  1.436822242682440e+17  -2.633277041795595e+18  9.999994033862614e-01  9.578830550427105e+05
1.584893192461118e+05  1.518141766482170e+11  2.277211289917311e+17  -4.278332280697972e+18  9.999996236359640e-01  9.578830611834916e+05
2.511886431509587e+05  2.406092890796258e+11  3.609138227537361e+17  -6.946906631203474e+18  9.999997649056678e-01  9.578830657913690e+05
3.981071705534984e+05  3.813400577836564e+11  5.720099877485014e+17  -1.127352533790031e+19  9.999998526973124e-01  9.578830580424987e+05
6.309573444801952e+05  6.043832944488007e+11  9.065748427599967e+17  -1.828482668401454e+19  9.999999070581359e-01  9.578830580352695e+05
1.000000000000003e+06  9.578830018636779e+11  1.436824403899943e+18  -2.964117940477411e+19  9.999999413572805e-01  9.578830580355908e+05
1.258925411794167e-06
0.000000000000000e+00  2.607407650089613e-03  -2.003759861622241e+13  -2.003760050694850e+13  3.565391077342227e-04  1.719725575317480e+04
3.981071705534973e-03  6.846611615704209e+01  -2.003726867060690e+13  -2.003804772807945e+13  1.424365513798381e-02  3.015303321878477e+04
6.309573444801934e-03  1.536029670819692e+02  -2.003687139334225e+13  -2.003859574357996e+13  2.016984496088854e-02  4.273449513342459e+04
1.000000000000000e-02  3.446942017314679e+02  -2.003599142750051e+13  -2.003979849615236e+13  2.856594767321608e-02  6.048132314749490e+04
1.584893192461114e-02  7.725586239507802e+02  -2.003408698991207e+13  -2.004246859324447e+13  4.040410578833683e-02  8.531422194275426e+04
2.511886431509581e-02  1.726697307675514e+03  -2.002994437641503e+13  -2.004833635309569e+13  5.698583907248383e-02  1.197651714619985e+05
3.981071705534975e-02  3.841810859387065e+03  -2.002098690732314e+13  -2.006118398196868e+13  8.000686056504705e-02  1.669813852831161e+05
6.309573444801936e-02  8.492297729437267e+03  -2.000176982961828e+13  -2.008918737105854e+13  1.115951750334287e-01  2.306605330933123e+05
1.000000000000001e-01  1.860609132552024e+04  -1.996097248744386e+13  -2.014987732525818e+13  1.542751629071986e-01  3.147265949292555e+05
1.584893192461115e-01  4.028742924827329e+04  -1.987558735059509e+13  -2.028044015762576e+13  2.107779267693932e-01  4.225565939674114e+05
2.511886431509582e-01  8.590174736805464e+04  -1.970036732657762e+13  -2.055861613285562e+13  2.835750197078567e-01  5.554996288299832e+05
3.981071705534975e-01  1.795454876641963e+05  -1.935057047409399e+13  -2.114373556360696e+13  3.739794760390451e-01  7.104539391059605e+05
6.309573444801937e-01  3.657633847231138e+05  -1.867896767766937e+13  -2.235360525854762e+13  4.807049183728595e-01  8.767543841998836e+05
1.000000000000001e+00  7.212470955243025e+05  -1.745863274172612e+13  -2.479922981345368e+13  5.980890717664220e-01  1.034035958862710e+06
1.584893192461115e+00  1.366694177313225e+06  -1.540246590563417e+13  -2.960041913953033e+13  7.150813076984699e-01  1.155656139079509e+06
2.511886431509582e+00  2.475817178384427e+06  -1.224952927910534e+13  -3.869837667654336e+13  8.173425662276476e-01  1.222673881952750e+06
3.981071705534977e+00  4.290808115074169e+06  -7.854502336700276e+12  -5.529279235069729e+13  8.937694903652211e-01  1.240359072598768e+06
6.309573444801939e+00  7.172384867093639e+06  -2.094346118385721e+12  -8.452285148687162e+13  9.426501151407018e-01  1.233276935971635e+06
1.000000000000001e+01  1.170098885510228e+07  5.437154405702388e+12  -1.346653885291379e+14  9.703083759064574e-01  1.222114945373109e+06
1.584893192461115e+01  1.882246273744940e+07  1.572589928192020e+13  -2.192206649835744e+14  9.848357488699744e-01  1.214292000323371e+06
2.511886431509583e+01  3.005517418383505e+07  3.056379904587947e+13  -3.603679719232895e+14  9.922170415906709e-01  1.209980100757359e+06
3.981071705534978e+01  4.781314683726218e+07  5.286830310944328e+13  -5.945907769085140e+14  9.959437210735019e-01  1.207830449607563e+06
6.309573444801942e+01  7.592316866513176e+07  8.725503043545164e+13  -9.818407139623672e+14  9.978420787925645e-01  1.206804304721725e+06
1.000000000000002e+02  1.204487313841704e+08  1.410011622176059e+14  -1.620494531162578e+15  9.988257467200571e-01  1.206323181076751e+06
1.584893192461116e+02  1.909978760639541e+08  2.255984713644204e+14  -2.671769798978778e+15  9.993463740125812e-01  1.206099028017080e+06
2.511886431509585e+02  3.027966309182215e+08  3.592235821147978e+14  -4.399557318637162e+15  9.996283034765469e-01  1.205994709205698e+06
3.981071705534980e+02  4.799753082449225e+08  5.706548516914870e+14  -7.235354792764330e+15  9.997845081069935e-01  1.205946099025728e+06
6.309573444801944e+02  7.607768933660378e+08  9.054796357669978e+14  -1.188403847268888e+16  9.998729535913982e-01  1.205923401441212e+06
1.000000000000002e+03  1.205811712123871e+09  1.435931002850158e+15  -1.949603014295210e+16  9.999240303903085e-01  1.205912780522351e+06
1.584893192461117e+03  1.911140129398044e+09  2.276476732710326e+15  -3.194734264650907e+16  9.999540404820115e-01  1.205907743280235e+06
2.511886431509585e+03  3.029007185661275e+09  3.608525475360468e+15  -5.229479984997983e+16  9.999719353702080e-01  1.205905419624127e+06
3.981071705534981e+03  4.800704690510794e+09  5.719581635107214e+15  -8.551554366615270e+16  9.999827299446574e-01  1.205904310734865e+06
6.309573444801947e+03  7.608654260148698e+09  9.065304030585294e+15  -1.397076520771488e+17  9.999893115210839e-01  1.205903804021720e+06
1.000000000000002e+04  1.205895309256470e+10  1.436785699513642e+16  -2.280382839684984e+17  9.999933543102435e-01  1.205903544829842e+06
1.584893192461117e+04  1.911220053837097e+10  2.277179288822470e+16  -3.719030653650040e+17  9.999958591902403e-01  1.205903392566686e+06
2.511886431509586e+04  3.029084336015800e+10  3.609109238523131e+16  -6.060471500477759e+17  9.999974053336352e-01  1.205903368183929e+06
3.981071705534983e+04  4.800779821505148e+10  5.720074069972577e+16  -9.868618723313174e+17  9.999983797521563e-01  1.205903345196772e+06
6.309573444801949e+04  7.608727815602927e+10  9.065724070133123e+16  -1.605819828308851e+18  9.999989788011318e-01  1.205903331586429e+06
1.000000000000003e+05  1.205902547598568e+11  1.436822110787293e+17  -2.611220983104270e+18  9.999993567547657e-01  1.205903319333261e+06
1.584893192461118e+05  1.911227192002889e+11  2.277211149677993e+17  -4.243375775516833e+18  9.999995940593035e-01  1.205903326582135e+06
2.511886431509587e+05  3.029091426234783e+11  3.609138075731932e+17  -6.891504295573438e+18  9.999997460465432e-01  1.205903332704771e+06
3.981071705534984e+05  4.800786836373569e+11  5.720099744773526e+17  -1.118571854499019e+19  9.999998409460034e-01  1.205903323305905e+06
6.309573444801952e+05  7.608734822040952e+11  9.065748294918252e+17  -1.814566228791877e+19  9.999998996437837e-01  1.205903323288138e+06
1.000000000000003e+06  1.205903246930496e+12  1.436824390631774e+18  -2.942061869300852e+19  9.999999366791481e-01  1.205903323287670e+06
1.584893192461113e-06
0.000000000000000e+00  5.407663374192250e-03  -2.003759863570114e+13  -2.003760048535653e+13  4.387259891742966e-04  2.125915453997851e+04
3.981071705534973e-03  8.463962671503522e+01  -2.003727800594473e+13  -2.003803534311520e+13  1.398272583631945e-02  3.715422525943772e+04
6.309573444801934e-03  1.894508642489536e+02  -2.003689236315091e+13  -2.003856796068176e+13  1.975649750840061e-02  5.257864825089489e+04
1.000000000000000e-02  4.244228838246030e+02  -2.003603857540595e+13  -2.003973635341980e+13  2.793510899640297e-02  7.434130671297504e+04
1.584893192461114e-02  9.501824718376749e+02  -2.003419182614804e+13  -2.004232913340657e+13  3.946904341093963e-02  1.048166026024768e+05
2.511886431509581e-02  2.122400825142514e+03  -2.003017608087591e+13  -2.004802449031880e+13  5.563483457615675e-02  1.471451652551164e+05
3.981071705534975e-02  4.721674703504791e+03  -2.002149427443115e+13  -2.006048988299452e+13  7.810256009345631e-02  2.052551823199538e+05
6.309573444801936e-02  1.044095697606236e+04  -2.000286666499234e+13  -2.008765253199398e+13  1.089795652522478e-01  2.838004846156012e+05
1.000000000000001e-01  2.289427588069095e+04  -1.996330324721749e+13  -2.014651294280061e+13  1.507846145549871e-01  3.877846432880380e+05
1.584893192461115e-01  4.963591480777432e+04  -1.988042778794926e+13  -2.027315040897884e+13  2.062738589201076e-01  5.216301486720315e+05
2.511886431509582e-01  1.060172536811631e+05  -1.971011354070984e+13  -2.054305914584719e+13  2.779953171983705e-01  6.873583221301169e+05
3.981071705534975e-01  2.220662936799254e+05  -1.936938039419121e+13  -2.111118436351950e+13  3.674113322228122e-01  8.815584344304006e+05
6.309573444801937e-01  4.535373301157192e+05  -1.871318774775376e+13  -2.228720882735335e+13  4.734664135161382e-01  1.091402370013146e+06
1.000000000000001e+00  8.968972485844968e+05  -1.751591806263675e+13  -2.466811577975418e+13  5.907763333263149e-01  1.291686781164256e+06
1.584893192461115e+00  1.704713543494280e+06  -1.548792499048496e+13  -2.935159441944939e+13  7.084915022113326e-01  1.448594573022006e+06
2.511886431509582e+00  3.097205788713731e+06  -1.235942169018950e+13  -3.824696566475896e+13  8.121852812050965e-01  1.536883269675060e+06
3.981071705534977e+00  5.380797508998918e+06  -7.974391782160535e+12  -5.450951326180200e+13  8.902926907597710e-01  1.561547666795165e+06
6.309573444801939e+00  9.009643803851059e+06  -2.207491364671559e+12  -8.321244509288528e+13  9.405771309511523e-01  1.553298575308789e+06
1.000000000000001e+01  1.471321458037037e+07  5.340358521644684e+12  -1.325265235446091e+14  9.691582743159591e-01  1.539109788060179e+06
1.584893192461115e+01  2.368108761194678e+07  1.564713933320731e+13  -2.157790985035230e+14  9.842127000840512e-01  1.529016491119867e+06
2.511886431509583e+01  3.782426628995989e+07  3.050074293137888e+13  -3.548717866715077e+14  9.918772415098213e-01  1.523427750423346e+06
3.981071705534978e+01  6.018175215997884e+07  5.281763150854340e+13  -5.858465339043930e+14  9.957545237839217e-01  1.520638863985687e+06
6.309573444801942e+01  9.557126850237851e+07  8.721371678340423e+13  -9.679550455356215e+14  9.977341433030721e-01  1.519308218668693e+06
1.000000000000002e+02  1.516264065256725e+08  1.409667961260639e+14  -1.598465044210090e+15  9.987627546356546e-01  1.518684977503624e+06
1.584893192461116e+02  2.404430641290503e+08  2.255692316133983e+14  -2.636836775123663e+15  9.993089011007115e-01  1.518394969629418e+06
2.511886431509585e+02  3.811897429830375e+08  3.591981212366709e+14  -4.344176181342762e+15  9.996056705807854e-01  1.518260171582806e+06
3.981071705534980e+02  6.042447547440417e+08  5.706321800220314e+14  -7.147567507740918e+15  9.997706786845221e-01  1.518197435426108e+06
6.309573444801944e+02  9.577531991651175e+08  9.054590262017960e+14  -1.174489232926129e+16  9.998644296452562e-01  1.518168172405239e+06
1.000000000000002e+03  1.518018978893658e+09  1.435911917303898e+15  -1.927548674950096e+16  9.999187426043684e-01  1.518154496755117e+06
1.584893192461117e+03  2.405974947900836e+09  2.276458818429760e+15  -3.159779408884160e+16  9.999507460483429e-01  1.518148044405617e+06
2.511886431509585e+03  3.813286259996556e+09  3.608508377283828e+15  -5.174079246724151e+16  9.999698745557509e-01  1.518145075370493e+06
3.981071705534981e+03  6.043721326769081e+09  5.719565219981550e+15  -8.463749133261061e+16  9.999814389144628e-01  1.518143577455135e+06
6.309573444801947e+03  9.578720427676004e+09  9.065288025659408e+15  -1.383160234235469e+17  9.999885003478388e-01  1.518142944343393e+06
1.000000000000002e+04  1.518131474911584e+10  1.436784140565968e+16  -2.258326919444513e+17  9.999928445534145e-01  1.518142608966604e+06
1.584893192461117e+04  2.406082722823475e+10  2.277177787730774e+16  -3.684074284429057e+17  9.999955389659648e-01  1.518142450679655e+06
2.511886431509586e+04  3.813390475017228e+10  3.609107732437803e+16  -6.005069300846916e+17  9.999972033967937e-01  1.518142393055951e+06
3.981071705534983e+04  6.043822943172183e+10  5.720072572744918e+16  -9.780812063863848e+17  9.999982522579687e-01  1.518142380828390e+06
6.309573444801949e+04  9.578820030519597e+10  9.065722596054187e+16  -1.591903402167766e+18  9.999988986273070e-01  1.518142346869585e+06
1.000000000000003e+05  1.518141284866573e+11  1.436821968435019e+17  -2.589164925464751e+18  9.999993063952839e-01  1.518142332851355e+06
1.584893192461118e+05  2.406092402935163e+11  2.277210999488018e+17  -4.208419271407017e+18  9.999995621447078e-01  1.518142341201891e+06
2.511886431509587e+05  3.813400093586587e+11  3.609137913610902e+17  -6.836101961061955e+18  9.999997257107892e-01  1.518142349153132e+06
3.981071705534984e+05  6.043832468226891e+11  5.720099601304038e+17  -1.109791175315265e+19  9.999998282568963e-01  1.518142337900842e+06
6.309573444801952e+05  9.578829542384125e+11  9.065748151512093e+17  -1.800649789289545e+19  9.999998916379528e-01  1.518142337855069e+06
1.000000000000003e+06  1.518142234057261e+12  1.436824376291152e+18  -2.920005798231534e+19  9.999999316278144e-01  1.518142337854118e+06
1.995262314968880e-06
0.000000000000000e+00  1.119133642228321e-02  -2.003759865443711e+13  -2.003760046323725e+13  5.391644452494812e-04  2.631966093067468e+04
3.981071705534973e-03  1.047916443489969e+02  -2.003728710330982e+13  -2.003802317272196e+13  1.374630239418807e-02  4.582535757214231e+04
6.309573444801934e-03  2.339278828370681e+02  -2.003691279130234e+13  -2.003854072693032e+13  1.937243792914913e-02  6.473433427861449e+04
1.000000000000000e-02  5.230108265378502e+02  -2.003608450394579e+13  -2.003967555342512e+13  2.733910531564380e-02  9.141603174887307e+04
1.584893192461114e-02  1.169251369829060e+03  -2.003429398128045e+13  -2.004219285634695e+13  3.857470830124543e-02  1.288019704708909e+05
2.511886431509581e-02  2.609503960728028e+03  -2.003040202825632e+13  -2.004771996345254e+13  5.432988515152290e-02  1.807828684243232e+05
3.981071705534975e-02  5.803407779766813e+03  -2.002198964116058e+13  -2.005981225797417e+13  7.624742799832321e-02  2.522545837080107e+05
6.309573444801936e-02  1.283519332436675e+04  -2.000393941397899e+13  -2.008615371738860e+13  1.064114129097549e-01  3.490651088461241e+05
1.000000000000001e-01  2.816296526805574e+04  -1.996558802389616e+13  -2.014322507145956e+13  1.473313928655980e-01  4.775831062982458e+05
1.584893192461115e-01  6.112918861278058e+04  -1.988518638638931e+13  -2.026601775808452e+13  2.017844451272519e-01  6.435834988411817e+05
2.511886431509582e-01  1.307793446630394e+05  -1.971972890826718e+13  -2.052781181840947e+13  2.723917063439844e-01  8.500183663123403e+05
3.981071705534975e-01  2.745099760217980e+05  -1.938801774547473e+13  -2.107921315725989e+13  3.607645682999419e-01  1.093234286511797e+06
6.309573444801937e-01  5.620707333025475e+05  -1.874727138895410e+13  -2.222182945930277e+13  4.660842089248811e-01  1.357877180168616e+06
1.000000000000001e+00  1.114762840622824e+06  -1.757333802126234e+13  -2.453863680901920e+13  5.832586034573392e-01  1.612828476485241e+06
1.584893192461115e+00  2.125420865307890e+06  -1.557423305647040e+13  -2.910511467781068e+13  7.016606461932265e-01  1.815226669028881e+06
2.511886431509582e+00  3.873279474089998e+06  -1.247132473243654e+13  -3.779847534706945e+13  8.067951364713549e-01  1.931523355166567e+06
3.981071705534977e+00  6.746180023783119e+06  -8.097408617788030e+12  -5.372936611067614e+13  8.866326967108640e-01  1.965814228337459e+06
6.309573444801939e+00  1.131602206446989e+07  -2.324245873439241e+12  -8.190500600399731e+13  9.383835726532042e-01  1.956375130112852e+06
1.000000000000001e+01  1.849950721746410e+07  5.240120971634632e+12  -1.303902720858839e+14  9.679372514381518e-01  1.938357134279037e+06
1.584893192461115e+01  2.979264412871492e+07  1.556539335216518e+13  -2.123397785737034e+14  9.835497238892990e-01  1.925331981229025e+06
2.511886431509583e+01  4.760054025907891e+07  3.043517034721751e+13  -3.493775452291462e+14  9.915149584859075e-01  1.918084453831429e+06
3.981071705534978e+01  7.574896196886100e+07  5.276482551176508e+13  -5.771040079106601e+14  9.955524231527040e-01  1.914464011071876e+06
6.309573444801942e+01  1.203031707350957e+08  8.717055245882522e+13  -9.540709310708635e+14  9.976186320796639e-01  1.912737448542562e+06
1.000000000000002e+02  1.908734312134632e+08  1.409307823144535e+14  -1.576436995891419e+15  9.986952251301895e-01  1.911929643328583e+06
1.584893192461116e+02  3.026876977064887e+08  2.255384872698531e+14  -2.601905108715459e+15  9.992686682456781e-01  1.911554233262173e+06
2.511886431509585e+02  4.798777744021884e+08  3.591712563257496e+14  -4.288796344314330e+15  9.995813399502944e-01  1.911379965916825e+06
3.981071705534980e+02  7.606877540308963e+08  5.706081751070836e+14  -7.059781482598702e+15  9.997557966498557e-01  1.911298959874812e+06
6.309573444801944e+02  1.205728770966827e+09  9.054371346902515e+14  -1.160574741710858e+16  9.998552496099316e-01  1.911261212097632e+06
1.000000000000002e+03  1.911061778036163e+09  1.435891587628662e+15  -1.905494456713839e+16  9.999130444288028e-01  1.911243579298645e+06
1.584893192461117e+03  3.028932240505362e+09  2.276439656630120e+15  -3.124824672707399e+16  9.999471932044837e-01  1.911235345450439e+06
2.511886431509585e+03  4.800632301119372e+09  3.608490031556702e+15  -5.118678627152826e+16  9.999676511061121e-01  1.911231503934892e+06
3.981071705534981e+03  7.608583766221253e+09  5.719547664273459e+15  -8.375944017492173e+16  9.999800465585410e-01  1.911229532019477e+06
6.309573444801947e+03  1.205888400636073e+10  9.065270871665420e+15  -1.369243959426201e+17  9.999876252623233e-01  1.911228727474802e+06
1.000000000000002e+04  1.911213241331376e+10  1.436782471574552e+16  -2.236271010863345e+17  9.999922947011173e-01  1.911228294014015e+06
1.584893192461117e+04  3.029077633707969e+10  2.277176148524791e+16  -3.649117926808534e+17  9.999951926759779e-01  1.911228150156927e+06
2.511886431509586e+04  4.800773127540058e+10  3.609106110879334e+16  -5.949667112807135e+17  9.999969853988951e-01  1.911228040664011e+06
3.981071705534983e+04  7.608721238137448e+10  5.720070928791589e+16  -9.693005416129034e+17  9.999981143357758e-01  1.911228038225479e+06
6.309573444801949e+04  1.205901890796431e+11  9.065721011786562e+16  -1.577986977180859e+18  9.999988120975474e-01  1.911227977333093e+06
1.000000000000003e+05  1.911226538258839e+11  1.436821814625471e+17  -2.567108868962415e+18  9.999992520040910e-01  1.911227961990122e+06
1.584893192461118e+05  3.029090764855248e+11  2.277210838471276e+17  -4.173462768451734e+18  9.999995277036761e-01  1.911227971110117e+06
2.511886431509587e+05  4.800786177879613e+11  3.609137740487657e+17  -6.780699627752041e+18  9.999997037820819e-01  1.911227981264577e+06
3.981071705534984e+05  7.608734174621832e+11  5.720099446180940e+17  -1.101010496247342e+19  9.999998145547675e-01  1.911227967967947e+06
6.309573444801952e+05  1.205903182190769e+12  9.065747996525882e+17  -1.786733349903014e+19  9.999998829934338e-01  1.911227967846603e+06
1.000000000000003e+06  1.911227826748229e+12  1.436824360792539e+18  -2.897949727278021e+19  9.999999261735000e-01  1.911227967846581e+06
2.511886431509580e-06
0.000000000000000e+00  2.310881270320902e-02  -2.003759867237424e+13  -2.003760044128428e+13  6.617015889928268e-04  3.264058425911935e+04
3.981071705534973e-03  1.299676097548561e+02  -2.003729597299063e+13  -2.003801119373916e+13  1.353617636530407e-02  5.658481522148343e+04
6.309573444801934e-03  2.892262996486483e+02  -2.003693269348793e+13  -2.003851399893338e+13  1.901963142850747e-02  7.976574407982215e+04
1.000000000000000e-02  6.451151760059212e+02  -2.003612924229907e+13  -2.003961601490004e+13  2.678023524766825e-02  1.124730894055497e+05
1.584893192461114e-02  1.439760739197634e+03  -2.003439350199666e+13  -2.004205961176811e+13  3.772397306141555e-02  1.583221538472286e+05
2.511886431509581e-02  3.209628811595796e+03  -2.003062227989592e+13  -2.004742250238391e+13  5.307477167785384e-02  2.221264692105970e+05
3.981071705534975e-02  7.134046267864872e+03  -2.002247304518261e+13  -2.005915064583591e+13  7.444657291470921e-02  3.099788811189084e+05
6.309573444801936e-02  1.577767484309031e+04  -2.000498794643289e+13  -2.008469020841020e+13  1.038975931961791e-01  4.292157741561480e+05
1.000000000000001e-01  3.463648596857809e+04  -1.996782611193421e+13  -2.014001277370232e+13  1.439244302124259e-01  5.879276068209924e+05
1.584893192461115e-01  7.525656558034156e+04  -1.988986090608975e+13  -2.025904148060759e+13  1.973205205109604e-01  7.936324668235705e+05
2.511886431509582e-01  1.612499510414472e+05  -1.972920777099068e+13  -2.051287511771105e+13  2.667759514792388e-01  1.050557083730221e+06
3.981071705534975e-01  3.391593514602924e+05  -1.940647054932738e+13  -2.104782833771606e+13  3.540498520066496e-01  1.354928534976850e+06
6.309573444801937e-01  6.961950373620689e+05  -1.878119774093879e+13  -2.215748662772899e+13  4.585650776319784e-01  1.688473353644757e+06
1.000000000000001e+00  1.384829050337545e+06  -1.763086570179710e+13  -2.441083800302362e+13  5.755362655422321e-01  2.012872238121374e+06
1.584893192461115e+00  2.648760845474688e+06  -1.566137556691185e+13  -2.886106523395442e+13  6.945821452652090e-01  2.273890382229255e+06
2.511886431509582e+00  4.842126115423891e+06  -1.258527541354538e+13  -3.735303769722187e+13  8.011609368084796e-01  2.427058977914787e+06
3.981071705534977e+00  8.456022473018447e+06  -8.223672344968145e+12  -5.295251661529768e+13  8.827780305274978e-01  2.474604567355261e+06
6.309573444801939e+00  1.421077250165172e+07  -2.444792152560608e+12  -8.060070781775009e+13  9.360608212420435e-01  2.464062400357688e+06
1.000000000000001e+01  2.325829179176170e+07  5.136244143437878e+12  -1.282567963011214e+14  9.666399491210145e-01  2.441209169048814e+06
1.584893192461115e+01  3.747980046813428e+07  1.548047931263509e+13  -2.089028499688412e+14  9.828437516066082e-01  2.424397433508206e+06
2.511886431509583e+01  5.990217456510901e+07  3.036692241177889e+13  -3.438853768251486e+14  9.911284582659453e-01  2.414993606449005e+06
3.981071705534978e+01  9.534160618436822e+07  5.270974634558904e+13  -5.683633164894716e+14  9.953364222289777e-01  2.410290628767833e+06
6.309573444801942e+01  1.514339460033537e+08  8.712541352547036e+13  -9.401884799814754e+14  9.974949580722546e-01  2.408048907119983e+06
1.000000000000002e+02  2.402779902282615e+08  1.408930071146434e+14  -1.554410490091470e+15  9.986228051285704e-01  2.407001248224175e+06
1.584893192461116e+02  3.810447590558246e+08  2.255061316000596e+14  -2.566974899925800e+15  9.992254597105373e-01  2.406515015803740e+06
2.511886431509585e+02  6.041145144614946e+08  3.591428852953549e+14  -4.233417905231844e+15  9.995551783119273e-01  2.406289608518858e+06
3.981071705534980e+02  9.576338021103964e+08  5.705827380303512e+14  -6.971996813335847e+15  9.997397790699194e-01  2.406184967041993e+06
6.309573444801944e+02  1.517907578920960e+09  9.054138640731478e+14  -1.146660383104287e+16  9.998453615742839e-01  2.406136265709882e+06
1.000000000000002e+03  2.405869460884579e+09  1.435869922540042e+15  -1.883440368971882e+16  9.999069034865741e-01  2.406113519905617e+06
1.584893192461117e+03  3.813185157831250e+09  2.276419157747023e+15  -3.089870065558774e+16  9.999433617456390e-01  2.406102954781997e+06
2.511886431509585e+03  6.043623502383505e+09  3.608470380467287e+15  -5.063278135680649e+16  9.999652528585025e-01  2.406097975571029e+06
3.981071705534981e+03  9.578625063104465e+09  5.719528851539799e+15  -8.288139028474362e+16  9.999785444648958e-01  2.406095466935262e+06
6.309573444801947e+03  1.518122118305026e+10  9.065252495560646e+15  -1.355327697257428e+17  9.999866812988284e-01  2.406094398510396e+06
1.000000000000002e+04  2.406073489783307e+10  1.436780684684760e+16  -2.214215114841385e+17  9.999917015786867e-01  2.406093849339467e+06
1.584893192461117e+04  3.813381379568277e+10  2.277174359600744e+16  -3.614161581788967e+17  9.999948182539733e-01  2.406093731167945e+06
2.511886431509586e+04  6.043813863717474e+10  3.609104359739894e+16  -5.894264937289015e+17  9.999967499829147e-01  2.406093556890530e+06
3.981071705534983e+04  9.578811089920009e+10  5.720069135622351e+16  -9.605198781117093e+17  9.999979652528477e-01  2.406093558459491e+06
6.309573444801949e+04  1.518140392669694e+11  9.065719308338011e+16  -1.564070553438755e+18  9.999987187035145e-01  2.406093466033978e+06
1.000000000000003e+05  2.406091515339646e+11  1.436821648166359e+17  -2.545052813690096e+18  9.999991932488942e-01  2.406093450675895e+06
1.584893192461118e+05  3.813399196760208e+11  2.277210665682008e+17  -4.138506266741101e+18  9.999994905327515e-01  2.406093459436933e+06
2.511886431509587e+05  6.043831572998840e+11  3.609137555565281e+17  -6.725297295733111e+18  9.999996801341039e-01  2.406093472243101e+06
3.981071705534984e+05  9.578828662282623e+11  5.720099278390327e+17  -1.092229817304522e+19  9.999997997579843e-01  2.406093456785108e+06
6.309573444801952e+05  1.518142146052905e+12  9.065747829035846e+17  -1.772816910641521e+19  9.999998736593053e-01  2.406093456453126e+06
1.000000000000003e+06  2.406093264650995e+12  1.436824344043538e+18  -2.875893656449543e+19  9.999999202840720e-01  2.406093456453285e+06
3.162277660168380e-06
0.000000000000000e+00  4.760435602129880e-02  -2.003759868901922e+13  -2.003760041841002e+13  8.109356109122605e-04  4.055873076154374e+04
3.981071705534973e-03  1.615148112934029e+02  -2.003730462645398e+13  -2.003799938107836e+13  1.335442215688258e-02  6.996307337669494e+04
6.309573444801934e-03  3.581419380082284e+02  -2.003695208667659e+13  -2.003848773009021e+13  1.870026418993318e-02  9.838280796808528e+04
1.000000000000000e-02  7.966235026924456e+02  -2.003617282108189e+13  -2.003955765087427e+13  2.626096116589440e-02  1.384726651499726e+05
1.584893192461114e-02  1.774254825262544e+03  -2.003449044041014e+13  -2.004192923849988e+13  3.691981149642193e-02  1.946857468758325e+05
2.511886431509581e-02  3.949746573624493e+03  -2.003083691006166e+13  -2.004713181498580e+13  5.187331425483798e-02  2.729695383407603e+05
3.981071705534975e-02  8.771969199588588e+03  -2.002294455344997e+13  -2.005850453923447e+13  7.270510074937010e-02  3.808951042426899e+05
6.309573444801936e-02  1.939531286274419e+04  -2.000601219201898e+13  -2.008326118828927e+13  1.014449944042773e-01  5.276501922378250e+05
1.000000000000001e-01  4.259126488733143e+04  -1.997001691079538e+13  -2.013687491003836e+13  1.405728024032237e-01  7.234914203569873e+05
1.584893192461115e-01  9.261966261202481e+04  -1.989444924173959e+13  -2.025222046053398e+13  1.928933665904349e-01  9.781755535184233e+05
2.511886431509582e-01  1.987331013196907e+05  -1.973854451291712e+13  -2.049824932583580e+13  2.611607466476858e-01  1.297657264214867e+06
3.981071705534975e-01  4.188173120262623e+05  -1.942472640965088e+13  -2.101703528560423e+13  3.472793277875861e-01  1.678247920508128e+06
6.309573444801937e-01  8.618492153183521e+05  -1.881494434544934e+13  -2.209419872335015e+13  4.509176057718437e-01  2.098341211371537e+06
1.000000000000001e+00  1.719401036903957e+06  -1.768847064256747e+13  -2.428476418219549e+13  5.676113369014925e-01  2.510895569035965e+06
1.584893192461115e+00  3.299405535429528e+06  -1.574933283781171e+13  -2.861953353750880e+13  6.872502948006788e-01  2.847415454484460e+06
2.511886431509582e+00  6.051076988205944e+06  -1.270130718632257e+13  -3.691079087847490e+13  7.952714452664962e-01  3.049113190131859e+06
3.981071705534977e+00  1.059653756766886e+07  -8.353305494825071e+12  -5.217914080822181e+13  8.787166053503552e-01  3.114881155365249e+06
6.309573444801939e+00  1.784327489763693e+07  -2.569323337797772e+12  -7.929973654483848e+13  9.335996058834093e-01  3.103509072349966e+06
1.000000000000001e+01  2.923868156713651e+07  5.028516305780664e+12  -1.261262706207452e+14  9.652605575388973e-01  3.074563986381747e+06
1.584893192461115e+01  4.714816519216170e+07  1.539220131901502e+13  -2.054684686217981e+14  9.820914512308008e-01  3.052861383749758e+06
2.511886431509583e+01  7.538098299782562e+07  3.029582798344446e+13  -3.383954206783964e+14  9.907158600279909e-01  3.040652764391635e+06
3.981071705534978e+01  1.200001221855558e+08  5.265224453132348e+13  -5.596245862991384e+14  9.951054415383297e-01  3.034539435476363e+06
6.309573444801942e+01  1.906187287906910e+08  8.707816649388936e+13  -9.263078101665686e+14  9.973624864288171e-01  3.031626879833408e+06
1.000000000000002e+02  3.024685375981204e+08  1.408533480886696e+14  -1.532385638782586e+15  9.985451131121948e-01  3.030267286786826e+06
1.584893192461116e+02  4.796846490117660e+08  2.254720496024937e+14  -2.532046256757992e+15  9.991790424817668e-01  3.029637149982016e+06
2.511886431509585e+02  7.605137076965181e+08  3.591128981057376e+14  -4.178040969444214e+15  9.995270417527494e-01  3.029345440536395e+06
3.981071705534980e+02  1.205568737361103e+09  5.705557618109969e+14  -6.884213603521761e+15  9.997225363658241e-01  3.029210202427284e+06
6.309573444801944e+02  1.910912066422716e+09  9.053891075190760e+14  -1.132746167343702e+16  9.998347093616130e-01  3.029147349231449e+06
1.000000000000002e+03  3.028790152648281e+09  1.435846812194724e+15  -1.861386421862284e+16  9.999002842730593e-01  3.029118032741802e+06
1.584893192461117e+03  4.800495861576395e+09  2.276397240489137e+15  -3.054915597567320e+16  9.999392302654329e-01  3.029104369934226e+06
2.511886431509585e+03  7.608451527803645e+09  3.608449351697686e+15  -5.007877782330134e+16  9.999626664431237e-01  3.029097941835032e+06
3.981071705534981e+03  1.205875495249665e+10  5.719508629588605e+15  -8.200334176244237e+16  9.999769232702552e-01  3.029094838890427e+06
6.309573444801947e+03  1.911200566813485e+10  9.065232810238654e+15  -1.341411448710803e+17  9.999856630158485e-01  3.029093366469418e+06
1.000000000000002e+04  3.029065120488832e+10  1.436778768451481e+16  -2.192159232352762e+17  9.999910616252057e-01  3.029092682768106e+06
1.584893192461117e+04  4.800760781272007e+10  2.277172415912622e+16  -3.579205250438205e+17  9.999944136627434e-01  3.029092577843868e+06
2.511886431509586e+04  7.608708922704454e+10  3.609102466700977e+16  -5.838862775308856e+17  9.999964957350074e-01  3.029092332717354e+06
3.981071705534983e+04  1.205900675412945e+11  5.720067192333808e+16  -9.517392159882313e+17  9.999978042313246e-01  3.029092332106669e+06
6.309573444801949e+04  1.911225326337355e+11  9.065717475873955e+16  -1.550154131039411e+18  9.999986178955145e-01  3.029092204602040e+06
1.000000000000003e+05  3.029089559466032e+11  1.436821467613947e+17  -2.522996759749139e+18  9.999991297650312e-01  3.029092192094116e+06
1.584893192461118e+05  4.800784961507537e+11  2.277210480099626e+17  -4.103549766372706e+18  9.999994504122053e-01  3.029092197911115e+06
2.511886431509587e+05  7.608732957797623e+11  3.609137357941122e+17  -6.669894965101637e+18  9.999996546298373e-01  3.029092213898198e+06
3.981071705534984e+05  1.205903062545959e+12  5.720099096733516e+17  -1.083449138496859e+19  9.999997837773602e-01  3.029092196386580e+06
6.309573444801952e+05  1.911227707118969e+12  9.065747648044474e+17  -1.758900471515040e+19  9.999998635805456e-01  3.029092195478621e+06
1.000000000000003e+06  3.029091934753188e+12  1.436824325944406e+18  -2.853837585756079e+19  9.999999139248158e-01  3.029092195478511e+06
3.981071705534973e-06
0.000000000000000e+00  9.782217152871692e-02  -2.003759870372979e+13  -2.003760039361628e+13  9.923454752961904e-04  5.050970732710557e+04
3.981071705534973e-03  2.011805791023182e+02  -2.003731306147337e+13  -2.003798770737673e+13  1.320346310694830e-02  8.663521468664381e+04
6.309573444801934e-03  4.442589687203477e+02  -2.003697098744036e+13  -2.003846187014112e+13  1.841681181656107e-02  1.214828512590564e+05
1.000000000000000e-02  9.850105380026888e+02  -2.003621527244676e+13  -2.003950036811989e+13  2.578396982146482e-02  1.706193879668487e+05
1.584893192461114e-02  2.188530889554350e+03  -2.003458485236619e+13  -2.004180156388823e+13  3.616534969774082e-02  2.395246737458445e+05
2.511886431509581e-02  4.863594061238280e+03  -2.003104600493347e+13  -2.004684758656235e+13  5.072941051043125e-02  3.355376311881563e+05
3.981071705534975e-02  1.078979299028560e+04  -2.002340426137427e+13  -2.005787338416689e+13  7.102813235904130e-02  4.680519353951248e+05
6.309573444801936e-02  2.384525313788573e+04  -2.000701214183103e+13  -2.008186574175700e+13  9.906050415484982e-02  6.485535630502987e+05
1.000000000000001e-01  5.236835701341296e+04  -1.997215993271440e+13  -2.013381013583077e+13  1.372856746795142e-01  8.900173957178905e+05
1.584893192461115e-01  1.139587945235863e+05  -1.989894945226660e+13  -2.024555317517692e+13  1.885146199152845e-01  1.205064416390470e+06
2.511886431509582e-01  2.448308230465306e+05  -1.974773362776687e+13  -2.048393398944198e+13  2.555596187045356e-01  1.601970537914177e+06
3.981071705534975e-01  5.169254981060685e+05  -1.944277261289895e+13  -2.098683823919508e+13  3.404665780438657e-01  2.077446200540074e+06
6.309573444801937e-01  1.066331437202275e+06  -1.884848720313015e+13  -2.203198279240579e+13  4.431522811093734e-01  2.606136115564047e+06
1.000000000000001e+00  2.133634081045515e+06  -1.774611862513168e+13  -2.416045949696149e+13  5.594876864595109e-01  3.130492722535164e+06
1.584893192461115e+00  4.107852447886233e+06  -1.583807932478938e+13  -2.838060880983542e+13  6.796605223214102e-01  3.564199083376493e+06
2.511886431509582e+00  7.558908310393260e+06  -1.281944886592371e+13  -3.647187921947270e+13  7.891155337480270e-01  3.829748118684723e+06
3.981071705534977e+00  1.327528104474698e+07  -8.486432995929264e+12  -5.140942555479629e+13  8.744357480330045e-01  3.920532941969103e+06
6.309573444801939e+00  2.240058025653148e+07  -2.698043551486918e+12  -7.800229153512283e+13  9.309899660423516e-01  3.908906424893554e+06
1.000000000000001e+01  3.675336268525530e+07  4.916710550561961e+12  -1.239988827896838e+14  9.637927760337679e-01  3.872307011453881e+06
1.584893192461115e+01  5.930754984546956e+07  1.530034843363570e+13  -2.020368025804241e+14  9.812892028316862e-01  3.844287056776723e+06
2.511886431509583e+01  9.485682822605152e+07  3.022170257120411e+13  -3.329078268419531e+14  9.902751226940105e-01  3.828427762026403e+06
3.981071705534978e+01  1.510336939637111e+08  5.259215896123023e+13  -5.508879538470367e+14  9.948583117301174e-01  3.820475501771240e+06
6.309573444801942e+01  2.399406125195742e+08  8.702866752434250e+13  -9.124290487014569e+14  9.972205304006857e-01  3.816688682979346e+06
1.000000000000002e+02  3.807535389360924e+08  1.408116732999394e+14  -1.510362562675506e+15  9.984617367429379e-01  3.814923101176723e+06
1.584893192461116e+02  6.038570534085259e+08  2.254361173355511e+14  -2.497119295673736e+15  9.991291648539842e-01  3.814105971134804e+06
2.511886431509585e+02  9.574010439328059e+08  3.590811761408088e+14  -4.122665650580044e+15  9.994967748588088e-01  3.813728247850657e+06
3.981071705534980e+02  1.517692938322870e+09  5.705271315490175e+14  -6.796431964892736e+15  9.997039718745915e-01  3.813553376344538e+06
6.309573444801944e+02  2.405668148110802e+09  9.053627528794098e+14  -1.118832105479107e+16  9.998232325897924e-01  3.813472206113271e+06
1.000000000000002e+03  3.812993680481825e+09  1.435822138391032e+15  -1.839332626356020e+16  9.998931485419403e-01  3.813434432453840e+06
1.584893192461117e+03  6.043439306070786e+09  2.276373810219216e+15  -3.019961279597376e+16  9.999347753690965e-01  3.813416730148036e+06
2.511886431509585e+03  9.578446254781263e+09  3.608426848486308e+15  -4.952477577856101e+16  9.999598770562582e-01  3.813408445577212e+06
3.981071705534981e+03  1.518104647370050e+10  5.719486841836802e+15  -8.112529471814003e+16  9.999751730087063e-01  3.813404643925985e+06
6.309573444801947e+03  2.406056317048730e+10  9.065211689798602e+15  -1.327495214848503e+17  9.999845642983536e-01  3.813402629931879e+06
1.000000000000002e+04  3.813364419987861e+10  1.436776707004227e+16  -2.170103364462557e+17  9.999903708429698e-01  3.813401780603159e+06
1.584893192461117e+04  6.043797103058630e+10  2.277170315204903e+16  -3.544248933879104e+17  9.999939767756453e-01  3.813401638751306e+06
2.511886431509586e+04  9.578794384011722e+10  3.609100422594637e+16  -5.783460627963052e+17  9.999962211962355e-01  3.813401319165918e+06
3.981071705534983e+04  1.518138740496747e+11  5.720065096256100e+16  -9.429585553529600e+17  9.999976304115924e-01  3.813401313437831e+06
6.309573444801949e+04  2.406089869171014e+11  9.065715503667634e+16  -1.536237710088736e+18  9.999985090793523e-01  3.813401147461119e+06
1.000000000000003e+05  3.813397559382659e+11  1.436821271333564e+17  -2.500940707250482e+18  9.999990611566573e-01  3.813401142377461e+06
1.584893192461118e+05  6.043829922860062e+11  2.277210280623103e+17  -4.068593267452194e+18  9.999994071048529e-01  3.813401141058408e+06
2.511886431509587e+05  9.578827008624761e+11  3.609137146607766e+17  -6.614492635961837e+18  9.999996271208900e-01  3.813401160861274e+06
3.981071705534984e+05  1.518141983392261e+12  5.720098899703170e+17  -1.074668459835302e+19  9.999997665145889e-01  3.813401141965846e+06
6.309573444801952e+05  2.406093102032214e+12  9.065747452474739e+17  -1.744984032534344e+19  9.999998526977494e-01  3.813401139556909e+06
1.000000000000003e+06  3.813400785136608e+12  1.436824306387441e+18  -2.831781515208399e+19  9.999999070582442e-01  3.813401139557837e+06
5.011872336272724e-06
0.000000000000000e+00  2.004913998239068e-01  -2.003759871544117e+13  -2.003760036659057e+13  1.212438324437591e-03  6.306019388184361e+04
3.981071705534973e-03  2.512476148159822e+02  -2.003732129292203e+13  -2.003797614254402e+13  1.308614820912974e-02  1.074662298960914e+05
6.309573444801934e-03  5.521990272660667e+02  -2.003698941356613e+13  -2.003843636457772e+13  1.817212518841064e-02  1.502034486476170e+05
1.000000000000000e-02  1.219810958454534e+03  -2.003625662958911e+13  -2.003944406641048e+13  2.535224742539938e-02  2.104294604101679e+05
1.584893192461114e-02  2.702559014159961e+03  -2.003467679842140e+13  -2.004167640293253e+13  3.546393109831020e-02  2.948794634925605e+05
2.511886431509581e-02  5.993500952252416e+03  -2.003124966161934e+13  -2.004656947897896e+13  4.964708716946894e-02  4.125981849639225e+05
3.981071705534975e-02  1.327806524997687e+04  -2.002385229182220e+13  -2.005725657929780e+13  6.942083513911855e-02  5.752230606484162e+05
6.309573444801936e-02  2.932245105933751e+04  -2.000798784778604e+13  -2.008050285450215e+13  9.675101036178338e-02  7.970874270143544e+05
1.000000000000001e-01  6.438916004523238e+04  -1.997425481099430e+13  -2.013081689893959e+13  1.340722593349894e-01  1.094568520522142e+06
1.584893192461115e-01  1.401858620646397e+05  -1.990335978700414e+13  -2.023903768312976e+13  1.841961840332782e-01  1.483938333385483e+06
2.511886431509582e-01  3.015123958709761e+05  -1.975676978787078e+13  -2.046992787490152e+13  2.499868170221286e-01  1.976564604100907e+06
3.981071705534975e-01  6.377106251064893e+05  -1.946059625391782e+13  -2.095724016839512e+13  3.336265548804428e-01  2.570021826430458e+06
6.309573444801937e-01  1.318608298141951e+06  -1.888180087610301e+13  -2.197085426428857e+13  4.352815475660851e-01  3.234813325987236e+06
1.000000000000001e+00  2.646183882143291e+06  -1.780377150806211e+13  -2.403796699115189e+13  5.511712420048429e-01  3.900816579611829e+06
1.584893192461115e+00  5.111772944893486e+06  -1.592758285613840e+13  -2.814438159339937e+13  6.718096651801757e-01  4.459531398479261e+06
2.511886431509582e+00  9.438555305251088e+06  -1.293972339630156e+13  -3.603645309612908e+13  7.826823673379723e-01  4.809056415986430e+06
3.981071705534977e+00  1.662635675219058e+07  -8.623181314061240e+12  -5.064356904188912e+13  8.699222411277850e-01  4.934141557524500e+06
6.309573444801939e+00  2.811682073115940e+07  -2.831168202988217e+12  -7.670858645326697e+13  9.282212160413601e-01  4.923312705015212e+06
1.000000000000001e+01  4.619473073046747e+07  4.800583659700929e+12  -1.218748349871705e+14  9.622297712128195e-01  4.877127191102822e+06
1.584893192461115e+01  7.459866158894889e+07  1.520469335058687e+13  -1.986080330535246e+14  9.804330714084160e-01  4.840947727465851e+06
2.511886431509583e+01  1.193608792199647e+08  3.014434718550619e+13  -3.274227571249904e+14  9.898040304548883e-01  4.820333628278301e+06
3.981071705534978e+01  1.900896080962598e+08  5.252931589551255e+13  -5.421535663085324e+14  9.945937655227204e-01  4.809981594621295e+06
6.309573444801942e+01  3.020212474440777e+08  8.697676155353098e+13  -8.985523325866835e+14  9.970683468652808e-01  4.805054407166814e+06
1.000000000000002e+02  4.792973442682826e+08  1.407678405404262e+14  -1.488341391923805e+15  9.983722302869616e-01  4.802759998641720e+06
1.584893192461116e+02  7.601702060857733e+08  2.253982011937678e+14  -2.462194142270477e+15  9.990755548958618e-01  4.801699704253729e+06
2.511886431509585e+02  1.205257238600686e+09  3.590475914967927e+14  -4.067292071209198e+15  9.994642097794600e-01  4.801210320205302e+06
3.981071705534980e+02  1.910624004914267e+09  5.704967231093110e+14  -6.708652017998008e+15  9.996839811799947e-01  4.800984084870528e+06
6.309573444801944e+02  3.028519308197353e+09  9.053346800021706e+14  -1.104918209429223e+16  9.998108660970759e-01  4.800879205924814e+06
1.000000000000002e+03  4.800237709631153e+09  1.435795783863356e+15  -1.817278994300044e+16  9.998854555388792e-01  4.800830463598466e+06
1.584893192461117e+03  7.608202765689901e+09  2.276348746900581e+15  -2.985007123355610e+16  9.999299712158694e-01  4.800807626368108e+06
2.511886431509585e+03  1.205851311579534e+10  3.608402749799622e+15  -4.897077533863813e+16  9.999568683921981e-01  4.800796934346966e+06
3.981071705534981e+03  1.911176907194081e+10  5.719463366274881e+15  -8.024724927146202e+16  9.999732835009659e-01  4.800792191885768e+06
6.309573444801947e+03  3.029041847312772e+10  9.065188961404980e+15  -1.313578996831876e+17  9.999833782873148e-01  4.800789570498150e+06
1.000000000000002e+04  4.800737791259187e+10  1.436774480384548e+16  -2.148047512345028e+17  9.999896248024970e-01  4.800788498048875e+06
1.584893192461117e+04  7.608686169202780e+10  2.277168054068908e+16  -3.509292633291340e+17  9.999935052604511e-01  4.800788222840639e+06
2.511886431509586e+04  1.205898409049518e+11  3.609098219817274e+16  -5.728058496423487e+17  9.999959248256257e-01  4.800787823876431e+06
3.981071705534983e+04  1.911223080550358e+11  5.720062841949232e+16  -9.341778963226194e+17  9.999974428387163e-01  4.800787813684751e+06
6.309573444801949e+04  3.029087323546093e+11  9.065713380029318e+16  -1.522321290701250e+18  9.999983916127243e-01  4.800787605652941e+06
1.000000000000003e+05  4.800782736802374e+11  1.436821057783439e+17  -2.478884656315208e+18  9.999989870061050e-01  4.800787612995651e+06
1.584893192461118e+05  7.608730718742413e+11  2.277210066064765e+17  -4.033636770093902e+18  9.999993603546047e-01  4.800787600024086e+06
2.511886431509587e+05  1.205902837849754e+12  3.609136920451843e+17  -6.559090308426359e+18  9.999995974466864e-01  4.800787624374668e+06
3.981071705534984e+05  1.911227485951859e+12  5.720098685323990e+17  -1.065887781331851e+19  9.999997478604067e-01  4.800787605943027e+06
6.309573444801952e+05  3.029091713696315e+12  9.065747241163502e+17  -1.731067593711061e+19  9.999998409467683e-01  4.800787599953492e+06
1.000000000000003e+06  4.800787118169635e+12  1.436824285256334e+18  -2.809725444818133e+19  9.999998996438858e-01  4.800787599952515e+06
6.309573444801935e-06
0.000000000000000e+00  4.097948361028383e-01  -2.003759872243921e+13  -2.003760033517605e+13  1.478915713090871e-03  7.895161956745680e+04
3.981071705534973e-03  3.147219825953154e+02  -2.003732934216365e+13  -2.003796465317283e+13  1.300593483923057e-02  1.335619078818362e+05
6.309573444801934e-03  6.879602684691106e+02  -2.003700737987768e+13  -2.003841115387283e+13  1.796953878678247e-02  1.859944042902364e+05
1.000000000000000e-02  1.513251230621717e+03  -2.003629692719080e+13  -2.003938863753801e+13  2.496917323317165e-02  2.598180232847198e+05
1.584893192461114e-02  3.341691970094849e+03  -2.003476634187651e+13  -2.004155355709639e+13  3.481919682955707e-02  3.633089504620724e+05
2.511886431509581e-02  7.392760612634992e+03  -2.003144798703846e+13  -2.004629712938371e+13  4.863056674030236e-02  5.076005013922913e+05
3.981071705534975e-02  1.635000147941133e+04  -2.002428879297872e+13  -2.005665347483361e+13  6.788847031453518e-02  7.070881947814357e+05
6.309573444801936e-02  3.606928787105841e+04  -2.000893942214966e+13  -2.007917141232046e+13  9.452341804562985e-02  9.796263665343450e+05
1.000000000000001e-01  7.917519158899153e+04  -1.997630130260261e+13  -2.012789343803654e+13  1.309417888258007e-01  1.345839989957138e+06
1.584893192461115e-01  1.724254376771810e+05  -1.990767870920734e+13  -2.023267161490141e+13  1.799501495850298e-01  1.826638080983744e+06
2.511886431509582e-01  3.712003276471649e+05  -1.976564791142111e+13  -2.045622892942085e+13  2.444571955348947e-01  2.437473920321980e+06
3.981071705534975e-01  7.863652023449137e+05  -1.947818436789304e+13  -2.092824265557707e+13  3.267754821929925e-01  3.177451437162703e+06
6.309573444801937e-01  1.629695186351065e+06  -1.891485863733286e+13  -2.191082667342048e+13  4.273198211521311e-01  4.012601376895109e+06
1.000000000000001e+00  3.280004576136183e+06  -1.786138713948076e+13  -2.391732812090166e+13  5.426701770983809e-01  4.857857676094311e+06
1.584893192461115e+00  6.357667295602776e+06  -1.601780389741675e+13  -2.791094320234025e+13  6.636962538163488e-01  5.577226685447562e+06
2.511886431509582e+00  1.178045530541838e+07  -1.306214643094475e+13  -3.560466869949664e+13  7.759616258123891e-01  6.037137002894703e+06
3.981071705534977e+00  2.081686576852513e+07  -8.763677346220388e+12  -4.988178121746181e+13  8.651623881790180e-01  6.209191841920229e+06
6.309573444801939e+00  3.528493834895013e+07  -2.968924152598991e+12  -7.541885029845441e+13  9.252819143168537e-01  6.200948820323849e+06
1.000000000000001e+01  5.805509147374701e+07  4.679874955552438e+12  -1.197543450394522e+14  9.605641327626273e-01  6.142805502921656e+06
1.584893192461115e+01  9.382660489214423e+07  1.510499099520368e+13  -1.951823555544110e+14  9.795187773026700e-01  6.096088598147568e+06
2.511886431509583e+01  1.501899783715276e+08  3.006354700683777e+13  -3.219403861001992e+14  9.893001756591725e-01  6.069277574758922e+06
3.981071705534978e+01  2.392404861405034e+08  5.246352785821376e+13  -5.334215824192837e+14  9.943104288445009e-01  6.055791083682008e+06
6.309573444801942e+01  3.801599998574262e+08  8.692228135297959e+13  -8.846778095612396e+14  9.969051314384719e-01  6.049375084005684e+06
1.000000000000002e+02  6.033415277536651e+08  1.407216964824463e+14  -1.466322266887439e+15  9.982761118073817e-01  6.046391251596560e+06
1.584893192461116e+02  9.569423919455848e+08  2.253581571281818e+14  -2.427270932013942e+15  9.990179187865984e-01  6.045014503463865e+06
2.511886431509585e+02  1.517275771436883e+09  3.590120062614596e+14  -4.011920363556308e+15  9.994291652211025e-01  6.044380063508143e+06
3.981071705534980e+02  2.405281316671885e+09  5.704644025616337e+14  -6.620873892910120e+15  9.996624515230754e-01  6.044087214580058e+06
6.309573444801944e+02  3.812629102293951e+09  9.053047568749249e+14  -1.091004492055334e+16  9.997975393159693e-01  6.043951656393627e+06
1.000000000000002e+03  6.043091111154588e+09  1.435767625647787e+15  -1.795225538459083e+16  9.998771613844533e-01  6.043888682315197e+06
1.584893192461117e+03  9.578110168410017e+09  2.276321906720547e+15  -2.950053141517866e+16  9.999247894931478e-01  6.043859338616938e+06
2.511886431509585e+03  1.518071931532311e+10  3.608376906388720e+15  -4.841677662937078e+16  9.999536224949022e-01  6.043845544363123e+06
3.981071705534981e+03  2.406024268466673e+10  5.719438114552067e+15  -7.936920555060235e+16  9.999712442404052e-01  6.043839412915175e+06
6.309573444801947e+03  3.813332871112406e+10  9.065164427626450e+15  -1.299662795938086e+17  9.999820975328932e-01  6.043836180995619e+06
1.000000000000002e+04  6.043765929465387e+10  1.436772067857313e+16  -2.125991677296182e+17  9.999888187828366e-01  6.043834794434016e+06
1.584893192461117e+04  9.578763495758430e+10  2.277165626136850e+16  -3.474336349922972e+17  9.999929965212409e-01  6.043834260795490e+06
2.511886431509586e+04  1.518135665592071e+11  3.609095850031662e+16  -5.672656381940438e+17  9.999956049536568e-01  6.043833774327732e+06
3.981071705534983e+04  2.406086816774685e+11  5.720060421316704e+16  -9.253972390214691e+17  9.999972404589782e-01  6.043833762273218e+06
6.309573444801949e+04  3.813394522577886e+11  9.065711092205109e+16  -1.508404873000818e+18  9.999982648011687e-01  6.043833508564815e+06
1.000000000000003e+05  6.043826899605177e+11  1.436820825771516e+17  -2.456828607074128e+18  9.999989068810624e-01  6.043833532112058e+06
1.584893192461118e+05  9.578823969887391e+11  2.277209835143617e+17  -3.998680274421545e+18  9.999993098850015e-01  6.043833504180680e+06
2.511886431509587e+05  1.518141678123537e+12  3.609136678250898e+17  -6.503687982617042e+18  9.999995654335527e-01  6.043833533954855e+06
3.981071705534984e+05  2.406092801263697e+12  5.720098451183300e+17  -1.057107102999757e+19  9.999997276946082e-01  6.043833519313822e+06
6.309573444801952e+05  3.813400484641578e+12  9.065747012855011e+17  -1.717151155057749e+19  9.999998282583502e-01  6.043833506207212e+06
1.000000000000003e+06  6.043832851292030e+12  1.436824262425519e+18  -2.787669374597837e+19  9.999998916380486e-01  6.043833506209143e+06
7.943282347242818e-06
0.000000000000000e+00  8.352030646457165e-01  -2.003759872188500e+13  -2.003760029635412e+13  1.800859468309948e-03  9.915976953050435e+04
3.981071705534973e-03  3.955972966605351e+02  -2.003733717892809e+13  -2.003795320176221e+13  1.296701536526086e-02  1.663816165404935e+05
6.309573444801934e-03  8.593841631114751e+02  -2.003702490330650e+13  -2.003838617247581e+13  1.781300549874953e-02  2.307109901078371e+05
1.000000000000000e-02  1.881101737322952e+03  -2.003633619715375e+13  -2.003933396402194e+13  2.463863411092309e-02  3.212135046641610e+05
1.584893192461114e-02  4.138268837956407e+03  -2.003485354813230e+13  -2.004143281271527e+13  3.423518577480029e-02  4.480321516992218e+05
2.511886431509581e-02  9.128725928919383e+03  -2.003164109566008e+13  -2.004603014838944e+13  4.768435175167219e-02  6.248548046156134e+05
3.981071705534975e-02  2.014759128299809e+04  -2.002471393644814e+13  -2.005606337074062e+13  6.643645749117953e-02  8.694624563445317e+05
6.309573444801936e-02  4.438783145140955e+04  -2.000986703498906e+13  -2.007787019974320e+13  9.238468463068161e-02  1.204055321337073e+06
1.000000000000001e-01  9.737306809075530e+04  -1.997829929134174e+13  -2.012503778098741e+13  1.279035064114240e-01  1.654548592273923e+06
1.584893192461115e-01  2.120662418401901e+05  -1.991190491400498e+13  -2.022645216581148e+13  1.757887272984455e-01  2.247719145980419e+06
2.511886431509582e-01  4.568773411488992e+05  -1.977436322669832e+13  -2.044283424830424e+13  2.389860933061238e-01  3.004377474210715e+06
3.981071705534975e-01  9.692711331546336e+05  -1.949552407592195e+13  -2.089984578552755e+13  3.199307336336833e-01  3.926091068284797e+06
6.309573444801937e-01  2.013124758109894e+06  -1.894763266626553e+13  -2.185191138108464e+13  4.192834645009821e-01  4.974194530727733e+06
1.000000000000001e+00  4.063328648400974e+06  -1.791891934455685e+13  -2.379858223410779e+13  5.339950689457978e-01  6.046008198595331e+06
1.584893192461115e+00  7.902895964714004e+06  -1.610869483015756e+13  -2.768038506842300e+13  6.553208117002494e-01  6.971628477709112e+06
2.511886431509582e+00  1.469666254708110e+07  -1.318672475986982e+13  -3.517668766803032e+13  7.689437633804967e-01  7.576537985958824e+06
3.981071705534977e+00  2.605488933165920e+07  -8.908047021192416e+12  -4.912428415822463e+13  8.601421073774960e-01  7.812835846799192e+06
6.309573444801939e+00  4.427129303367975e+07  -3.111549704258299e+12  -7.413332845926445e+13  9.221598397664298e-01  7.810084870838071e+06
1.000000000000001e+01  7.295193782236280e+07  4.554305106478994e+12  -1.176376477300683e+14  9.587878270905518e-01  7.737098643106378e+06
1.584893192461115e+01  1.180029186330795e+08  1.500097697217447e+13  -1.917599811500166e+14  9.785416637599491e-01  7.676776962553211e+06
2.511886431509583e+01  1.889749625787962e+08  2.997906999469441e+13  -3.164609022047988e+14  9.887609411238903e-01  7.641883941327234e+06
3.981071705534978e+01  3.010939928778162e+08  5.239459243444016e+13  -5.246921734473314e+14  9.940068111034869e-01  7.624299590492250e+06
6.309573444801942e+01  4.785090409295279e+08  8.686504647886022e+13  -8.708056389856941e+14  9.967300131138903e-01  7.615938006068041e+06
1.000000000000002e+02  7.594834414296907e+08  1.406730757532609e+14  -1.444305338959330e+15  9.981728601049005e-01  7.612054574739250e+06
1.584893192461116e+02  1.204644370442725e+09  2.253158297866675e+14  -2.392349811030844e+15  9.989559390067034e-01  7.610265652935293e+06
2.511886431509585e+02  1.910064947784275e+09  3.589742716921946e+14  -3.956550670272474e+15  9.993914453505495e-01  7.609442634747100e+06
3.981071705534980e+02  3.027999537172915e+09  5.704300255884624e+14  -6.533097729979504e+15  9.996392611482274e-01  7.609063339633537e+06
6.309573444801944e+02  4.799746716516760e+09  9.052728413967150e+14  -1.077090967240930e+16  9.997831760985775e-01  7.608888026912027e+06
1.000000000000002e+03  7.607732926861409e+09  1.435737523881759e+15  -1.773172272598596e+16  9.998682182914408e-01  7.608806692167860e+06
1.584893192461117e+03  1.205805888740651e+10  2.276293138196212e+15  -2.915099347825656e+16  9.999191998221857e-01  7.608768938866944e+06
2.511886431509585e+03  1.911132637673056e+10  3.608349149448040e+15  -4.786277978767115e+16  9.999501198786842e-01  7.608751217625163e+06
3.981071705534981e+03  3.028998428204892e+10  5.719410994982144e+15  -7.849116369220557e+16  9.999690438762960e-01  7.608743092049773e+06
6.309573444801947e+03  4.800695014826152e+10  9.065137914862612e+15  -1.285746613564021e+17  9.999807143182273e-01  7.608739195748879e+06
1.000000000000002e+04  7.608643886039058e+10  1.436769453106728e+16  -2.103935860730953e+17  9.999879479787317e-01  7.608737385066439e+06
1.584893192461117e+04  1.205894215997921e+11  2.277163021625457e+16  -3.439380085105686e+17  9.999924476737116e-01  7.608736485849600e+06
2.511886431509586e+04  1.911218908223713e+11  3.609093302952659e+16  -5.617254285851719e+17  9.999952597541719e-01  7.608735896825058e+06
3.981071705534983e+04  3.029083175255724e+11  5.720057823947188e+16  -9.166165835825533e+17  9.999970221177346e-01  7.608735886320431e+06
6.309573444801949e+04  4.800778612413053e+11  9.065708626216352e+16  -1.494488457121446e+18  9.999981278933027e-01  7.608735583650087e+06
1.000000000000003e+05  7.608726609838947e+11  1.436820574349184e+17  -2.434772559667128e+18  9.999988203271231e-01  7.608735625526659e+06
1.584893192461118e+05  1.205902425373422e+12  2.277209586477969e+17  -3.963723780568966e+18  9.999992553975862e-01  7.608735580618760e+06
2.511886431509587e+05  1.911227071280556e+12  3.609136418668980e+17  -6.448285658665699e+18  9.999995308937492e-01  7.608735616835760e+06
3.981071705534984e+05  3.029091304601222e+12  5.720098195007969e+17  -1.048326424853621e+19  9.999997058910449e-01  7.608735609863877e+06
6.309573444801952e+05  4.800786709689863e+12  9.065746766193151e+17  -1.703234716587969e+19  9.999998145577056e-01  7.608735585618899e+06
1.000000000000003e+06  7.608734695354396e+12  1.436824237759399e+18  -2.765613304561073e+19  9.999998829935433e-01  7.608735585618280e+06
1.000000000000000e-05
0.000000000000000e+00  1.697122848968490e+00  -2.003759870927595e+13  -2.003760024583921e+13  2.188937506237194e-03  1.249758002085089e+05
3.981071705534973e-03  4.992348670959011e+02  -2.003734485272657e+13  -2.003794174569503e+13  1.297449986930958e-02  2.077806169842593e+05
6.309573444801934e-03  1.076805522445143e+03  -2.003704199756531e+13  -2.003836134749966e+13  1.770727086346114e-02  2.867400954532540e+05
1.000000000000000e-02  2.343837735705577e+03  -2.003637447331359e+13  -2.003927991742719e+13  2.436517231883870e-02  3.977082210267574e+05
1.584893192461114e-02  5.133758432637221e+03  -2.003493848348615e+13  -2.004131393888634e+13  3.371645858372138e-02  5.531127276661401e+05
2.511886431509581e-02  1.128688014243800e+04  -2.003182910873668e+13  -2.004576811758543e+13  4.681333015112259e-02  7.697624460351982e+05
3.981071705534975e-02  2.484951589235402e+04  -2.002512791425471e+13  -2.005548551413731e+13  6.507045913468215e-02  1.069588247071101e+06
6.309573444801936e-02  5.465554381323724e+04  -2.001077091041809e+13  -2.007659789777468e+13  9.034187535402717e-02  1.480144782295874e+06
1.000000000000001e-01  1.197861780237235e+05  -1.998024878570154e+13  -2.012224774294702e+13  1.249666778122457e-01  2.033919878879043e+06
1.584893192461115e-01  2.608258434318508e+05  -1.991603734225629e+13  -2.022037609051279e+13  1.717241983341131e-01  2.765089793578886e+06
2.511886431509582e-01  5.622198464752960e+05  -1.978291133115731e+13  -2.042974004823547e+13  2.335892199320236e-01  3.701446272506710e+06
3.981071705534975e-01  1.194276928288338e+06  -1.951260273559143e+13  -2.087204804621310e+13  3.131106917903024e-01  4.848284899658821e+06
6.309573444801937e-01  2.485524781568713e+06  -1.898009428961397e+13  -2.179411730256016e+13  4.111907193368807e-01  6.162216756439255e+06
1.000000000000001e+00  5.030871194666985e+06  -1.797631801961579e+13  -2.368176601780716e+13  5.251590158885691e-01  7.519974967087634e+06
1.584893192461115e+00  9.818172746207455e+06  -1.620019930074177e+13  -2.745279798004305e+13  6.466861556556298e-01  8.710071411535619e+06
2.511886431509582e+00  1.832590942516956e+07  -1.331345458094116e+13  -3.475267656285734e+13  7.616203071551204e-01  9.505288763909062e+06
3.981071705534977e+00  3.259936099427442e+07  -9.056413547693795e+12  -4.837131233749857e+13  8.548470597649305e-01  9.829345124184985e+06
6.309573444801939e+00  5.553384233145581e+07  -3.259294390405705e+12  -7.285228379189916e+13  9.188419780555348e-01  9.836669958955685e+06
1.000000000000001e+01  9.165956283116692e+07  4.423574912800977e+12  -1.155249962107649e+14  9.568921493710431e-01  9.745372345964644e+06
1.584893192461115e+01  1.483983087425899e+08  1.489236591281727e+13  -1.883411378259837e+14  9.774966616655792e-01  9.667493126767948e+06
2.511886431509583e+01  2.377665068661829e+08  2.989066531276288e+13  -3.109845089448984e+14  9.881834800255734e-01  9.622052333204506e+06
3.981071705534978e+01  3.789308001946663e+08  5.232229093540545e+13  -5.159655242531526e+14  9.936812944599404e-01  9.599105537402907e+06
6.309573444801942e+01  6.022936316718665e+08  8.680486215310136e+13  -8.569359928018599e+14  9.965420484124662e-01  9.588198757203013e+06
1.000000000000002e+02  9.560267626464591e+08  1.406217999412926e+14  -1.422290771461644e+15  9.980619113903612e-01  9.583140358948536e+06
1.584893192461116e+02  1.516456227987180e+09  2.252710516085904e+14  -2.357430936965900e+15  9.988892723802316e-01  9.580814127586655e+06
2.511886431509585e+02  2.404531619030280e+09  3.589342273413076e+14  -3.901183145269842e+15  9.993508386092854e-01  9.579745758505303e+06
3.981071705534980e+02  3.811930312785330e+09  5.703934363727517e+14  -6.445323680655263e+15  9.996142785385654e-01  9.579254204129744e+06
6.309573444801944e+02  6.042429556071569e+09  9.052387816829990e+14  -1.063177649968165e+16  9.997676943296152e-01  9.579027341192579e+06
1.000000000000002e+03  9.577475941990089e+09  1.435705322991702e+15  -1.751119211590000e+16  9.998585744556401e-01  9.578922301187530e+06
1.584893192461117e+03  1.518010521786529e+10  2.276262296312004e+15  -2.880145757124362e+16  9.999131700151863e-01  9.578873539462391e+06
2.511886431509585e+03  2.405964348764828e+10  3.608319317874724e+15  -4.730878496214723e+16  9.999463399763460e-01  9.578850837662086e+06
3.981071705534981e+03  3.813274040994360e+10  5.719381885622107e+15  -7.761312384250640e+16  9.999666698529516e-01  9.578840083700119e+06
6.309573444801947e+03  6.043707922240427e+10  9.065109300557228e+15  -1.271830451215914e+17  9.999792207907391e-01  9.578835319184331e+06
1.000000000000002e+04  9.578706129347273e+10  1.436766625843210e+16  -2.081880064167678e+17  9.999870075273666e-01  9.578832974685417e+06
1.584893192461117e+04  1.518129973516541e+11  2.277160227164098e+16  -3.404423840271242e+17  9.999918555248730e-01  9.578831655564802e+06
2.511886431509586e+04  2.406081154756786e+11  3.609090566001334e+16  -5.561852209594572e+17  9.999948872294538e-01  9.578830933997918e+06
3.981071705534983e+04  3.813388885492875e+11  5.720055037377955e+16  -9.078359301488801e+17  9.999967865558431e-01  9.578830927535968e+06
6.309573444801949e+04  6.043821298189076e+11  9.065705966582749e+16  -1.480572043208186e+18  9.999979800749739e-01  9.578830574207764e+06
1.000000000000003e+05  9.578818385170830e+11  1.436820302531936e+17  -2.412716514243298e+18  9.999987268542521e-01  9.578830634586025e+06
1.584893192461118e+05  1.518141118139140e+12  2.277209318577135e+17  -3.928767288680930e+18  9.999991965700679e-01  9.578830571258407e+06
2.511886431509587e+05  2.406092238071144e+12  3.609136140251032e+17  -6.392883336714958e+18  9.999994936243828e-01  9.578830615096029e+06
3.981071705534984e+05  3.813399928134107e+12  5.720097915369368e+17  -1.039545746909265e+19  9.999996823231957e-01  9.578830618789591e+06
6.309573444801952e+05  6.043832296022513e+12  9.065746499713494e+17  -1.689318278316360e+19  9.999997997640824e-01  9.578830580358444e+06
1.000000000000003e+06  9.578829370171922e+12  1.436824211111565e+18  -2.743557234722480e+19  9.999998736594163e-01  9.578830580355117e+06
1.258925411794167e-05
0.000000000000000e+00  3.437708282640046e+00  -2.003759867752748e+13  -2.003760017684844e+13  2.655629293310816e-03  1.581167526952726e+05
3.981071705534973e-03  6.329117496666069e+02  -2.003735233394495e+13  -2.003793023587349e+13  1.303476023427644e-02  2.602198651960261e+05
6.309573444801934e-03  1.353970163048765e+03  -2.003705867703157e+13  -2.003833659699863e+13  1.765809437279172e-02  3.571682700757954e+05
1.000000000000000e-02  2.928238370271544e+03  -2.003641178668556e+13  -2.003922635616516e+13  2.415416744808543e-02  4.932580041514979e+05
1.584893192461114e-02  6.381650714548970e+03  -2.003502121366199e+13  -2.004119668469767e+13  3.326825202145636e-02  6.837001992422767e+05
2.511886431509581e-02  1.397623096434414e+04  -2.003201215131581e+13  -2.004551058618855e+13  4.602290574749147e-02  9.491131515914556e+05
3.981071705534975e-02  3.068147967156469e+04  -2.002553093514909e+13  -2.005491909558679e+13  6.379648776395555e-02  1.316508025035697e+06
6.309573444801936e-02  6.734550991168359e+04  -2.001165132237424e+13  -2.007535308038651e+13  8.840224113995630e-02  1.820025211379357e+06
1.000000000000001e-01  1.474150155943637e+05  -1.998214991605303e+13  -2.011952092351609e+13  1.221406256641382e-01  2.500299438470968e+06
1.584893192461115e-01  3.208322652155776e+05  -1.992007518920527e+13  -2.021443969835009e+13  1.677688859833620e-01  3.400806020234962e+06
2.511886431509582e-01  6.917649239970747e+05  -1.979128824208668e+13  -2.041694164584086e+13  2.282825526595476e-01  4.558372845667612e+06
3.981071705534975e-01  1.471042151528709e+06  -1.952940809039648e+13  -2.084484624150337e+13  3.063345960767598e-01  5.983731136923710e+06
6.309573444801937e-01  3.067332078730594e+06  -1.901221425579773e+13  -2.173745064539277e+13  4.030615992090435e-01  7.629011081012385e+06
1.000000000000001e+00  6.225311547313597e+06  -1.803352932119084e+13  -2.356691292262368e+13  5.161777158825626e-01  9.347127556168122e+06
1.584893192461115e+00  1.219062555713309e+07  -1.629225167519091e+13  -2.722827121554192e+13  6.377976864121877e-01  1.087590158170385e+07
2.511886431509582e+00  2.283982855142227e+07  -1.344231966254531e+13  -3.433280616417420e+13  7.539841920445323e-01  1.192063610409136e+07
3.981071705534977e+00  4.077226347070181e+07  -9.208895307953248e+12  -4.762311276040338e+13  8.492628134497943e-01  1.236441734149302e+07
6.309573444801939e+00  6.964474719963579e+07  -3.412418453188095e+12  -7.157599770368067e+13  9.153145219841208e-01  1.238889448081771e+07
1.000000000000001e+01  1.151485756828302e+08  4.287364118855695e+12  -1.134166635150458e+14  9.548676749237245e-01  1.227517939627637e+07
1.584893192461115e+01  1.866087777914540e+08  1.477884966792967e+13  -1.849260719764544e+14  9.763782511722114e-01  1.217465489197542e+07
2.511886431509583e+01  2.991429672855051e+08  2.979806163298690e+13  -3.055114262128633e+14  9.875646939177416e-01  1.211543929455223e+07
3.981071705534978e+01  4.768780685701227e+08  5.224638695543808e+13  -5.072418344459024e+14  9.933321220445057e-01  1.208546785691113e+07
6.309573444801942e+01  7.580892566587123e+08  8.674151801505219e+13  -8.430690565757852e+14  9.963402149515198e-01  1.207122823103308e+07
1.000000000000002e+02  1.203422629273923e+09  1.405676764858066e+14  -1.400278740616939e+15  9.979426556423293e-01  1.206463366262439e+07
1.584893192461116e+02  1.908968242771312e+09  2.252236418066015e+14  -2.322514479909637e+15  9.988175479382709e-01  1.206160634800174e+07
2.511886431509585e+02  3.026993554541796e+09  3.588917001240991e+14  -3.845817954622374e+15  9.993071164309405e-01  1.206021850029556e+07
3.981071705534980e+02  4.798806743858300e+09  5.703544668759385e+14  -6.357551908372540e+15  9.995873616567573e-01  1.205958105408231e+07
6.309573444801944e+02  7.606841155924471e+09  9.052024128707365e+14  -1.049264556404881e+16  9.997510052343043e-01  1.205928733752498e+07
1.000000000000002e+03  1.205720244489847e+10  1.435670860053986e+15  -1.729066371496151e+16  9.998481742372095e-01  1.205915153397941e+07
1.584893192461117e+03  1.911049591112552e+10  2.276229233688401e+15  -2.845192385395689e+16  9.999066655547980e-01  1.205908846311369e+07
2.511886431509585e+03  3.028917304576154e+10  3.608287268627225e+15  -4.675479231298485e+16  9.999422611820539e-01  1.205905929643063e+07
3.981071705534981e+03  4.800615296140570e+10  5.719350635740380e+15  -7.673508615890872e+16  9.999641083841738e-01  1.205904526852043e+07
6.309573444801947e+03  7.608565219429492e+10  9.065078486612522e+15  -1.257914310499664e+17  9.999776086926555e-01  1.205903928536109e+07
1.000000000000002e+04  1.205886431619548e+11  1.436763578094915e+16  -2.059824289217584e+17  9.999859922971764e-01  1.205903628441762e+07
1.584893192461117e+04  1.911211180887596e+11  2.277157225594066e+16  -3.369467616969020e+17  9.999912165523431e-01  1.205903454307110e+07
2.511886431509586e+04  3.029075490803617e+11  3.609087624165471e+16  -5.506450154718580e+17  9.999944851970529e-01  1.205903363220174e+07
3.981071705534983e+04  4.800770952899296e+11  5.720052047221900e+16  -8.990552788745734e+17  9.999965324041095e-01  1.205903362787214e+07
6.309573444801949e+04  7.608719002197754e+11  9.065703095812149e+16  -1.466655631418212e+18  9.999978204614586e-01  1.205903322642711e+07
1.000000000000003e+05  1.205901666299845e+12  1.436820009137666e+17  -2.390660470961872e+18  9.999986259281226e-01  1.205903330137424e+07
1.584893192461118e+05  1.911226310923681e+12  2.277209029832511e+17  -3.893810798913991e+18  9.999991330545336e-01  1.205903321826640e+07
2.511886431509587e+05  3.029090539805091e+12  3.609135841416102e+17  -6.337481016919151e+18  9.999994534062395e-01  1.205903327106217e+07
3.981071705534984e+05  4.800785952627600e+12  5.720097611547192e+17  -1.030765069183493e+19  9.999996568616759e-01  1.205903328743486e+07
6.309573444801952e+05  7.608733940545290e+12  9.065746211834459e+17  -1.675401840258733e+19  9.999997837902806e-01  1.205903323288531e+07
1.000000000000003e+06  1.205903158781017e+13  1.436824182323918e+18  -2.721501165097868e+19  9.999998635806535e-01  1.205903323288196e+07
1.584893192461114e-05
0.000000000000000e+00  6.940591500864106e+00  -2.003759861520644e+13  -2.003760007706136e+13  3.215469799309283e-03  2.008741599575953e+05
3.981071705534973e-03  8.066348883813346e+02  -2.003735963288539e+13  -2.003791861487998e+13  1.315573716884368e-02  3.269374709469223e+05
6.309573444801934e-03  1.709348651374841e+03  -2.003707494990629e+13  -2.003831182768929e+13  1.767253842188359e-02  4.460120642794017e+05
1.000000000000000e-02  3.669615997391356e+03  -2.003644816493548e+13  -2.003917312262289e+13  2.401207001599379e-02  6.129485619976530e+05
1.584893192461114e-02  7.951396727625721e+03  -2.003510180252178e+13  -2.004108077561045e+13  3.289667212448400e-02  8.463471203675224e+05
2.511886431509581e-02  1.733651827887360e+04  -2.003219034977447e+13  -2.004525706659620e+13  4.531916003014055e-02  1.171470926636792e+06
3.981071705534975e-02  3.792978564542821e+04  -2.002592322102875e+13  -2.005436324398959e+13  6.262104027212220e-02  1.621542704376876e+06
6.309573444801936e-02  8.305264274782409e+04  -2.001250858486116e+13  -2.007413420935215e+13  8.657332284813132e-02  2.238789698478128e+06
1.000000000000001e-01  1.815087856408189e+05  -1.998400292760648e+13  -2.011685470235874e+13  1.194347900183617e-01  3.073922383674520e+06
1.584893192461115e-01  3.947273060715426e+05  -1.992401790567150e+13  -2.020863884862108e+13  1.639351528796392e-01  4.182064065212516e+06
2.511886431509582e-01  8.511198740947382e+05  -1.979949043735022e+13  -2.040443344066891e+13  2.230822514081451e-01  5.611668452605113e+06
3.981071705534975e-01  1.811466448243681e+06  -1.954592841348520e+13  -2.081823541634574e+13  2.996223873976950e-01  7.381167208525850e+06
6.309573444801937e-01  3.783676272190241e+06  -1.904396304392066e+13  -2.168191466348617e+13  3.949177465042207e-01  9.438844786267955e+06
1.000000000000001e+00  7.699118236408366e+06  -1.809049598247139e+13  -2.345405257490145e+13  5.070694780869981e-01  1.161037073352884e+07
1.584893192461115e+00  1.512755597542357e+07  -1.638477663027894e+13  -2.700689157541351e+13  6.286636573867166e-01  1.357217847062848e+07
2.511886431509582e+00  2.845059893330436e+07  -1.357328940587806e+13  -3.391725056922103e+13  7.460301284086918e-01  1.494365659995250e+07
3.981071705534977e+00  5.097368425497794e+07  -9.365603304242287e+12  -4.687994492902242e+13  8.433750583151463e-01  1.555054151326160e+07
6.309573444801939e+00  8.731845674446838e+07  -3.571191966308389e+12  -7.030477121898966e+13  9.115628902376030e-01  1.560291774591346e+07
1.000000000000001e+01  1.446352674738275e+08  4.145330288820652e+12  -1.113129441739276e+14  9.527042111135079e-01  1.546202692473212e+07
1.584893192461115e+01  2.346385278738266e+08  1.466009539286491e+13  -1.815150500290883e+14  9.751804203047267e-01  1.533231977288417e+07
2.511886431509583e+01  3.763458369635546e+08  2.970096525901969e+13  -3.000418917290190e+14  9.869012084968011e-01  1.525510360232032e+07
3.981071705534978e+01  6.001275688115505e+08  5.216662475725998e+13  -4.985213196453181e+14  9.929573849355738e-01  1.521592061265939e+07
6.309573444801942e+01  9.541702583836097e+08  8.667478677187656e+13  -8.292050306318892e+14  9.961234044047111e-01  1.519731169711792e+07
1.000000000000002e+02  1.514824754444300e+09  1.405104975108908e+14  -1.378269436601153e+15  9.978144326526266e-01  1.518870657764270e+07
1.584893192461116e+02  2.403062989343186e+09  2.251734052939428e+14  -2.287600623401954e+15  9.987403646048141e-01  1.518476360114946e+07
2.511886431509585e+02  3.810579609243495e+09  3.588465032878229e+14  -3.790455277540291e+15  9.992600318469769e-01  1.518295939072436e+07
3.981071705534980e+02  6.041164500605428e+09  5.703129357700296e+14  -6.269782589507216e+15  9.995583570772146e-01  1.518213220016612e+07
6.309573444801944e+02  9.576273323859596e+09  9.051635567798468e+14  -1.035351704002627e+16  9.997330129291530e-01  1.518175169428894e+07
1.000000000000002e+03  1.517894829789097e+10  1.435633963175223e+15  -1.707013769645629e+16  9.998369577334622e-01  1.518157597795859e+07
1.584893192461117e+03  2.405852012667084e+10  2.276193781840314e+15  -2.810239249852612e+16  9.998996488047036e-01  1.518149446689118e+07
2.511886431509585e+03  3.813164184209292e+10  3.608252855145127e+15  -4.620080201214134e+16  9.999378602626519e-01  1.518145674793473e+07
3.981071705534981e+03  6.043599885123705e+10  5.719317071282753e+15  -7.585705081137584e+16  9.999613444419202e-01  1.518143869826712e+07
6.309573444801947e+03  9.578599438599779e+10  9.065045353231042e+15  -1.243998193126081e+17  9.999758689685339e-01  1.518143100272628e+07
1.000000000000002e+04  1.518119409241934e+11  1.436760299612038e+16  -2.037768537590683e+17  9.999848966500614e-01  1.518142717004875e+07
1.584893192461117e+04  2.406070663624730e+11  2.277153996332271e+16  -3.334511416883964e+17  9.999905268997618e-01  1.518142502450987e+07
2.511886431509586e+04  3.813378454938716e+11  3.609084459654410e+16  -5.451048122899800e+17  9.999940512716976e-01  1.518142383994796e+07
3.981071705534983e+04  6.043810891460643e+11  5.720048837151779e+16  -8.902746299260509e+17  9.999962581756840e-01  1.518142382320302e+07
6.309573444801949e+04  9.578808051952808e+11  9.065699993478741e+16  -1.452739221922180e+18  9.999976480866016e-01  1.518142338610165e+07
1.000000000000003e+05  1.518140086412685e+12  1.436819692750967e+17  -2.368604429993512e+18  9.999985169661025e-01  1.518142346094568e+07
1.584893192461118e+05  2.406091205505501e+12  2.277208718506756e+17  -3.858854311437431e+18  9.999990644752710e-01  1.518142335663809e+07
2.511886431509587e+05  3.813398889671923e+12  3.609135520449701e+17  -6.282078699445280e+18  9.999994100025337e-01  1.518142341989337e+07
3.981071705534984e+05  6.043831266177694e+12  5.720097282879783e+17  -1.021984391694017e+19  9.999996293673667e-01  1.518142345075762e+07
6.309573444801952e+05  9.578828344117334e+12  9.065745900847628e+17  -1.661485402432158e+19  9.999997665421434e-01  1.518142337857847e+07
1.000000000000003e+06  1.518142114230725e+13  1.436824151225770e+18  -2.699445095704308e+19  9.999998526978534e-01  1.518142337854118e+07
1.995262314968880e-05
0.000000000000000e+00  1.396468577778093e+01  -2.003759850447925e+13  -2.003759992990325e+13  3.885309721284946e-03  2.563127104624652e+05
3.981071705534973e-03  1.034363565620801e+03  -2.003736675332016e+13  -2.003790681446774e+13  1.334743658874598e-02  4.122167214109589e+05
6.309573444801934e-03  2.168047972155798e+03  -2.003709082170134e+13  -2.003828693191201e+13  1.775934292890925e-02  5.585287455265624e+05
1.000000000000000e-02  4.614965697578898e+03  -2.003648363052637e+13  -2.003912003938927e+13  2.394670004481276e-02  7.633532161916246e+05
1.584893192461114e-02  9.933836927379263e+03  -2.003518030730439e+13  -2.004096590873394e+13  3.260893604526707e-02  1.049429011779731e+06
2.511886431509581e-02  2.154793419789840e+04  -2.003236382841421e+13  -2.004500702855469e+13  4.470905310382059e-02  1.447677919697345e+06
3.981071705534975e-02  4.695931024838385e+04  -2.002630500166621e+13  -2.005381701969556e+13  6.155126450084440e-02  1.998908546299914e+06
6.309573444801936e-02  1.025278218645028e+05  -2.001334305821335e+13  -2.007293962686302e+13  8.486308034357988e-02  2.755262525476268e+06
1.000000000000001e-01  2.236317703972286e+05  -1.998580817131469e+13  -2.011424623245404e+13  1.168588175043082e-01  3.779885004528143e+06
1.584893192461115e-01  4.857979075375191e+05  -1.992786519506106e+13  -2.020296894454654e+13  1.602354267560624e-01  5.142443830336510e+06
2.511886431509582e-01  1.047226072801005e+06  -1.980751488460202e+13  -2.039220890113004e+13  2.180045977652702e-01  6.906266140359730e+06
3.981071705534975e-01  2.230225361071664e+06  -1.956215263998535e+13  -2.079220879398893e+13  2.929945583918758e-01  9.100452781857986e+06
6.309573444801937e-01  4.665476006413638e+06  -1.907531118682745e+13  -2.162750943138956e+13  3.867822613338488e-01  1.167062481044558e+07
1.000000000000001e+00  9.516800486147797e+06  -1.814715772326958e+13  -2.334321018796596e+13  4.978551930896780e-01  1.441166643715867e+07
1.584893192461115e+00  1.876106035313969e+07  -1.647768893411423e+13  -2.678874232319888e+13  6.192954081375729e-01  1.692621125435936e+07
2.511886431509582e+00  3.542034032838953e+07  -1.370631690454342e+13  -3.350618607509911e+13  7.377549943988961e-01  1.872493666314808e+07
3.981071705534977e+00  6.370038368337827e+07  -9.526638192829955e+12  -4.614208059533156e+13  8.371698640713415e-01  1.955367191245823e+07
6.309573444801939e+00  1.094465680021312e+08  -3.735893515746694e+12  -6.903892599692914e+13  9.075717698263107e-01  1.965005760748111e+07
1.000000000000001e+01  1.816432431021289e+08  3.997107768335562e+12  -1.092141559297215e+14  9.503907511984293e-01  1.947664159683473e+07
1.584893192461115e+01  2.950038539551407e+08  1.453574350469451e+13  -1.781083602144860e+14  9.738966205021587e-01  1.930937039485476e+07
2.511886431509583e+01  4.734498528223987e+08  2.959905807216035e+13  -2.945761626195147e+14  9.861893469402884e-01  1.920861751241472e+07
3.981071705534978e+01  7.552099020798893e+08  5.208272752922221e+13  -4.898042128598586e+14  9.925550078458484e-01  1.915734216276047e+07
6.309573444801942e+01  1.200948393407411e+09  8.660442270499556e+13  -8.153441312868839e+14  9.958904147607829e-01  1.913299857190954e+07
1.000000000000002e+02  1.906787946324024e+09  1.404500385086285e+14  -1.356263064685550e+15  9.976765276862637e-01  1.912175897788567e+07
1.584893192461116e+02  3.025025527354317e+09  2.251201314969524e+14  -2.252689565518370e+15  9.986572886745755e-01  1.911661885901336e+07
2.511886431509585e+02  4.796992123583366e+09  3.587984353018816e+14  -3.735095307423438e+15  9.992093179759535e-01  1.911427151726601e+07
3.981071705534980e+02  7.605137741361320e+09  5.702686473846916e+14  -6.182015914410753e+15  9.995270990668287e-01  1.911319734534596e+07
6.309573444801944e+02  1.205557995904654e+10  9.051220219113775e+14  -1.021439111596960e+16  9.997136139273121e-01  1.911270408540114e+07
1.000000000000002e+03  1.910893256502164e+10  1.435594443028595e+15  -1.684961424735112e+16  9.998248600214972e-01  1.911247668454500e+07
1.584893192461117e+03  3.028765308607451e+10  2.276155745203356e+15  -2.775286369086834e+16  9.998920786820686e-01  1.911237141905917e+07
2.511886431509585e+03  4.800466497152946e+10  3.608215904397005e+15  -4.564681424449079e+16  9.999331117860594e-01  1.911232241345750e+07
3.981071705534981e+03  7.608418780291028e+10  5.719280985306945e+15  -7.497901798395517e+16  9.999583615572198e-01  1.911229942226674e+07
6.309573444801947e+03  1.205871960477260e+11  9.065009736645574e+15  -1.230082100929395e+17  9.999739915705638e-01  1.911228926852734e+07
1.000000000000002e+04  1.911196842838734e+11  1.436756775372161e+16  -2.015712811114795e+17  9.999837143049295e-01  1.911228436515548e+07
1.584893192461117e+04  3.029061246018192e+11  2.277150517381727e+16  -3.299555241850857e+17  9.999897824191497e-01  1.911228178198709e+07
2.511886431509586e+04  4.800756792949847e+11  3.609081051119951e+16  -5.395646115957293e+17  9.999935828386495e-01  1.911228025347866e+07
3.981071705534983e+04  7.608704863832062e+11  5.720045388713998e+16  -8.814939834832777e+17  9.999959622559721e-01  1.911228017764092e+07
6.309573444801949e+04  1.205900262599259e+12  9.065696634843069e+16  -1.438822814906039e+18  9.999974618889239e-01  1.911227973768077e+07
1.000000000000003e+05  1.911224908632183e+12  1.436819351733052e+17  -2.346548391521649e+18  9.999983993346734e-01  1.911227977395591e+07
1.584893192461118e+05  3.029089137408204e+12  2.277208382720560e+17  -3.823897826434282e+18  9.999989904264922e-01  1.911227964719433e+07
2.511886431509587e+05  4.800784542625423e+12  3.609135175495005e+17  -6.226676384474043e+18  9.999993631575201e-01  1.911227972244798e+07
3.981071705534984e+05  7.608732539761535e+12  5.720096928386748e+17  -1.013203714459575e+19  9.999995996872901e-01  1.911227976995103e+07
6.309573444801952e+05  1.205903019303594e+13  9.065745564906629e+17  -1.647568964855068e+19  9.999997479179846e-01  1.911227967852142e+07
1.000000000000003e+06  1.911227663861323e+13  1.436824117632793e+18  -2.677389026560230e+19  9.999998409468754e-01  1.911227967845605e+07
2.511886431509581e-05
0.000000000000000e+00  2.799670850128830e+01  -2.003759831697852e+13  -2.003759970622511e+13  4.684588460212371e-03  3.285290163783884e+05
3.981071705534973e-03  1.335890779501730e+03  -2.003737367543202e+13  -2.003789475208499e+13  1.362257878982000e-02  5.218123175181102e+05
6.309573444801934e-03  2.764642163744179e+03  -2.003710630103860e+13  -2.003826178353082e+13  1.792940982136564e-02  7.016217894104881e+05
1.000000000000000e-02  5.827480024793049e+03  -2.003651819788321e+13  -2.003906690426526e+13  2.396763209664978e-02  9.530165987740643e+05
1.584893192461114e-02  1.244877166360202e+04  -2.003525677891748e+13  -2.004085174664716e+13  3.241368116119243e-02  1.303703579823966e+06
2.511886431509581e-02  2.684436401064880e+04  -2.003253270564424e+13  -2.004475989152682e+13  4.420067447012958e-02  1.791515892173738e+06
3.981071705534975e-02  5.823750246553111e+04  -2.002667650849617e+13  -2.005327940536652e+13  6.059516565104378e-02  2.466516261307862e+06
6.309573444801936e-02  1.267227349684384e+05  -2.001415511962139e+13  -2.007176754535121e+13  8.328006451544523e-02  3.392983243768475e+06
1.000000000000001e-01  2.757491639983898e+05  -1.998756609168297e+13  -2.011169243016475e+13  1.144226826113595e-01  4.649368887009569e+06
1.584893192461115e-01  5.981439464505095e+05  -1.993161700223373e+13  -2.019742492471388e+13  1.566822587557295e-01  6.323469947225979e+06
2.511886431509582e-01  1.288692437609103e+06  -1.981535905800153e+13  -2.038026055164461e+13  2.130659634391673e-01  8.497520837988961e+06
3.981071705534975e-01  2.745441484620322e+06  -1.957807048211103e+13  -2.076675772396175e+13  2.864720182343008e-01  1.121514889872560e+07
6.309573444801937e-01  5.750801855401435e+06  -1.910622960286328e+13  -2.157423164152482e+13  3.786795109419510e-01  1.442123027499194e+07
1.000000000000001e+00  1.175769041334436e+07  -1.820345177089418e+13  -2.323440598456107e+13  4.885582397769806e-01  1.787635298268609e+07
1.584893192461115e+00  2.325371539503280e+07  -1.657089344587135e+13  -2.657390204880794e+13  6.097075497226817e-01  2.109511455988298e+07
2.511886431509582e+00  4.407265558969491e+07  -1.384133704717907e+13  -3.309978983398484e+13  7.291582432793380e-01  2.345155817055240e+07
3.981071705534977e+00  7.956867758439352e+07  -9.692086862352094e+12  -4.540980325605561e+13  8.306339936428885e-01  2.458151695143100e+07
6.309573444801939e+00  1.371410545935007e+08  -3.906808314067545e+12  -6.777880526209690e+13  9.033251882961791e-01  2.474580499668854e+07
1.000000000000001e+01  2.280803149806855e+08  3.842306835030784e+12  -1.071206415393289e+14  9.479154325292241e-01  2.453411973121226e+07
1.584893192461115e+01  3.708632913630446e+08  1.440540550842849e+13  -1.747063144894649e+14  9.725197191616307e-01  2.431857001776089e+07
2.511886431509583e+01  5.955765718447744e+08  2.949199530269877e+13  -2.891145171431688e+14  9.854251006798498e-01  2.418702523339510e+07
3.981071705534978e+01  9.503392064014577e+08  5.199439544786673e+13  -4.810907659921563e+14  9.921227332382261e-01  2.411985812740892e+07
6.309573444801942e+01  1.511524467907255e+09  8.653016005766795e+13  -8.014865921925747e+14  9.956399418378479e-01  2.408797841628782e+07
1.000000000000002e+02  2.400147046309016e+09  1.403860569386748e+14  -1.334259846475460e+15  9.975281667542312e-01  2.407328277154794e+07
1.584893192461116e+02  3.807940618311083e+09  2.250635930856496e+14  -2.217781520045648e+15  9.985678510735224e-01  2.406657578637192e+07
2.511886431509585e+02  6.038725237180890e+09  3.587472786647983e+14  -3.679738252999033e+15  9.991546863857841e-01  2.406351926354538e+07
3.981071705534980e+02  9.573978556185575e+09  5.702213905657780e+14  -6.094252088526104e+15  9.994934085855264e-01  2.406212333070530e+07
6.309573444801944e+02  1.517675849316977e+10  9.050776011542009e+14  -1.007526799517252e+16  9.996926964117969e-01  2.406148349888347e+07
1.000000000000002e+03  2.405640689258809e+10  1.435552092815270e+15  -1.662909356953643e+16  9.998118108823234e-01  2.406118905958399e+07
1.584893192461117e+03  3.812958471702958e+10  2.276114912407386e+15  -2.740333763206852e+16  9.998839108757326e-01  2.406105305758764e+07
2.511886431509585e+03  6.043398297850468e+10  3.608176208431944e+15  -4.509282920957257e+16  9.999279878497140e-01  2.406098956712550e+07
3.981071705534981e+03  9.578400907673390e+10  5.719242137466192e+15  -7.410098787663638e+16  9.999551417642241e-01  2.406096033251720e+07
6.309573444801947e+03  1.518099778828335e+11  9.064971439247250e+15  -1.216166035887843e+17  9.999719655021969e-01  2.406094664280628e+07
1.000000000000002e+04  2.406051202432302e+11  1.436752985338769e+16  -1.993657111759692e+17  9.999824383047844e-01  2.406094041063027e+07
1.584893192461117e+04  3.813359111871718e+11  2.277146768138657e+16  -3.264599093859601e+17  9.999889787286710e-01  2.406093722464156e+07
2.511886431509586e+04  6.043791665543311e+11  3.609077372501571e+16  -5.340244135873735e+17  9.999930770202995e-01  2.406093538057539e+07
3.981071705534983e+04  9.578788844871019e+11  5.720041680909538e+16  -8.727133397411758e+17  9.999956428894335e-01  2.406093513345370e+07
6.309573444801949e+04  1.518138179253528e+12  9.065692989968386e+16  -1.424906410573340e+18  9.999972607018667e-01  2.406093475146058e+07
1.000000000000003e+05  2.406089299592827e+12  1.436818984235457e+17  -2.324492355743835e+18  9.999982723466374e-01  2.406093467158441e+07
1.584893192461118e+05  3.813396984771143e+12  2.277208020434632e+17  -3.788941344102443e+18  9.999989104697392e-01  2.406093452179870e+07
2.511886431509587e+05  6.043829351672589e+12  3.609134804543070e+17  -6.171274072200947e+18  9.999993125949885e-01  2.406093461029578e+07
3.981071705534984e+05  9.578826439006172e+12  5.720096546703731e+17  -1.004423037500118e+19  9.999995676532932e-01  2.406093467715215e+07
6.309573444801952e+05  1.518141924631035e+13  9.065745202014386e+17  -1.633652527547371e+19  9.999997278079849e-01  2.406093456469484e+07
1.000000000000003e+06  2.406093043229715e+13  1.436824081345971e+18  -2.655332957685538e+19  9.999998282584580e-01  2.406093456452559e+07
3.162277660168380e-05
0.000000000000000e+00  5.591860359154265e+01  -2.003759800829057e+13  -2.003759936110088e+13  5.635614760037861e-03  4.230641931023168e+05
3.981071705534973e-03  1.739793632151161e+03  -2.003738028790536e+13  -2.003788232598361e+13  1.399743341006845e-02  6.633210039055370e+05
6.309573444801934e-03  3.547437435905477e+03  -2.003712133110230e+13  -2.003823623233235e+13  1.819647853474086e-02  8.845009739247058e+05
1.000000000000000e-02  7.393124795477764e+03  -2.003655186955200e+13  -2.003901348360496e+13  2.408669475931376e-02  1.193112600451732e+06
1.584893192461114e-02  1.565566008965532e+04  -2.003533125500912e+13  -2.004073790928480e+13  3.232135644794536e-02  1.623060213465222e+06
2.511886431509581e-02  3.353162377004285e+04  -2.003269708656384e+13  -2.004451501472700e+13  4.380355675691749e-02  2.220579873851403e+06
3.981071705534975e-02  7.236672105574711e+04  -2.002703796721547e+13  -2.005274929394046e+13  5.976186194568001e-02  3.047012300600869e+06
6.309573444801936e-02  1.568491378353185e+05  -2.001494516588829e+13  -2.007061603370445e+13  8.183362082384840e-02  4.181472746626873e+06
1.000000000000001e-01  3.403387750676567e+05  -1.998927721120422e+13  -2.010918996103308e+13  1.121368456665017e-01  5.721235835575991e+06
1.584893192461115e-01  7.368936346822834e+05  -1.993527349782999e+13  -2.019200125042934e+13  1.532884174447534e-01  7.776579869497101e+06
2.511886431509582e-01  1.586218579830819e+06  -1.982302094298970e+13  -2.036857995876909e+13  2.082828130880642e-01  1.045370811570343e+07
3.981071705534975e-01  3.379527861318587e+06  -1.959367252507913e+13  -2.074187163876462e+13  2.800759804165592e-01  1.381571814581040e+07
6.309573444801937e-01  7.086575096016441e+06  -1.913668992034341e+13  -2.152207442580100e+13  3.706349304778036e-01  1.780963076665913e+07
1.000000000000001e+00  1.451938768687025e+07  -1.825931346808738e+13  -2.312765464151275e+13  4.792043418986807e-01  2.215844856344698e+07
1.584893192461115e+00  2.880558179515214e+07  -1.666428535165097e+13  -2.636244347249555e+13  5.999180908368511e-01  2.627261435975385e+07
2.511886431509582e+00  5.480681551319732e+07  -1.397826475415097e+13  -3.269823827560237e+13  7.202423116739879e-01  2.935567938852597e+07
3.981071705534977e+00  9.934261836152425e+07  -9.862018589688553e+12  -4.468340734112587e+13  8.237552700120265e-01  3.089381592559789e+07
6.309573444801939e+00  1.717878228853910e+08  -4.084225666305358e+12  -6.652477460057851e+13  8.988066243722643e-01  3.116111660455959e+07
1.000000000000001e+01  2.863343683081982e+08  3.680513093838269e+12  -1.050327706536106e+14  9.452655017381100e-01  3.090544872833521e+07
1.584893192461115e+01  4.661805824156884e+08  1.426866175055526e+13  -1.713092506223194e+14  9.710419496628784e-01  3.062797489668503e+07
2.511886431509583e+01  7.491624633107456e+08  2.937940308474860e+13  -2.836572565804418e+14  9.846040973364901e-01  3.045612880373881e+07
3.981071705534978e+01  1.195846414009926e+09  5.190130356561191e+13  -4.723812514840210e+14  9.916581041661401e-01  3.036805313466044e+07
6.309573444801942e+01  1.902382160866514e+09  8.645171123419437e+13  -7.876326657976532e+14  9.953705699256009e-01  3.032625706133499e+07
1.000000000000002e+02  3.021122840227674e+09  1.403182906795693e+14  -1.312260021254152e+15  9.973685114339383e-01  3.030702199229048e+07
1.584893192461116e+02  4.793451135572218e+09  2.250035445688368e+14  -2.182876717754255e+15  9.984715443687378e-01  3.029826187064195e+07
2.511886431509585e+02  7.601857014474220e+09  3.586927985954251e+14  -3.624384339552430e+15  9.990958253139087e-01  3.029427839024393e+07
3.981071705534980e+02  1.205248712830036e+10  5.701709374182272e+14  -6.006491333593249e+15  9.994570922016552e-01  3.029246288937058e+07
6.309573444801944e+02  1.910597596089801e+10  9.050300709443605e+14  -9.936147897072552e+15  9.996701396127459e-01  3.029163234477023e+07
1.000000000000002e+03  3.028479568119954e+10  1.435506692535240e+15  -1.640857588098079e+16  9.997977346773502e-01  3.029125078693993e+07
1.584893192461117e+03  4.800188013903104e+10  2.276071067518896e+15  -2.705381453929915e+16  9.998750979696081e-01  3.029107483283527e+07
2.511886431509585e+03  7.608145623009171e+10  3.608133528744308e+15  -4.453884712345553e+16  9.999224580714263e-01  3.029099313339590e+07
3.981071705534981e+03  1.205845039712040e+11  5.719200283946128e+15  -7.322296070666984e+16  9.999516659166566e-01  3.029095561005303e+07
6.309573444801947e+03  1.911170210530905e+11  9.064930247353112e+15  -1.202250000138423e+17  9.999697788928873e-01  3.029093717646542e+07
1.000000000000002e+04  3.029034829425256e+11  1.436748906367239e+16  -1.971601441658474e+17  9.999810610805141e-01  3.029092930384494e+07
1.584893192461117e+04  4.800730525643096e+11  2.277142729744852e+16  -3.229642975054523e+17  9.999881111912760e-01  3.029092523388837e+07
2.511886431509586e+04  7.608678754441486e+11  3.609073392602084e+16  -5.284842184819878e+17  9.999925306590606e-01  3.029092325625332e+07
3.981071705534983e+04  1.205897653412744e+12  5.720037689526870e+16  -8.639326989112794e+17  9.999952981633036e-01  3.029092263417406e+07
6.309573444801949e+04  1.911222316924842e+12  9.065689026228066e+16  -1.410990009147384e+18  9.999970432677991e-01  3.029092237811449e+07
1.000000000000003e+05  3.029086547059516e+12  1.436818588206862e+17  -2.302436322873100e+18  9.999981352577689e-01  3.029092207078284e+07
1.584893192461118e+05  4.800781954901483e+12  2.277207629421503e+17  -3.753984864655925e+18  9.999988241308181e-01  3.029092189928064e+07
2.511886431509587e+05  7.608729940103053e+12  3.609134405422163e+17  -6.115871762837480e+18  9.999992580166795e-01  3.029092200097971e+07
3.981071705534984e+05  1.205902760233478e+13  5.720096136121628e+17  -9.956423608369998e+18  9.999995330815835e-01  3.029092209053855e+07
6.309573444801952e+05  1.911227406127210e+13  9.065744810006158e+17  -1.619736090530560e+19  9.999997060934943e-01  3.029092195527079e+07
1.000000000000003e+06  3.029091633762879e+13  1.436824042150400e+18  -2.633276889101722e+19  9.999998145578120e-01  3.029092195479646e+07
3.981071705534974e-05
0.000000000000000e+00  1.112526177360282e+02  -2.003759750921848e+13  -2.003759882673745e+13  6.763848123841423e-03  5.497319302945829e+05
3.981071705534973e-03  2.288225456549038e+03  -2.003738679565468e+13  -2.003786940821293e+13  1.449289903079973e-02  8.469999061384711e+05
6.309573444801934e-03  4.585060138539628e+03  -2.003713594222525e+13  -2.003821009626115e+13  1.857792189192186e-02  1.119454918186194e+06
1.000000000000000e-02  9.430385377720491e+03  -2.003658463033203e+13  -2.003895950332523e+13  2.431862140456970e-02  1.498344309319843e+06
1.584893192461114e-02  1.976896246083155e+04  -2.003540375421555e+13  -2.004062396319782e+13  3.234472632861476e-02  2.025530848261887e+06
2.511886431509581e-02  4.201288625873370e+04  -2.003285705823298e+13  -2.004427168408860e+13  4.352907325131832e-02  2.757439025328801e+06
3.981071705534975e-02  9.012824624535475e+04  -2.002738958822437e+13  -2.005222547288802e+13  5.906190269893812e-02  3.769142635483638e+06
6.309573444801936e-02  1.944578893827863e+05  -2.001571359638352e+13  -2.006948299891428e+13  8.053414674451470e-02  5.157869852361470e+06
1.000000000000001e-01  4.205373825630509e+05  -1.999094211096004e+13  -2.010673522007774e+13  1.100124530144409e-01  7.043988812360007e+06
1.584893192461115e-01  9.084815672111034e+05  -1.993883505308235e+13  -2.018669188715045e+13  1.500670232059360e-01  9.565610471034274e+06
2.511886431509582e-01  1.953134164119365e+06  -1.983049902334486e+13  -2.035715771392283e+13  2.036717468201867e-01  1.285916355013947e+07
3.981071705534975e-01  4.160251591744223e+06  -1.960895029335968e+13  -2.071753801630205e+13  2.738278821063314e-01  1.701350281994498e+07
6.309573444801937e-01  8.730691025796888e+06  -1.916666478274680e+13  -2.147102720144340e+13  3.626748267067211e-01  2.198197357865843e+07
1.000000000000001e+00  1.792203347654396e+07  -1.831467694343819e+13  -2.302296476703043e+13  4.698213790988041e-01  2.744716953989074e+07
1.584893192461115e+00  3.566284387677043e+07  -1.675775067231796e+13  -2.615443221061711e+13  5.899484951833543e-01  3.269738624629840e+07
2.511886431509582e+00  6.811520011937802e+07  -1.411699345001695e+13  -3.230170529883385e+13  7.110130171342304e-01  3.672506491385090e+07
3.981071705534977e+00  1.239686837163080e+08  -1.003648079101388e+13  -4.396319704704766e+13  8.165229964602824e-01  3.881505887005958e+07
6.309573444801939e+00  2.151129995892699e+08  -4.268435686415224e+12  -6.527722256255254e+13  8.939991594404951e-01  3.923654434054863e+07
1.000000000000001e+01  3.593927866127079e+08  3.511287251611914e+12  -1.029509417505952e+14  9.424272907123817e-01  3.893201013515142e+07
1.584893192461115e+01  5.859286434336720e+08  1.412505908689038e+13  -1.679175344456422e+14  9.694548593950636e-01  3.857531777911954e+07
2.511886431509583e+01  9.422953474532291e+08  2.926087580305023e+13  -2.782047072991315e+14  9.837215656995749e-01  3.835070712988310e+07
3.981071705534978e+01  1.504723731781073e+09  5.180309947103161e+13  -4.636759641149741e+14  9.911584446728858e-01  3.823509091288052e+07
6.309573444801942e+01  2.394260618237569e+09  8.636876485658094e+13  -7.737826249399912e+14  9.950807615142498e-01  3.818022893194253e+07
1.000000000000002e+02  3.802713493562153e+09  1.402464563461903e+14  -1.290263847441260e+15  9.971966532020973e-01  3.815502353733881e+07
1.584893192461116e+02  6.033970980988971e+09  2.249397207947837e+14  -2.147975407775909e+15  9.983678195190933e-01  3.814356971306794e+07
2.511886431509585e+02  9.569563754014437e+09  3.586347416370626e+14  -3.569033810256732e+15  9.990323977380406e-01  3.813837329822109e+07
3.981071705534980e+02  1.517258822221621e+10  5.701170419707966e+14  -5.918733888951447e+15  9.994179409206705e-01  3.813601016727252e+07
6.309573444801944e+02  2.405241355290198e+10  9.049791902480521e+14  -9.797031058527854e+15  9.996458131023659e-01  3.813493127397287e+07
1.000000000000002e+03  3.812571998397429e+10  1.435458005516129e+15  -1.618806141691141e+16  9.997825497380468e-01  3.813443650620316e+07
1.584893192461117e+03  6.043021214415911e+10  2.276023982202926e+15  -2.670429464672465e+16  9.998655888746388e-01  3.813420858128235e+07
2.511886431509585e+03  9.578030704103459e+10  3.608087616593220e+15  -4.398486822015605e+16  9.999164898872351e-01  3.813410353471452e+07
3.981071705534981e+03  1.518063267916956e+11  5.719155202613429e+15  -7.234493670872901e+16  9.999479138786701e-01  3.813405491623368e+07
6.309573444801947e+03  2.406015066537859e+11  9.064885924208356e+15  -1.188333995989813e+17  9.999674188636832e-01  3.813403074144011e+07
1.000000000000002e+04  3.813323251739465e+11  1.436744514920666e+16  -1.949545803120060e+17  9.999795745388320e-01  3.813402059944854e+07
1.584893192461117e+04  6.043755994995933e+11  2.277138382474712e+16  -3.194686887739094e+17  9.999871748077838e-01  3.813401536166560e+07
2.511886431509586e+04  9.578753380124784e+11  3.609069077970202e+16  -5.229440265175624e+17  9.999919403610574e-01  3.813401351547609e+07
3.981071705534983e+04  1.518134634925029e+12  5.720033386649521e+16  -8.551520612236790e+17  9.999949259935756e-01  3.813401227000776e+07
6.309573444801949e+04  2.406085776981116e+12  9.065684715109301e+16  -1.397073610871631e+18  9.999968082788271e-01  3.813401215539766e+07
1.000000000000003e+05  3.813393464270522e+12  1.436818161392774e+17  -2.280380293139346e+18  9.999979872628971e-01  3.813401151660740e+07
1.584893192461118e+05  6.043825836026861e+12  2.277207207217776e+17  -3.719028388326283e+18  9.999987308960842e-01  3.813401132922861e+07
2.511886431509587e+05  9.578822908738061e+12  3.609133975785768e+17  -6.060469456612412e+18  9.999991991005454e-01  3.813401144023491e+07
3.981071705534984e+05  1.518141572370483e+13  5.720095694629936e+17  -9.868616844931602e+18  9.999994957721465e-01  3.813401155657525e+07
6.309573444801952e+05  2.406092692875486e+13  9.065744386525100e+17  -1.605819653827859e+19  9.999996826462769e-01  3.813401139684517e+07
1.000000000000003e+06  3.813400375983763e+13  1.436823999814046e+18  -2.611220820831984e+19  9.999997997641991e-01  3.813401139556263e+07
5.011872336272724e-05
0.000000000000000e+00  2.204441455377319e+02  -2.003759671195198e+13  -2.003759799403785e+13  8.098172090311785e-03  7.215037281634460e+05
3.981071705534973e-03  3.044741861848422e+03  -2.003739294720777e+13  -2.003785583440048e+13  1.513592521345769e-02  1.088405399779490e+06
6.309573444801934e-03  5.976806992585562e+03  -2.003715000947448e+13  -2.003818315048619e+13  1.909592395833840e-02  1.422858041668152e+06
1.000000000000000e-02  1.210498983486938e+04  -2.003661643871393e+13  -2.003890463662320e+13  2.468189983468791e-02  1.888177154823787e+06
1.584893192461114e-02  2.508049441971176e+04  -2.003547426707832e+13  -2.004050940722641e+13  3.249952009570045e-02  2.534660499272927e+06
2.511886431509581e-02  5.282460167400599e+04  -2.003301267751973e+13  -2.004402909513897e+13  4.339094065545685e-02  3.431188243139687e+06
3.981071705534975e-02  1.125428493814811e+05  -2.002773154938617e+13  -2.005170660363674e+13  5.850766583914557e-02  4.669549094439967e+06
6.309573444801936e-02  2.415452904455040e+05  -2.001646079649162e+13  -2.006836616187204e+13  7.939340892110679e-02  6.369057667273728e+06
1.000000000000001e-01  5.203339271804766e+05  -1.999256140715628e+13  -2.010432430498395e+13  1.080615870138960e-01  8.678366109906457e+06
1.584893192461115e-01  1.121009815838990e+06  -1.994230220992555e+13  -2.018149027809530e+13  1.470317274807795e-01  1.176995481734731e+07
2.511886431509582e-01  2.406089749897379e+06  -1.983779225795833e+13  -2.034598340949297e+13  1.992495863267983e-01  1.581818606490867e+07
3.981071705534975e-01  5.122080386396240e+06  -1.962389629513196e+13  -2.069374234412108e+13  2.677493419316588e-01  2.094568577300308e+07
6.309573444801937e-01  1.075468107278609e+07  -1.919612812126977e+13  -2.142107553871172e+13  3.548261966762757e-01  2.711787919331618e+07
1.000000000000001e+00  2.211362588557617e+07  -1.836947582537037e+13  -2.292033841789579e+13  4.604391630750606e-01  3.397495385730190e+07
1.584893192461115e+00  4.412848529862880e+07  -1.685116702151256e+13  -2.594992552734160e+13  5.798236653652626e-01  4.066328326105378e+07
2.511886431509582e+00  8.460475932421847e+07  -1.425739387829778e+13  -3.191036024348681e+13  7.014799166290526e-01  4.591599220963395e+07
3.981071705534977e+00  1.546184617361430e+08  -1.021549447945648e+13  -4.324948476768566e+13  8.089284253790476e-01  4.875020052265015e+07
6.309573444801939e+00  2.692649034703035e+08  -4.459725124659653e+12  -6.403656100267338e+13  8.888856842038149e-01  4.939989076323210e+07
1.000000000000001e+01  4.509911067707595e+08  3.334165353057885e+12  -1.008755840916965e+14  9.393862075489902e-01  4.904382735745142e+07
1.584893192461115e+01  7.363447180276256e+08  1.397410852922472e+13  -1.645315622809292e+14  9.677492557914703e-01  4.858613494001079e+07
2.511886431509583e+01  1.185136487984772e+09  2.913597322625561e+13  -2.727572230110625e+14  9.827722976237964e-01  4.829243142231499e+07
3.981071705534978e+01  1.893308796602843e+09  5.169940073322014e+13  -4.549752229681143e+14  9.906208388333959e-01  4.814049755379640e+07
6.309573444801942e+01  3.013251789133969e+09  8.628098361384459e+13  -7.599367645811351e+14  9.947688459288867e-01  4.806839567408209e+07
1.000000000000002e+02  4.786445143349285e+09  1.401702474501582e+14  -1.268271604176028e+15  9.970116072254328e-01  4.803532681373625e+07
1.584893192461116e+02  7.595469907645960e+09  2.248718353044719e+14  -2.113077859094880e+15  9.982560823281605e-01  4.802033450768027e+07
2.511886431509585e+02  1.204654319734776e+10  3.585728341212064e+14  -3.513686927610185e+15  9.989640392771966e-01  4.801354911729459e+07
3.981071705534980e+02  1.910035054093088e+10  5.700594386996144e+14  -5.830980012945661e+15  9.993757289112412e-01  4.801047046937012e+07
6.309573444801944e+02  3.027940023398394e+10  9.049246986804768e+14  -9.657917735207154e+15  9.996195759702785e-01  4.800906789036629e+07
1.000000000000002e+03  4.799665153848394e+10  1.435405773878196e+15  -1.596755043124349e+16  9.997661677223576e-01  4.800842596659853e+07
1.584893192461117e+03  7.607634921038246e+10  2.275973401631016e+15  -2.635477820696780e+16  9.998553280988329e-01  4.800813069839858e+07
2.511886431509585e+03  1.205794859037905e+11  3.608038227011827e+15  -4.343089275234178e+16  9.999100486392267e-01  4.800799481802671e+07
3.981071705534981e+03  1.911120686095397e+11  5.719106675295626e+15  -7.146691613499962e+16  9.999438641431116e-01  4.800793174338439e+07
6.309573444801947e+03  3.028985792666811e+11  9.064838187152904e+15  -1.174418025942635e+17  9.999648712863356e-01  4.800790109691532e+07
1.000000000000002e+04  4.800681842887735e+11  1.436739787289636e+16  -1.927490198636011e+17  9.999779700149807e-01  4.800788746364263e+07
1.584893192461117e+04  7.608630315289896e+11  2.277133702783502e+16  -3.159730834392280e+17  9.999861641035392e-01  4.800788082146874e+07
2.511886431509586e+04  1.205892835325267e+12  3.609064399180355e+16  -5.174038379533416e+17  9.999913025950233e-01  4.800787923371941e+07
3.981071705534983e+04  1.911217502418448e+12  5.720028741661558e+16  -8.463714269289623e+17  9.999945241279029e-01  4.800787719212878e+07
6.309573444801949e+04  3.029081758586218e+12  9.065680035989478e+16  -1.383157216007945e+18  9.999965543921097e-01  4.800787715525018e+07
1.000000000000003e+05  4.800777170338387e+12  1.436817701329760e+17  -2.258324266790823e+18  9.999978274914177e-01  4.800787611971317e+07
1.584893192461118e+05  7.608725163342747e+12  2.277206751045148e+17  -3.684071915364329e+18  9.999986302076936e-01  4.800787593327732e+07
2.511886431509587e+05  1.205902280792853e+13  3.609133513099657e+17  -6.005067153773153e+18  9.999991354988288e-01  4.800787603993963e+07
3.981071705534984e+05  1.911226927205637e+13  5.720095219943370e+17  -9.780810084932997e+18  9.999994555079332e-01  4.800787618783746e+07
6.309573444801952e+05  3.029091157501493e+13  9.065743928979913e+17  -1.591903217464358e+19  9.999996573275342e-01  4.800787600316345e+07
1.000000000000003e+06  4.800786561985540e+13  1.436823954086354e+18  -2.589164752901382e+19  9.999997837904200e-01  4.800787599953987e+07
6.309573444801935e-05
0.000000000000000e+00  4.349607754386480e+02  -2.003759544994879e+13  -2.003759669714459e+13  9.671148230506230e-03  1.020307515856139e+06
3.981071705534973e-03  4.107703710967167e+03  -2.003739859386659e+13  -2.003784138855590e+13  1.596171127481007e-02  1.408707637523796e+06
6.309573444801934e-03  7.869392217834930e+03  -2.003716356850523e+13  -2.003815511173500e+13  1.977887266330629e-02  1.817109816836241e+06
1.000000000000000e-02  1.565261882180206e+04  -2.003664720867139e+13  -2.003884848694952e+13  2.519987961221202e-02  2.388534877102629e+06
1.584893192461114e-02  3.199257482585163e+04  -2.003554273794223e+13  -2.004039365316320e+13  3.280527319406535e-02  3.181373689483240e+06
2.511886431509581e-02  6.668799349270470e+04  -2.003316395295296e+13  -2.004378633035652e+13  4.340586232527980e-02  4.279533629596136e+06
3.981071705534975e-02  1.409551123679346e+05  -2.002806399574885e+13  -2.005119119466219e+13  5.811385371025049e-02  5.795149131682612e+06
6.309573444801936e-02  3.006975906502544e+05  -2.001718711549514e+13  -2.006726302566047e+13  7.842493581276014e-02  7.874440696155411e+06
1.000000000000001e-01  6.448266107084302e+05  -1.999413572179157e+13  -2.010195298035000e+13  1.062975753275213e-01  1.070064490389009e+07
1.584893192461115e-01  1.384720001705285e+06  -1.994567564070707e+13  -2.017638930729729e+13  1.441969436527691e-01  1.448858150159181e+07
2.511886431509582e-01  2.965946424140884e+06  -1.984490003734698e+13  -2.033504560510919e+13  1.950335104327064e-01  1.946004342212583e+07
3.981071705534975e-01  6.307894648951067e+06  -1.963850402985632e+13  -2.067046808090371e+13  2.618621638057638e-01  2.578148529988046e+07
6.309573444801937e-01  1.324706168608377e+07  -1.922505538453814e+13  -2.137220104666171e+13  3.471165731575874e-01  3.343825088831093e+07
1.000000000000001e+00  2.727664795072475e+07  -1.842364396775550e+13  -2.281977066226855e+13  4.510891918030654e-01  4.202734993192496e+07
1.584893192461115e+00  5.457550590843270e+07  -1.694440462535255e+13  -2.574897109655659e+13  5.695718517225922e-01  5.053186012235528e+07
2.511886431509582e+00  1.050234478152139e+08  -1.439931332852217e+13  -3.152436566369163e+13  6.916566221862825e-01  5.736908422085860e+07
3.981071705534977e+00  1.927411699224613e+08  -1.039904952059337e+13  -4.254258908153176e+13  8.009652678867504e-01  6.120404359545514e+07
6.309573444801939e+00  3.369153240859901e+08  -4.658372238299014e+12  -6.280322507758355e+13  8.834491629563959e-01  6.218823788416781e+07
1.000000000000001e+01  5.657979002202488e+08  3.148659689931228e+12  -9.880715965892333e+13  9.361267483330571e-01  6.178251425216911e+07
1.584893192461115e+01  9.252493892066028e+08  1.381528294346413e+13  -1.611517635332528e+14  9.659151538572488e-01  6.119661207176042e+07
2.511886431509583e+01  1.490449985288900e+09  2.900421740868418e+13  -2.673151872343121e+14  9.817506067326356e-01  6.081243901425000e+07
3.981071705534978e+01  2.382144195424905e+09  5.158979210854647e+13  -4.462793735797310e+14  9.900421073753815e-01  6.061255946898787e+07
6.309573444801942e+01  3.792180263997303e+09  8.618800191487616e+13  -7.460954036965735e+14  9.944330070223980e-01  6.051767717902195e+07
1.000000000000002e+02  6.024574237686086e+09  1.400893323950275e+14  -1.246283593035817e+15  9.968123055569035e-01  6.047423652310877e+07
1.584893192461116e+02  9.560977943816385e+09  2.247995785437526e+14  -2.078184362162347e+15  9.981356895745878e-01  6.045458935066908e+07
2.511886431509585e+02  1.516458160002717e+10  3.585067805217886e+14  -3.458343974989996e+15  9.988903559136949e-01  6.044571980127965e+07
3.981071705534980e+02  2.404482218006088e+10  5.699978409744035e+14  -5.743229984444848e+15  9.993302121293702e-01  6.044170527125912e+07
6.309573444801944e+02  3.811842776283502e+10  9.048663152889505e+14  -9.518808203091192e+15  9.995912760088307e-01  6.043988039820448e+07
1.000000000000002e+03  6.042313652187263e+10  1.435349719901674e+15  -1.574704319811008e+16  9.997484932714876e-01  6.043904689609613e+07
1.584893192461117e+03  9.577338898095418e+10  2.275919045025746e+15  -2.600526549291172e+16  9.998442555479278e-01  6.043866442939249e+07
2.511886431509585e+03  1.517995238650538e+11  3.607985103869089e+15  -4.287692099213557e+16  9.999030970256597e-01  6.043848793429800e+07
3.981071705534981e+03  2.405947882240658e+11  5.719054455330576e+15  -7.058889925645890e+16  9.999394932972252e-01  6.043840623147331e+07
6.309573444801947e+03  3.813256699276738e+11  9.064786711219960e+15  -1.160502092714978e+17  9.999621207754207e-01  6.043836822107383e+07
1.000000000000002e+04  6.043689899758110e+11  1.436734696635638e+16  -1.905434630893937e+17  9.999762380738387e-01  6.043834950110584e+07
1.584893192461117e+04  9.578687602866097e+11  2.277128661269722e+16  -3.124774817694828e+17  9.999850730424386e-01  6.043834117230981e+07
2.511886431509586e+04  1.518128088564968e+12  3.609059333777415e+16  -5.118636530682543e+17  9.999906137181956e-01  6.043833957527705e+07
3.981071705534983e+04  2.406079237188732e+12  5.720023724405686e+16  -8.375907962993966e+17  9.999940901712017e-01  6.043833668315748e+07
6.309573444801949e+04  3.813386954701100e+12  9.065674971988413e+16  -1.369240824835052e+18  9.999962801907296e-01  6.043833663900369e+07
1.000000000000003e+05  6.043819333648434e+12  1.436817205335269e+17  -2.236268244095678e+18  9.999976550023469e-01  6.043833517349014e+07
1.584893192461118e+05  9.578816417835023e+12  2.277206257720297e+17  -3.649115446042236e+18  9.999985214585796e-01  6.043833502504001e+07
2.511886431509587e+05  1.518140921193541e+13  3.609133014627671e+17  -5.949664854587251e+18  9.999990668360554e-01  6.043833509447885e+07
3.981071705534984e+05  2.406092041811927e+13  5.720094709513089e+17  -9.693003328640547e+18  9.999994120538008e-01  6.043833527958923e+07
6.309573444801952e+05  3.813399728559637e+13  9.065743434462888e+17  -1.577986781467199e+19  9.999996299866583e-01  6.043833507236495e+07
1.000000000000003e+06  6.043832095240268e+13  1.436823904696788e+18  -2.567108685336969e+19  9.999997665423187e-01  6.043833506206752e+07
7.943282347242818e-05
0.000000000000000e+00  8.544619887057539e+02  -2.003759346683621e+13  -2.003759467919150e+13  1.151923742634550e-02  1.311449281382154e+06
3.981071705534973e-03  5.633803266213368e+03  -2.003740370389092e+13  -2.003782578004171e+13  1.701438513872497e-02  1.831357876928803e+06
6.309573444801934e-03  1.048461955660280e+04  -2.003717622153707e+13  -2.003812561544906e+13  2.066314162927168e-02  2.331322391187741e+06
1.000000000000000e-02  2.041470263004098e+04  -2.003667681069459e+13  -2.003879056403581e+13  2.590219742360031e-02  3.034112946450884e+06
1.584893192461114e-02  4.106808369046460e+04  -2.003560906552492e+13  -2.004027599934570e+13  3.328640926566026e-02  4.006521158297725e+06
2.511886431509581e-02  8.458401666874101e+04  -2.003331084179053e+13  -2.004354232896499e+13  4.359434696644611e-02  5.351608695552372e+06
3.981071705534975e-02  1.771524946550459e+05  -2.002838699268771e+13  -2.005067756614065e+13  5.789812652364707e-02  7.206305468898305e+06
6.309573444801936e-02  3.752895136412030e+05  -2.001789283973247e+13  -2.006617083408644e+13  7.764450632507154e-02  9.749590207920859e+06
1.000000000000001e-01  8.005680960371395e+05  -1.999566564904809e+13  -2.009961663029811e+13  1.047353716019983e-01  1.320692762189629e+07
1.584893192461115e-01  1.712614959767804e+06  -1.994895609935442e+13  -2.017138124928728e+13  1.415781373951836e-01  1.784517680390524e+07
2.511886431509582e-01  3.658928184127037e+06  -1.985182212604433e+13  -2.032433177981777e+13  1.910412451178960e-01  2.394521749180501e+07
3.981071705534975e-01  7.771174573628826e+06  -1.965276796585449e+13  -2.064769660938346e+13  2.561883928273829e-01  3.172992037511111e+07
6.309573444801937e-01  1.631756283650953e+07  -1.925342371421041e+13  -2.132438127077412e+13  3.395739081546271e-01  4.121497939715680e+07
1.000000000000001e+00  3.363635616048487e+07  -1.847711615876519e+13  -2.272124918899991e+13  4.418043966349396e-01  5.195522690789212e+07
1.584893192461115e+00  6.746332000060052e+07  -1.703732755030336e+13  -2.555160579783663e+13  5.592244907216334e-01  6.274779862747664e+07
2.511886431509582e+00  1.302928287313918e+08  -1.454257540260407e+13  -3.114387493278259e+13  6.815610450855712e-01  7.162869405876079e+07
3.981071705534977e+00  2.401282827720865e+08  -1.058709984739598e+13  -4.184283226121647e+13  7.926302315958158e-01  7.680510263761505e+07
6.309573444801939e+00  4.213845585478334e+08  -4.864640615060358e+12  -6.157767281037612e+13  8.776729639988806e-01  7.827538658822151e+07
1.000000000000001e+01  7.096445063138711e+08  2.954260521379046e+12  -9.674616501508069e+13  9.326325361461050e-01  7.783011575541812e+07
1.584893192461115e+01  1.162445195638878e+09  1.364801485759359e+13  -1.577786034499170e+14  9.639417239088640e-01  7.708237346075219e+07
2.511886431509583e+01  1.874266528627372e+09  2.886508940028046e+13  -2.618790159748908e+14  9.806502840256517e-01  7.657977909874055e+07
3.981071705534978e+01  2.997057108216560e+09  5.147382245906812e+13  -4.375887902887669e+14  9.894187819848718e-01  7.631653441849858e+07
6.309573444801942e+01  4.772338170559695e+09  8.608942329397472e+13  -7.322588873360250e+14  9.940712692027124e-01  7.619150554294005e+07
1.000000000000002e+02  7.582858041934881e+09  1.400033522791510e+14  -1.224300139902407e+15  9.965975896656585e-01  7.613436307491317e+07
1.584893192461116e+02  1.203499521642864e+10  2.247226159237368e+14  -2.043295230644577e+15  9.980059447910182e-01  7.610858399608606e+07
2.511886431509585e+02  1.908956033044074e+10  3.584362616601102e+14  -3.403005258330882e+15  9.988109215141386e-01  7.609697723850454e+07
3.981071705534980e+02  3.026915191281934e+10  5.699319393455214e+14  -5.655484104481557e+15  9.992811268233204e-01  7.609173718121566e+07
6.309573444801944e+02  4.798679268531657e+10  9.048037367917879e+14  -9.379702760086302e+15  9.995607487813567e-01  7.608936083132185e+07
1.000000000000002e+03  7.606677174215730e+10  1.435289544968333e+15  -1.552654001341255e+16  9.997294234480516e-01  7.608827772277445e+07
1.584893192461117e+03  1.205701127750827e+11  2.275860615084274e+15  -2.565575679928364e+16  9.998323065597222e-01  7.608778173007096e+07
2.511886431509585e+03  1.911028446090761e+11  3.607927957306861e+15  -4.232295323282786e+16  9.998955944330318e-01  7.608755289826503e+07
3.981071705534981e+03  3.028894641950764e+11  5.718998253955958e+15  -6.971088636511887e+16  9.999347757455899e-01  7.608744701780421e+07
6.309573444801947e+03  4.800591505745167e+11  9.064731171205858e+15  -1.146586199258636e+17  9.999591509700323e-01  7.608739959382913e+07
1.000000000000002e+04  7.608540571560294e+11  1.436729210032368e+16  -1.883379102804056e+17  9.999743683251986e-01  7.608737465762098e+07
1.584893192461117e+04  1.205883903028216e+12  2.277123221784811e+16  -3.089818840561907e+17  9.999838949769707e-01  7.608736414576836e+07
2.511886431509586e+04  1.911208607532506e+12  3.609053862219977e+16  -5.063234721597175e+17  9.999898698730709e-01  7.608736170516984e+07
3.981071705534983e+04  3.029072875232524e+12  5.720018307268806e+16  -8.288101696290369e+17  9.999936215939667e-01  7.608735795599669e+07
6.309573444801949e+04  4.800768321070239e+12  9.065669504198078e+16  -1.355324437649151e+18  9.999959841364033e-01  7.608735786408846e+07
1.000000000000003e+05  7.608716326565680e+12  1.436816670493384e+17  -2.214212225343612e+18  9.999974687787693e-01  7.608735594857636e+07
1.584893192461118e+05  1.205901398683172e+13  2.277205723691124e+17  -3.614158980655858e+18  9.999984039909079e-01  7.608735589762069e+07
2.511886431509587e+05  1.911226042701673e+13  3.609132477416340e+17  -5.894262559343984e+18  9.999989927068460e-01  7.608735587553887e+07
3.981071705534984e+05  3.029090272496323e+13  5.720094160527853e+17  -9.605196576341762e+18  9.999993651553039e-01  7.608735610438834e+07
6.309573444801952e+05  4.800785681861745e+13  9.065742899593955e+17  -1.564070345865798e+19  9.999996004594833e-01  7.608735588473172e+07
1.000000000000003e+06  7.608733667611733e+13  1.436823851353227e+18  -2.545052618167956e+19  9.999997479182524e-01  7.608735585618423e+07
1.000000000000000e-04
0.000000000000000e+00  1.670912982561716e+03  -2.003759037032166e+13  -2.003759154847248e+13  1.368297265852339e-02  1.683521012885511e+06
3.981071705534973e-03  7.879885272231484e+03  -2.003740793806200e+13  -2.003780860805849e+13  1.835085098555541e-02  2.387749976465654e+06
6.309573444801934e-03  1.416627203580666e+04  -2.003718867042325e+13  -2.003809418184982e+13  2.179544940704586e-02  3.022120858524317e+06
1.000000000000000e-02  2.689628479597609e+04  -2.003670500753693e+13  -2.003873024958114e+13  2.682659628271750e-02  3.871500710444074e+06
1.584893192461114e-02  5.310772754322548e+04  -2.003567304188250e+13  -2.004015559408784e+13  3.397364435595406e-02  5.064353207233916e+06
2.511886431509581e-02  1.078644980015297e+05  -2.003345319334809e+13  -2.004329584622383e+13  4.398176804802612e-02  6.711790790890021e+06
3.981071705534975e-02  2.235357080461363e+05  -2.002870050994450e+13  -2.005016380324529e+13  5.788189529595458e-02  8.981068288853226e+06
6.309573444801936e-02  4.697602492211603e+05  -2.001857815503966e+13  -2.006508651744041e+13  7.707075869126478e-02  1.209102787599662e+07
1.000000000000001e-01  9.960336839532296e+05  -1.999715169739432e+13  -2.009731019635589e+13  1.033920333154047e-01  1.631869423898029e+07
1.584893192461115e-01  2.121283961630743e+06  -1.995214435898012e+13  -2.016645770146741e+13  1.391921875980116e-01  2.199474830328949e+07
2.511886431509582e-01  4.518124346050700e+06  -1.985855858411229e+13  -2.031382826546118e+13  1.872913151837667e-01  2.947335800294133e+07
3.981071705534975e-01  9.578808525393283e+06  -1.966668348161316e+13  -2.062540717433211e+13  2.507504297416517e-01  3.904956576274373e+07
6.309573444801937e-01  2.010248898919746e+07  -1.928121205813650e+13  -2.127758959473973e+13  3.322265049369012e-01  5.078303445006799e+07
1.000000000000001e+00  4.147117859766981e+07  -1.852982877197026e+13  -2.262475396163333e+13  4.326188998522474e-01  6.418987433348002e+07
1.584893192461115e+00  8.335815082071228e+07  -1.712979510534354e+13  -2.535785456718096e+13  5.488159815480753e-01  7.785784284468612e+07
2.511886431509582e+00  1.615483501228992e+08  -1.468698032778140e+13  -3.076902971913289e+13  6.712155589839918e-01  8.936664964652781e+07
3.981071705534977e+00  2.989930929328456e+08  -1.077955882985621e+13  -4.115053728512259e+13  7.839235699036909e-01  9.633494676849304e+07
6.309573444801939e+00  5.267956787151173e+08  -5.078771942958872e+12  -6.036038412264086e+13  8.715412603733123e-01  9.850597392113286e+07
1.000000000000001e+01  8.898102435179530e+08  2.750438831175497e+12  -9.469313301577258e+13  9.288863949552261e-01  9.804532239625378e+07
1.584893192461115e+01  1.460214402324260e+09  1.347169450002560e+13  -1.544125860280849e+14  9.618172440132342e-01  9.709475870992966e+07
2.511886431509583e+01  2.356715308056870e+09  2.871802571600280e+13  -2.564491606408209e+14  9.794645503821088e-01  9.643725901157424e+07
3.981071705534978e+01  3.770515183803761e+09  5.135100139876904e+13  -4.289038788039613e+14  9.887470771054065e-01  9.609018582414131e+07
6.309573444801942e+01  6.005666259673035e+09  8.598481758436222e+13  -7.184275888691545e+14  9.936814824277633e-01  9.592520134450960e+07
1.000000000000002e+02  9.544039675624714e+09  1.399119184876271e+14  -1.202321596988219e+15  9.963662022011953e-01  9.584992897041106e+07
1.584893192461116e+02  1.514904089128234e+10  2.246405857056882e+14  -2.008410803314814e+15  9.978660936495255e-01  9.581605991544132e+07
2.511886431509585e+02  2.403027403473350e+10  3.583609327641991e+14  -3.347671107939730e+15  9.987252751341619e-01  9.580085312661970e+07
3.981071705534980e+02  3.810458748669892e+10  5.698613996950131e+14  -5.567742698022011e+15  9.992281879118066e-01  9.579400630577993e+07
6.309573444801944e+02  6.040980374749731e+10  9.047366357655270e+14  -9.240601727772566e+15  9.995278166299126e-01  9.579090899493033e+07
1.000000000000002e+03  9.576042204452773e+10  1.435224925629872e+15  -1.530604119655912e+16  9.997088469964859e-01  9.578950050411069e+07
1.584893192461117e+03  1.517868220775693e+11  2.275797795465250e+15  -2.530625244412560e+16  9.998194114392721e-01  9.578885654222251e+07
2.511886431509585e+03  2.405822796312922e+11  3.607866457986777e+15  -4.176898979123725e+16  9.998874966577711e-01  9.578856068475816e+07
3.981071705534981e+03  3.813133021289523e+11  5.718937736982181e+15  -6.883287777660618e+16  9.999296835541740e-01  9.578842355274664e+07
6.309573444801947e+03  6.043567264101765e+11  9.064671270056644e+15  -1.132670348759998e+17  9.999559446506312e-01  9.578836252757946e+07
1.000000000000002e+04  9.578565736853065e+11  1.436723288841703e+16  -1.861323617531974e+17  9.999723494152113e-01  9.578833112837754e+07
1.584893192461117e+04  1.518115957952816e+12  2.277117343349066e+16  -3.054862906174963e+17  9.999826226874250e-01  9.578831761227956e+07
2.511886431509586e+04  2.406067151367576e+12  3.609047962404448e+16  -5.007832955445434e+17  9.999890668650951e-01  9.578831300968257e+07
3.981071705534983e+04  3.813374887783083e+12  5.720012463350936e+16  -8.200295472338767e+17  9.999931156948558e-01  9.578830837578981e+07
6.309573444801949e+04  6.043807304109739e+12  9.065663609096298e+16  -1.341408054766189e+18  9.999956645446813e-01  9.578830824592502e+07
1.000000000000003e+05  9.578804408864312e+12  1.436816093635601e+17  -2.192156210847678e+18  9.999972677217287e-01  9.578830586502016e+07
1.584893192461118e+05  1.518139722293602e+13  2.277205145368465e+17  -3.579202519526428e+18  9.999982771019983e-01  9.578830597252043e+07
2.511886431509587e+05  2.406090840279039e+13  3.609131898277800e+17  -5.838860268356091e+18  9.999989126734729e-01  9.578830580327006e+07
3.981071705534984e+05  3.813398525642690e+13  5.720093569908077e+17  -9.517389828347175e+18  9.999993145372592e-01  9.578830608341564e+07
6.309573444801952e+05  6.043830898719781e+13  9.065742320304173e+17  -1.550153910692150e+19  9.999995685661668e-01  9.578830587745211e+07
1.000000000000003e+06  9.578827973105194e+13  1.436823793740242e+18  -2.522996551425887e+19  9.999997278084388e-01  9.578830580357324e+07
1.258925411794167e-04
0.000000000000000e+00  3.252072890093028e+03  -2.003758556321917e+13  -2.003758670761171e+13  1.620706537128451e-02  2.152704400911930e+06
3.981071705534973e-03  1.128054579451357e+04  -2.003741084198462e+13  -2.003778930607195e+13  2.004108468787726e-02  3.122993546366964e+06
6.309573444801934e-03  1.946615042965271e+04  -2.003720204134178e+13  -2.003806016628939e+13  2.322230106366275e-02  3.826382154608423e+06
1.000000000000000e-02  3.586182719762778e+04  -2.003673142707127e+13  -2.003866674728392e+13  2.802114206852702e-02  4.963180208495768e+06
1.584893192461114e-02  6.927179733464445e+04  -2.003573432869620e+13  -2.004003138424792e+13  3.490575884048835e-02  6.427216990995702e+06
2.511886431509581e-02  1.384198430436115e+05  -2.003359072368424e+13  -2.004304539788967e+13  4.459970729597614e-02  8.444876627535796e+06
3.981071705534975e-02  2.833665235093202e+05  -2.002900437267528e+13  -2.004964769392282e+13  5.809133302885762e-02  1.122083015021372e+07
6.309573444801936e-02  5.900021630759493e+05  -2.001924309740654e+13  -2.006400662129620e+13  7.672595313383568e-02  1.502271821482166e+07
1.000000000000001e-01  1.242262718200281e+06  -1.999859424765924e+13  -2.009502809610305e+13  1.022872940531532e-01  2.019019812414322e+07
1.584893192461115e-01  2.632007800455180e+06  -1.995524113532721e+13  -2.016160949438212e+13  1.370578327960867e-01  2.713217222320394e+07
2.511886431509582e-01  5.585462213207477e+06  -1.986510967428729e+13  -2.030352015535698e+13  1.838033662901006e-01  3.629350470867515e+07
3.981071705534975e-01  1.181471971443969e+07  -1.968024676994326e+13  -2.060357679762457e+13  2.455712105170496e-01  4.806085207258917e+07
6.309573444801937e-01  2.477154642645201e+07  -1.930840121265014e+13  -2.123179513622120e+13  3.251030082508681e-01  6.255556419401000e+07
1.000000000000001e+00  5.112580455382691e+07  -1.858172034928939e+13  -2.253025691008829e+13  4.235677912056178e-01  7.926171747369093e+07
1.584893192461115e+00  1.029584630920841e+08  -1.722166336209570e+13  -2.516772931905321e+13  5.383834144731605e-01  9.653407527267410e+07
2.511886431509582e+00  2.001891926750139e+08  -1.483230591543490e+13  -3.039995737807116e+13  6.606470696033462e-01  1.114113914761889e+08
3.981071705534977e+00  3.720687271529584e+08  -1.097629502848420e+13  -4.046602434537709e+13  7.748496218039146e-01  1.207642387924500e+08
6.309573444801939e+00  6.582647693370706e+08  -5.300977691361878e+12  -5.915185922931268e+13  8.650395037247930e-01  1.239378070644670e+08
1.000000000000001e+01  1.115376179203188e+09  2.536650348705990e+12  -9.264863427897480e+13  9.248704671728960e-01  1.235089033586696e+08
1.584893192461115e+01  1.833940169764860e+09  1.328566822235567e+13  -1.510542570463355e+14  9.595290594198672e-01  1.223065243103670e+08
2.511886431509583e+01  2.963066281070156e+09  2.856241467234654e+13  -2.510261111983369e+14  9.781860064756743e-01  1.214466190109967e+08
3.981071705534978e+01  4.743328963097150e+09  5.122079565025744e+13  -4.202250790069408e+14  9.880228590574632e-01  1.209885443686542e+08
6.309573444801942e+01  7.557495612945238e+09  8.587371780330084e+13  -7.046019124335210e+14  9.932613054660179e-01  1.207705215391114e+08
1.000000000000002e+02  1.201223167251148e+10  1.398146100999094e+14  -1.180348345036950e+15  9.961167780985971e-01  1.206712198034803e+08
1.584893192461116e+02  1.906863520577980e+10  2.245530967047347e+14  -1.973531446102252e+15  9.977153189201186e-01  1.206266601201408e+08
2.511886431509585e+02  3.024952848772073e+10  3.582804213695310e+14  -3.292341880455278e+15  9.986329180849344e-01  1.206067117820813e+08
3.981071705534980e+02  4.796809494112879e+10  5.697858612662157e+14  -5.480006115876139e+15  9.991710872274554e-01  1.205977556740705e+08
6.309573444801944e+02  7.604873592055884e+10  9.046646588006472e+14  -9.101505453284680e+15  9.994922876052412e-01  1.205937147846765e+08
1.000000000000002e+03  1.205525529857149e+11  1.435155512904478e+15  -1.508554709235979e+16  9.996866437612600e-01  1.205918815595295e+08
1.584893192461117e+03  1.910856290590707e+11  2.275730240158480e+15  -2.495675277066968e+16  9.998054947285192e-01  1.205910452822949e+08
2.511886431509585e+03  3.028724989283394e+11  3.607800251069172e+15  -4.121503100992172e+16  9.998787560326006e-01  1.205906623291315e+08
3.981071705534981e+03  4.800423677306946e+11  5.718872533163157e+15  -6.795487383274798e+16  9.999241864566124e-01  1.205904854012887e+08
6.309573444801947e+03  7.608374077716633e+11  9.064606711874218e+15  -1.118754544641807e+17  9.999524833894158e-01  1.205904048106787e+08
1.000000000000002e+04  1.205867352921294e+12  1.436716893531412e+16  -1.839268178521162e+17  9.999701692310616e-01  1.205903665635638e+08
1.584893192461117e+04  1.911192131630487e+12  2.277110985979398e+16  -3.019907017998387e+17  9.999812485340724e-01  1.205903489999452e+08
2.511886431509586e+04  3.029056454146269e+12  3.609041606848147e+16  -4.952431235615314e+17  9.999882000911752e-01  1.205903409578621e+08
3.981071705534983e+04  4.800751929278028e+12  5.720006163350652e+16  -8.112489294531442e+17  9.999925695504057e-01  1.205903353393758e+08
6.309573444801949e+04  7.608699974565740e+12  9.065657258248773e+16  -1.327491676524659e+18  9.999953195750629e-01  1.205903352040718e+08
1.000000000000003e+05  1.205899766734101e+13  1.436815471313208e+17  -2.170100200946229e+18  9.999970506432202e-01  1.205903323493863e+08
1.584893192461118e+05  1.911224413123445e+13  2.277204519453492e+17  -3.544246063000870e+18  9.999981400488419e-01  1.205903326508308e+08
2.511886431509587e+05  3.029088640179116e+13  3.609131273771637e+17  -5.783457981961639e+18  9.999988262633456e-01  1.205903322999938e+08
3.981071705534984e+05  4.800784046947366e+13  5.720092934295226e+17  -9.429583084992322e+18  9.999992599022069e-01  1.205903326403759e+08
6.309573444801952e+05  7.608732040829377e+13  9.065741691858400e+17  -1.536237475981199e+19  9.999995341106899e-01  1.205903324934273e+08
1.000000000000003e+06  1.205902968870145e+14  1.436823731517239e+18  -2.500940485144819e+19  9.999997060943472e-01  1.205903323287812e+08
1.584893192461114e-04
0.000000000000000e+00  6.298572051240722e+03  -2.003757877031793e+13  -2.003757876373636e+13  1.914042935921300e-02  2.610445681559721e+06
3.981071705534973e-03  1.659374559851143e+04  -2.003741169797660e+13  -2.003776705407277e+13  2.216771510133261e-02  4.070252072083306e+06
6.309573444801934e-03  2.728109230918362e+04  -2.003720949822114e+13  -2.003802267260364e+13  2.504141017503253e-02  4.975457769085650e+06
1.000000000000000e-02  4.849809998681883e+04  -2.003675547713806e+13  -2.003859900881510e+13  2.954677332168401e-02  6.392909496620121e+06
1.584893192461114e-02  9.127672753979680e+04  -2.003579238555082e+13  -2.003990204178248e+13  3.613179804360661e-02  8.191732051563819e+06
2.511886431509581e-02  1.789374453014138e+05  -2.003372294535743e+13  -2.004278918346291e+13  4.548766417005445e-02  1.066301275643440e+07
3.981071705534975e-02  3.611343199812862e+05  -2.002929819658457e+13  -2.004912664516984e+13  5.855865596696008e-02  1.405819307296506e+07
6.309573444801936e-02  7.439160408991840e+05  -2.001988748712713e+13  -2.006292721254199e+13  7.663692745658815e-02  1.870440776563626e+07
1.000000000000001e-01  1.553748213938403e+06  -1.999999346240707e+13  -2.009276411675574e+13  1.014442921188442e-01  2.501790392731062e+07
1.584893192461115e-01  3.272252590622010e+06  -1.995824699248576e+13  -2.015682657360169e+13  1.351962117940009e-01  3.350313127226792e+07
2.511886431509582e-01  6.914317379058757e+06  -1.987147572671556e+13  -2.029339118113597e+13  1.805985673015580e-01  4.471696965257675e+07
3.981071705534975e-01  1.458457888456662e+07  -1.969345469851754e+13  -2.058218016150947e+13  2.406744586070518e-01  5.916161680712335e+07
6.309573444801937e-01  3.053658102805291e+07  -1.933497378949541e+13  -2.118696262482654e+13  3.182324614001353e-01  7.704280332753831e+07
1.000000000000001e+00  6.302772784896034e+07  -1.863273206420748e+13  -2.243772164975487e+13  4.146869573791429e-01  9.782355411182249e+07
1.584893192461115e+00  1.271267718408137e+08  -1.731278671662329e+13  -2.498122794956528e+13  5.279662675084246e-01  1.196027669953210e+08
2.511886431509582e+00  2.479400944415972e+08  -1.497830910615535e+13  -3.003676830939511e+13  6.498869830856543e-01  1.387836999043584e+08
3.981071705534977e+00  4.627290233887957e+08  -1.117712855518035e+13  -3.978960686594164e+13  7.654173190692876e-01  1.512969104369090e+08
6.309573444801939e+00  8.221354577715573e+08  -5.531429848458332e+12  -5.795261628971625e+13  8.581549688623900e-01  1.558943108253361e+08
1.000000000000001e+01  1.397663555679114e+09  2.312341060105439e+12  -9.061327830011634e+13  9.205663842460710e-01  1.555806413799574e+08
1.584893192461115e+01  2.302881158215682e+09  1.308923748497451e+13  -1.477042071811997e+14  9.570635530885386e-01  1.540694059886656e+08
2.511886431509583e+01  3.725035428198665e+09  2.839759258521914e+13  -2.456103995779231e+14  9.768065805219202e-01  1.529454649627786e+08
3.981071705534978e+01  5.966788928179202e+09  5.108262506477046e+13  -4.115528680092654e+14  9.872416122764692e-01  1.523402950749258e+08
6.309573444801942e+01  9.509993636674665e+09  8.575561675813953e+13  -6.907822956023826e+14  9.928081875038136e-01  1.520517579783633e+08
1.000000000000002e+02  1.511842932238105e+10  1.397109709817806e+14  -1.158380795712831e+15  9.958478345112030e-01  1.519205522347705e+08
1.584893192461116e+02  2.400208433815463e+10  2.244597257852359e+14  -1.938657554308820e+15  9.975527349524248e-01  1.518618411602289e+08
2.511886431509585e+02  3.807810712013834e+10  3.581943250380915e+14  -3.237017960965668e+15  9.985333107383707e-01  1.518356384281529e+08
3.981071705534980e+02  6.038453526723001e+10  5.697049344963524e+14  -5.392274736758523e+15  9.991094916061916e-01  1.518239095506830e+08
6.309573444801944e+02  9.573601774272961e+10  9.045874243463791e+14  -8.962414311343257e+15  9.994539542958852e-01  1.518186322634984e+08
1.000000000000002e+03  1.517630377075985e+11  1.435080930565394e+15  -1.486505807301593e+16  9.996626839727623e-01  1.518162441268174e+08
1.584893192461117e+03  2.405589425031252e+11  2.275657573125084e+15  -2.460725814952780e+16  9.997904748608478e-01  1.518151573890906e+08
2.511886431509585e+03  3.812902893743500e+11  3.607728969151978e+15  -4.066107725880093e+16  9.998693214463958e-01  1.518146603131677e+08
3.981071705534981e+03  6.043339502071169e+11  5.718802261056324e+15  -6.707687490344885e+16  9.999182520805169e-01  1.518144323686132e+08
6.309573444801947e+03  9.578339690649347e+11  9.064537160731724e+15  -1.104838790581604e+17  9.999487471173709e-01  1.518143258891835e+08
1.000000000000002e+04  1.518093480743466e+12  1.436709988316816e+16  -1.817212789494737e+17  9.999678150602577e-01  1.518142788884957e+08
1.584893192461117e+04  2.406044771403401e+12  2.277104115224142e+16  -2.984951179773699e+17  9.999797645456905e-01  1.518142562015888e+08
2.511886431509586e+04  3.813352576647133e+12  3.609034761761793e+16  -4.897029565747980e+17  9.999872645004342e-01  1.518142440632029e+08
3.981071705534983e+04  6.043785036659229e+12  5.719999373807750e+16  -8.024683166516424e+17  9.999919799804753e-01  1.518142372044236e+08
6.309573444801949e+04  9.578782182353086e+12  9.065650418630810e+16  -1.313575303288448e+18  9.999949472237770e-01  1.518142370855424e+08
1.000000000000003e+05  1.518137504615560e+13  1.436814799753929e+17  -2.148044196005069e+18  9.999968162580610e-01  1.518142337681215e+08
1.584893192461118e+05  2.406088625218813e+13  2.277203842780533e+17  -3.509289611451833e+18  9.999979920390371e-01  1.518142342624805e+08
2.511886431509587e+05  3.813396307936443e+13  3.609130600184571e+17  -5.728055700526015e+18  9.999987329662241e-01  1.518142337172098e+08
3.981071705534984e+05  6.043828676826050e+13  5.720092250037748e+17  -9.341776346639811e+18  9.999992009287515e-01  1.518142341275264e+08
6.309573444801952e+05  9.578825761164973e+13  9.065741009624636e+17  -1.522321041771057e+19  9.999994968850062e-01  1.518142340872006e+08
1.000000000000003e+06  1.518141856074645e+14  1.436823664316438e+18  -2.478884419361528e+19  9.999996826480102e-01  1.518142337853951e+08
1.995262314968880e-04
0.000000000000000e+00  1.213714699527365e+04  -2.003756674609341e+13  -2.003756782367858e+13  2.253607489794365e-02  3.279852610569803e+06
3.981071705534973e-03  2.517770812381125e+04  -2.003740926653107e+13  -2.003774064000497e+13  2.482360535590705e-02  5.314844139184544e+06
6.309573444801934e-03  3.913018933460025e+04  -2.003721337564630e+13  -2.003798044505296e+13  2.734130103261629e-02  7.058191824813992e+06
1.000000000000000e-02  6.669846647774320e+04  -2.003677635471301e+13  -2.003852562234330e+13  3.147994554306373e-02  8.273795392975335e+06
1.584893192461114e-02  1.217203197112570e+05  -2.003584634155229e+13  -2.003976585708739e+13  3.771369130376209e-02  1.048711244974491e+07
2.511886431509581e-02  2.333084504092599e+05  -2.003384907142021e+13  -2.004252497850719e+13  4.669518231212393e-02  1.351533613933524e+07
3.981071705534975e-02  4.631083420598513e+05  -2.002958129627432e+13  -2.004859756908064e+13  5.932373707391564e-02  1.766703848079118e+07
6.309573444801936e-02  9.422167266023188e+05  -2.002051081970675e+13  -2.006184375440750e+13  7.683630532089140e-02  2.334303099204894e+07
1.000000000000001e-01  1.949686126188999e+06  -2.000134918326907e+13  -2.009051127557235e+13  1.008904642925348e-01  3.105323319925544e+07
1.584893192461115e-01  4.077711019208526e+06  -1.996116221224779e+13  -2.015209784494027e+13  1.336315462304335e-01  4.141863996943437e+07
2.511886431509582e-01  8.572997264048152e+06  -1.987765699225939e+13  -2.028342354853122e+13  1.777001096433955e-01  5.513408550288616e+07
3.981071705534975e-01  1.802197023476889e+07  -1.970630462717343e+13  -2.056118944882246e+13  2.360850183581867e-01  7.284684683962415e+07
6.309573444801937e-01  3.766282202883676e+07  -1.936091410211219e+13  -2.114305224789926e+13  3.116444387647789e-01  9.487581714303628e+07
1.000000000000001e+00  7.770824138703692e+07  -1.868280806302069e+13  -2.234710321209782e+13  4.060129557685663e-01  1.206794763622981e+08
1.584893192461115e+00  1.569295576229718e+08  -1.740301941878140e+13  -2.479833342320446e+13  5.176060969432785e-01  1.480798188774679e+08
2.511886431509582e+00  3.069282195790330e+08  -1.512472808063622e+13  -2.967955332947821e+13  6.389710832234694e-01  1.727405743279292e+08
3.981071705534977e+00  5.751378051423670e+08  -1.138182829330292e+13  -3.912158706523572e+13  7.556406356937992e-01  1.894243996615650e+08
6.309573444801939e+00  1.026268037723205e+09  -5.770250827416754e+12  -5.676318821253069e+13  8.508773637574049e-01  1.960293389541236e+08
1.000000000000001e+01  1.750776685536213e+09  2.076954523181907e+12  -8.858771407520219e+13  9.159555006748912e-01  1.959705341161738e+08
1.584893192461115e+01  2.891136742803094e+09  1.288165864909998e+13  -1.443630751523173e+14  9.544061324388642e-01  1.940865920033825e+08
2.511886431509583e+01  4.682418603379551e+09  2.822283989699002e+13  -2.402026033296392e+14  9.753174747593250e-01  1.926190205166586e+08
3.981071705534978e+01  7.505347458974656e+09  5.093585834148545e+13  -4.028877634821204e+14  9.863984026240190e-01  1.918188128518088e+08
6.309573444801942e+01  1.196649465897876e+10  8.562996330934539e+13  -6.769692122910420e+14  9.923193478643075e-01  1.914363833594913e+08
1.000000000000002e+02  1.902744443811835e+10  1.396005066757851e+14  -1.136419394194911e+15  9.955577600064633e-01  1.912627423331400e+08
1.584893192461116e+02  3.021153311819947e+10  2.243600151462795e+14  -1.903789555008416e+15  9.973773816379345e-01  1.911852659334249e+08
2.511886431509585e+02  4.793234725827426e+10  3.581022088906259e+14  -3.181699765294284e+15  9.984258690452339e-01  1.911507999206798e+08
3.981071705534980e+02  7.601457671940509e+10  5.696181986988806e+14  -5.304548969512278e+15  9.990430408148869e-01  1.911354206413960e+08
6.309573444801944e+02  1.205195231879365e+11  9.045045205157668e+14  -8.823328706443758e+15  9.994125925701521e-01  1.911285212465422e+08
1.000000000000002e+03  1.910534072967178e+11  1.435000772019394e+15  -1.464457454029846e+16  9.996368274156786e-01  1.911254073772855e+08
1.584893192461117e+03  3.028408587425091e+11  2.275579392249592e+15  -2.425776898080686e+16  9.997742638914942e-01  1.911239935984878e+08
2.511886431509585e+03  4.800111483394337e+11  3.607652221171662e+15  -4.010712893681875e+16  9.998591377844384e-01  1.911233478157307e+08
3.981071705534981e+03  7.608064949765015e+11  5.718726538100277e+15  -6.619888138776328e+16  9.999118458618674e-01  1.911230528166565e+08
6.309573444801947e+03  1.205836662047946e+12  9.064462229255082e+15  -1.090923090541718e+17  9.999447139466787e-01  1.911229139985201e+08
1.000000000000002e+04  1.911161604057887e+12  1.436702539361117e+16  -1.795157454451783e+17  9.999652733956410e-01  1.911228545277908e+08
1.584893192461117e+04  3.029026052285246e+12  2.277096699425825e+16  -2.949995395510833e+17  9.999781622707542e-01  1.911228254741749e+08
2.511886431509586e+04  4.800721615246622e+12  3.609027386729879e+16  -4.841627949774188e+17  9.999862545639295e-01  1.911228092634693e+08
3.981071705534983e+04  7.608669724128553e+12  5.719992056394856e+16  -7.936877092226154e+17  9.999913435238048e-01  1.911228006413126e+08
6.309573444801949e+04  1.205896745731989e+13  9.065643052874067e+16  -1.299658935449640e+18  9.999945453149727e-01  1.911228004966885e+08
1.000000000000003e+05  1.911221399499587e+13  1.436814074786522e+17  -2.125988196419933e+18  9.999965631735998e-01  1.911227967769536e+08
1.584893192461118e+05  3.029085629233655e+13  2.277203111942778e+17  -3.474333165279014e+18  9.999978322163503e-01  1.911227974067250e+08
2.511886431509587e+05  4.800781033722929e+13  3.609129873508025e+17  -5.672653424444121e+18  9.999986322311527e-01  1.911227966627546e+08
3.981071705534984e+05  7.608729021443030e+13  5.720091513173657e+17  -9.253969613681603e+18  9.999991372696406e-01  1.911227971540199e+08
6.309573444801952e+05  1.205902668097765e+14  9.065740269916401e+17  -1.508404608102881e+19  9.999994566729254e-01  1.911227972507673e+08
1.000000000000003e+06  1.911227312935948e+14  1.436823591740668e+18  -2.456828354115722e+19  9.999996573312198e-01  1.911227967844779e+08
2.511886431509581e-04
0.000000000000000e+00  2.326584871343137e+04  -2.003754951766801e+13  -2.003754958406519e+13  2.645097741891060e-02  4.083188615477576e+06
3.981071705534973e-03  3.951967284850386e+04  -2.003740158177112e+13  -2.003770824330180e+13  2.810244999876768e-02  6.873337365809621e+06
6.309573444801934e-03  5.768321253076743e+04  -2.003721193447424e+13  -2.003793166442590e+13  3.021027041376751e-02  8.632216617873875e+06
1.000000000000000e-02  9.357079619799703e+04  -2.003679281479038e+13  -2.003844464233059e+13  3.391445393447880e-02  1.083770135968896e+07
1.584893192461114e-02  1.646331950125326e+05  -2.003589484634626e+13  -2.003962058163425e+13  3.972907074706016e-02  1.348419523569918e+07
2.511886431509581e-02  3.072830395864831e+05  -2.003396784721113e+13  -2.004224998137638e+13  4.828442484984994e-02  1.719974619613159e+07
3.981071705534975e-02  5.981866057496569e+05  -2.002985253057603e+13  -2.004805672579850e+13  6.043612630538642e-02  2.227647487405367e+07
6.309573444801936e-02  1.199621211142487e+06  -2.002111214762031e+13  -2.006075093872805e+13  7.736398995226430e-02  2.920811726794452e+07
1.000000000000001e-01  2.455754376021167e+06  -2.000266078645814e+13  -2.008826163592579e+13  1.006586582410861e-01  3.861936408415703e+07
1.584893192461115e-01  5.095122543678777e+06  -1.996398663425842e+13  -2.014741097183056e+13  1.323919598096132e-01  5.127374089098204e+07
2.511886431509582e-01  1.064943342685467e+07  -1.988365343921282e+13  -2.027359772055171e+13  1.751338182337812e-01  6.803570895697008e+07
3.981071705534975e-01  2.229651944856674e+07  -1.971879416758593e+13  -2.054057412689205e+13  2.318292807556528e-01  8.973381938720691e+07
6.309573444801937e-01  4.648343706716456e+07  -1.938620795237678e+13  -2.110001944710271e+13  3.053692625194754e-01  1.168364068780759e+08
1.000000000000001e+00  9.582920760425574e+07  -1.873189564760784e+13  -2.225834776730665e+13  3.975829635228147e-01  1.488209521337067e+08
1.584893192461115e+00  1.936875316687317e+08  -1.749221700780502e+13  -2.461901293699889e+13  5.073462305138016e-01  1.832147783175766e+08
2.511886431509582e+00  3.797789872393293e+08  -1.527128485841150e+13  -2.932838110348750e+13  6.279393137422020e-01  2.148292123006683e+08
3.981071705534977e+00  7.144335377023902e+08  -1.159011019605077e+13  -3.846225111589730e+13  7.455389549886821e-01  2.369920149662176e+08
6.309573444801939e+00  1.280395986953090e+09  -6.017502825099011e+12  -5.558411852318499e+13  8.431994927033233e-01  2.464071138218841e+08
1.000000000000001e+01  2.192274714333225e+09  1.829941106992134e+12  -8.657263007184214e+13  9.110192005732876e-01  2.468278253419934e+08
1.584893192461115e+01  3.628848809412944e+09  1.266214383158263e+13  -1.410315508179377e+14  9.515412384686842e-01  2.445039298415152e+08
2.511886431509583e+01  5.885135686949918e+09  2.803737738514568e+13  -2.348033495221339e+14  9.737091120643607e-01  2.425905566997044e+08
3.981071705534978e+01  9.439983712148399e+09  5.077980842394266e+13  -3.942303272751211e+14  9.854878376956456e-01  2.415316579401897e+08
6.309573444801942e+01  1.505694139316714e+10  8.549615831230678e+13  -6.631631759210157e+14  9.917917537193616e-01  2.410240207102578e+08
1.000000000000002e+02  2.394662475400449e+10  1.394826809758646e+14  -1.114464621992447e+15  9.952448025487846e-01  2.407938329929765e+08
1.584893192461116e+02  3.802687033882632e+10  2.242534693565064e+14  -1.868927909642648e+15  9.971882177776390e-01  2.406914271066231e+08
2.511886431509585e+02  6.033625836187555e+10  3.580036029366611e+14  -3.126387742467936e+15  9.983099607407917e-01  2.406460245611006e+08
3.981071705534980e+02  9.568982557279266e+10  5.695251995647054e+14  -5.216829255505388e+15  9.989713453007332e-01  2.406258326661927e+08
6.309573444801944e+02  1.517183231701385e+11  9.044155026471934e+14  -8.684249075216233e+15  9.993679602061698e-01  2.406168023312317e+08
1.000000000000002e+03  2.405152821705819e+11  1.434914598614560e+15  -1.442409692789397e+16  9.996089226307263e-01  2.406127381674593e+08
1.584893192461117e+03  3.812473859240752e+11  2.275495263870227e+15  -2.390828569632873e+16  9.997567668256396e-01  2.406108975606874e+08
2.511886431509585e+03  6.042915932206658e+11  3.607569574255788e+15  -3.955318647441626e+16  9.998481452517662e-01  2.406100588419445e+08
3.981071705534981e+03  9.577920092967899e+11  5.718644954920577e+15  -6.532089371548833e+16  9.999049304755482e-01  2.406096748681597e+08
6.309573444801947e+03  1.518051809242638e+12  9.064381478338368e+15  -1.077007448801106e+17  9.999403600606841e-01  2.406094961336139e+08
1.000000000000002e+04  2.406003309663262e+12  1.436694509105062e+16  -1.773102177682407e+17  9.999625295687243e-01  2.406094185434827e+08
1.584893192461117e+04  3.813311275730243e+12  2.277088703369015e+16  -2.915039669501364e+17  9.999764325274800e-01  2.406093813461511e+08
2.511886431509586e+04  6.043743848158228e+12  3.609019435353402e+16  -4.786226391951262e+17  9.999851642630676e-01  2.406093612695962e+08
3.981071705534983e+04  9.578741085014066e+12  5.719984167236865e+16  -7.849071075909524e+17  9.999906564117699e-01  2.406093501623457e+08
6.309573444801949e+04  1.518133398679076e+13  9.065635119254034e+16  -1.285742573431364e+18  9.999941114891452e-01  2.406093497646132e+08
1.000000000000003e+05  2.406084529885267e+13  1.436813291708447e+17  -2.103932202619449e+18  9.999962898765211e-01  2.406093458176455e+08
1.584893192461118e+05  3.813392215137417e+13  2.277202323094473e+17  -3.439376724911728e+18  9.999976596512479e-01  2.406093463965504e+08
2.511886431509587e+05  6.043824582481251e+13  3.609129089412578e+17  -5.617251154142711e+18  9.999985234632015e-01  2.406093454533132e+08
3.981071705534984e+05  9.578821658329172e+13  5.720090719410750e+17  -9.166162886541382e+18  9.999990685498029e-01  2.406093460366102e+08
6.309573444801952e+05  1.518141447093219e+14  9.065739469616252e+17  -1.494488175020658e+19  9.999994132460484e-01  2.406093462869563e+08
1.000000000000003e+06  2.406092566198213e+14  1.436823513360973e+18  -2.434772289450279e+19  9.999996299947462e-01  2.406093456453312e+08
3.162277660168381e-04
0.000000000000000e+00  4.435886385683548e+04  -2.003752291193187e+13  -2.003752392422651e+13  3.094543670524164e-02  4.992998528498585e+06
3.981071705534973e-03  6.423628357531202e+04  -2.003738573787852e+13  -2.003766710476412e+13  3.208918958797192e-02  8.758377658259701e+06
6.309573444801934e-03  8.766901107211346e+04  -2.003720453629816e+13  -2.003787365374023e+13  3.375832607997745e-02  1.121638447504010e+07
1.000000000000000e-02  1.343631180488913e+05  -2.003680087254267e+13  -2.003835332717874e+13  3.696038258877160e-02  1.396511013099614e+07
1.584893192461114e-02  2.264372994301342e+05  -2.003593577584687e+13  -2.003946319235162e+13  4.227382092461635e-02  1.740595784704404e+07
2.511886431509581e-02  4.095509561166536e+05  -2.003407733405421e+13  -2.004196059160689e+13  5.033307898659558e-02  2.197902822235861e+07
3.981071705534975e-02  7.792280059645026e+05  -2.003011011151522e+13  -2.004749950402107e+13  6.195748813101852e-02  2.818949266249012e+07
6.309573444801936e-02  1.536633397791678e+06  -2.002168986667584e+13  -2.005964245835237e+13  7.826903717961838e-02  3.665175883081397e+07
1.000000000000001e-01  3.106684754071552e+06  -2.000392698105589e+13  -2.008600606320379e+13  1.007885124589956e-01  4.813322458308283e+07
1.584893192461115e-01  6.386219489459063e+06  -1.996671943793734e+13  -2.014275210977088e+13  1.315104954051461e-01  6.357225137545636e+07
2.511886431509582e-01  1.325756666690264e+07  -1.988946450279374e+13  -2.026389213272249e+13  1.729289000214104e-01  8.404108670994881e+07
3.981071705534975e-01  2.762469657065198e+07  -1.973092087818246e+13  -2.052030065861592e+13  2.279357149554675e-01  1.105942484327132e+08
6.309573444801937e-01  5.741849763880464e+07  -1.941084232438106e+13  -2.105781464601529e+13  2.994383121512231e-01  1.438948989360781e+08
1.000000000000001e+00  1.182173692941867e+08  -1.877994528642498e+13  -2.217139231419581e+13  3.894348074244408e-01  1.834719490675532e+08
1.584893192461115e+00  2.390391914406341e+08  -1.758023755986457e+13  -2.444321714578771e+13  4.972315015275678e-01  2.265453267009532e+08
2.511886431509582e+00  4.697359017722788e+08  -1.541768825507616e+13  -2.898329567413684e+13  6.168354896455737e-01  2.669533756535394e+08
3.981071705534977e+00  8.869582213740689e+08  -1.180163680998396e+13  -3.781186397575387e+13  7.351373361963982e-01  2.962804123043184e+08
6.309573444801939e+00  1.596565847295906e+09  -6.273176984628676e+12  -5.441595622111396e+13  8.351179554971994e-01  3.096006884444440e+08
1.000000000000001e+01  2.744002334513422e+09  1.570769467708487e+12  -8.456875336568281e+13  9.057392864536046e-01  3.108519581561118e+08
1.584893192461115e+01  4.553696934362688e+09  1.242986320661661e+13  -1.377103781160209e+14  9.484523850695826e-01  3.080246357592892e+08
2.511886431509583e+01  7.395786716315012e+09  2.784036253926012e+13  -2.294133188659679e+14  9.719710845024898e-01  3.055353445306935e+08
3.981071705534978e+01  1.187242405488901e+10  5.061372759494295e+13  -3.855811693389417e+14  9.845040241944031e-01  3.041333332611657e+08
6.309573444801942e+01  1.894472110140422e+10  8.535355017182094e+13  -6.493647428622376e+14  9.912220955820634e-01  3.034584921571351e+08
1.000000000000002e+02  3.013681779500583e+10  1.393569121841364e+14  -1.092516999999432e+15  9.949070562899373e-01  3.031528127036487e+08
1.584893192461116e+02  4.786322196308188e+10  2.241395521438420e+14  -1.834073116826978e+15  9.969841138797944e-01  3.030172250174016e+08
2.511886431509585e+02  7.594935509176151e+10  3.578979991770160e+14  -3.071082377378758e+15  9.981849012022888e-01  3.029573226326082e+08
3.981071705534980e+02  1.204570412253110e+11  5.694254464361251e+14  -5.129116071214640e+15  9.988939837416100e-01  3.029307751099563e+08
6.309573444801944e+02  1.909928607744482e+11  9.043198907107304e+14  -8.545175888966988e+15  9.993197954102795e-01  3.029189415106932e+08
1.000000000000002e+03  3.027816889215091e+11  1.434821936869798e+15  -1.420362570391837e+16  9.995788059825653e-01  3.029136316317603e+08
1.584893192461117e+03  4.799529642655114e+11  2.275404717335576e+15  -2.355880876221880e+16  9.997378809615970e-01  3.029112335032656e+08
2.511886431509585e+03  7.607490210963734e+11  3.607480554090232e+15  -3.899925033648206e+16  9.998362791361535e-01  3.029101439265565e+08
3.981071705534981e+03  1.205779702903808e+12  5.718557049975574e+15  -6.444291235004525e+16  9.998974653066997e-01  3.029096441651939e+08
6.309573444801947e+03  1.911105019680598e+12  9.064294411553054e+15  -1.063091869989722e+17  9.999356595584044e-01  3.029094153324547e+08
1.000000000000002e+04  3.028969738587734e+12  1.436685853412589e+16  -1.751046963802730e+17  9.999595675417097e-01  3.029093114167931e+08
1.584893192461117e+04  4.800665506380717e+12  2.277080084311899e+16  -2.880084006354895e+17  9.999745652392895e-01  3.029092638175886e+08
2.511886431509586e+04  7.608613758408692e+12  3.609010858037501e+16  -4.730824896893974e+17  9.999839871179187e-01  3.029092393456169e+08
3.981071705534983e+04  1.205891162032231e+13  5.719975655695490e+16  -7.761265122168726e+17  9.999899145342686e-01  3.029092254376042e+08
6.309573444801949e+04  1.911215819197712e+13  9.065626571349198e+16  -1.271826217690807e+18  9.999936431881399e-01  3.029092241215654e+08
1.000000000000003e+05  3.029080063640376e+13  1.436812445096002e+17  -2.081876215068865e+18  9.999959947168167e-01  3.029092203420129e+08
1.584893192461118e+05  4.800775470397430e+13  2.277201471911686e+17  -3.404420290811975e+18  9.999974733352264e-01  3.029092204064431e+08
2.511886431509587e+05  7.608723457785259e+13  3.609128243217215e+17  -5.561848890082938e+18  9.999984060198519e-01  3.029092192675522e+08
3.981071705534984e+05  1.205902110616258e+14  5.720089864104180e+17  -9.078356165677132e+18  9.999989943641754e-01  3.029092199527616e+08
6.309573444801952e+05  1.911226756832349e+14  9.065738605313993e+17  -1.480571742571280e+19  9.999993663570259e-01  3.029092203717254e+08
1.000000000000003e+06  3.029090985308802e+14  1.436823428713915e+18  -2.412716225411495e+19  9.999996004774504e-01  3.029092195482965e+08
3.981071705534975e-04
0.000000000000000e+00  8.410611774147650e+04  -2.003748339635834e+13  -2.003748298081674e+13  3.608301552059951e-02  5.984799821363644e+06
3.981071705534973e-03  1.079319736405868e+05  -2.003735702391657e+13  -2.003761304039609e+13  3.685189585060140e-02  1.092428282588185e+07
6.309573444801934e-03  1.377106859942793e+05  -2.003718544094098e+13  -2.003780242066958e+13  3.809707176998436e-02  1.441301871534391e+07
1.000000000000000e-02  1.981826894893767e+05  -2.003679860010226e+13  -2.003824773380154e+13  4.074247818630435e-02  1.814030033085299e+07
1.584893192461114e-02  3.176496767365668e+05  -2.003596585053994e+13  -2.003928953466327e+13  4.546335936220559e-02  2.253526875582889e+07
2.511886431509581e-02  5.535667240970314e+05  -2.003417452350976e+13  -2.004165208480122e+13  5.293729795824770e-02  2.819815664839062e+07
3.981071705534975e-02  1.025190424973833e+06  -2.003035126478931e+13  -2.004692010998518e+13  6.396446770736758e-02  3.580624319428679e+07
6.309573444801936e-02  1.982276815412868e+06  -2.002224142419373e+13  -2.005851069470948e+13  7.961193237850755e-02  4.613588628528515e+07
1.000000000000001e-01  3.950041624702525e+06  -2.000514552760819e+13  -2.008373389824620e+13  1.013281509845585e-01  6.013542306139652e+07
1.584893192461115e-01  8.033323252113466e+06  -1.996935884683029e+13  -2.013810555695270e+13  1.310263610578674e-01  7.895899077622117e+07
2.511886431509582e-01  1.654613239340774e+07  -1.989508875025031e+13  -2.025428282000085e+13  1.711188548127031e-01  1.039340235786766e+08
3.981071705534975e-01  3.428430360098662e+07  -1.974268187189597e+13  -2.050033211918710e+13  2.244355216849481e-01  1.363955339295118e+08
6.309573444801937e-01  7.099986987916881e+07  -1.943480496484901e+13  -2.101638288381302e+13  2.938844375399233e-01  1.772580440031490e+08
1.000000000000001e+00  1.459085749347130e+08  -1.882691043361385e+13  -2.208616430744755e+13  3.816070871429662e-01  2.261455264450684e+08
1.584893192461115e+00  2.950215309677029e+08  -1.766694269822209e+13  -2.427087942313680e+13  4.873080335884842e-01  2.799651473005265e+08
2.511886431509582e+00  5.808108967582172e+08  -1.556363704364610e+13  -2.864431411175355e+13  6.057069553179212e-01  3.314554164382293e+08
3.981071705534977e+00  1.100541786088685e+09  -1.201601816272074e+13  -3.717066397507859e+13  7.244666587034120e-01  3.701054185325599e+08
6.309573444801939e+00  1.989680470435964e+09  -6.537182813214651e+12  -5.325924958018719e+13  8.266338570315065e-01  3.888129808073671e+08
1.000000000000001e+01  3.433116609885848e+09  1.298940315114931e+12  -8.257684773793227e+13  9.000984563800181e-01  3.914307105435330e+08
1.584893192461115e+01  5.712757097264249e+09  1.218394910347593e+13  -1.344003577142415e+14  9.451222373095461e-01  3.880534532432438e+08
2.511886431509583e+01  9.292846410075300e+09  2.763088633116281e+13  -2.240332500282260e+14  9.700921062767406e-01  3.848242878205002e+08
3.981071705534978e+01  1.493043386794749e+10  5.043680232098538e+13  -3.769409519626913e+14  9.834405225957286e-01  3.829673572452104e+08
6.309573444801942e+01  2.383525240451668e+10  8.520143003219350e+13  -6.355745161719052e+14  9.906067604616574e-01  3.820689389145953e+08
1.000000000000002e+02  3.792615559243492e+10  1.392225690454721e+14  -1.070577091805833e+15  9.945424470381483e-01  3.816622866253964e+08
1.584893192461116e+02  6.024295669962307e+10  2.240176828983541e+14  -1.799225715383654e+15  9.967638441324443e-01  3.814824455091853e+08
2.511886431509585e+02  9.560168056539430e+10  3.577848484816073e+14  -3.015784193655662e+15  9.980499489305282e-01  3.814032822235363e+08
3.981071705534980e+02  1.516337835490085e+11  5.693184094095916e+14  -5.041409931007668e+15  9.988105003875766e-01  3.813683281250337e+08
6.309573444801944e+02  2.404332806740963e+11  9.042171664937234e+14  -8.406109656415459e+15  9.992678152082101e-01  3.813528014782070e+08
1.000000000000002e+03  3.811671840762516e+11  1.434722275661650e+15  -1.398316137363681e+16  9.995463006711293e-01  3.813458565532224e+08
1.584893192461117e+03  6.042126762051327e+11  2.275307245863198e+15  -2.320933868164434e+16  9.997174954236001e-01  3.813427288683501e+08
2.511886431509585e+03  9.577140156514589e+11  3.607384656150954e+15  -3.844532102503090e+16  9.998234697503993e-01  3.813413115858593e+08
3.981071705534981e+03  1.517974482839194e+12  5.718462305498995e+15  -6.356493779207416e+16  9.998894062315647e-01  3.813406643510515e+08
6.309573444801947e+03  2.405926469724664e+12  9.064200493257298e+15  -1.049176359121927e+17  9.999305845139722e-01  3.813403699296666e+08
1.000000000000002e+04  3.813234787019571e+12  1.436676522646470e+16  -1.728991817793289e+17  9.999563698966014e-01  3.813402299358640e+08
1.584893192461117e+04  6.043667620431308e+12  2.277070791998788e+16  -2.845128411044308e+17  9.999725493974658e-01  3.813401692934641e+08
2.511886431509586e+04  9.578665038640062e+12  3.609001605082890e+16  -4.675423469592634e+17  9.999827162119878e-01  3.813401386054183e+08
3.981071705534983e+04  1.518125811784841e+13  5.719966463007466e+16  -7.673459236002865e+17  9.999891134043827e-01  3.813401228600482e+08
6.309573444801949e+04  2.406076946023532e+13  9.065617357301542e+16  -1.257909868722551e+18  9.999931376363502e-01  3.813401191900049e+08
1.000000000000003e+05  3.813384650864334e+13  1.436811528731575e+17  -2.059820234274524e+18  9.999956758979314e-01  3.813401162045694e+08
1.584893192461118e+05  6.043817020364523e+13  2.277200553598296e+17  -3.369463863477673e+18  9.999972721757997e-01  3.813401148904216e+08
2.511886431509587e+05  9.578814097709750e+13  3.609127329848641e+17  -5.506446632763155e+18  9.999982792069345e-01  3.813401135715331e+08
3.981071705534984e+05  1.518140689613352e+14  5.720088942231316e+17  -8.990549451583906e+18  9.999989142752872e-01  3.813401143608124e+08
6.309573444801952e+05  2.406091810085175e+14  9.065737672930304e+17  -1.466655310804893e+19  9.999993157360092e-01  3.813401149673826e+08
1.000000000000003e+06  3.813399494506052e+14  1.436823337298465e+18  -2.390660162049364e+19  9.999995686052991e-01  3.813401139573856e+08
5.011872336272725e-04
0.000000000000000e+00  1.585565383720901e+05  -2.003742317315459e+13  -2.003742298774264e+13  4.192944998125620e-02  7.041168744036359e+06
3.981071705534973e-03  1.865879321758616e+05  -2.003730850422546e+13  -2.003753975285063e+13  4.244013709122861e-02  1.329092546678757e+07
6.309573444801934e-03  2.236561871379442e+05  -2.003714778774618e+13  -2.003771197373388e+13  4.331682272876972e-02  1.823135808386973e+07
1.000000000000000e-02  3.011896455260296e+05  -2.003677932269096e+13  -2.003812209560409e+13  4.538776953577575e-02  2.343561843359369e+07
1.584893192461114e-02  4.559685724132261e+05  -2.003597961110266e+13  -2.003909377793536e+13  4.943071584298356e-02  2.920044983564533e+07
2.511886431509581e-02  7.607019699705049e+05  -2.003425415204180e+13  -2.004131812942289e+13  5.621409978794419e-02  3.630203029442447e+07
3.981071705534975e-02  1.364640226979338e+06  -2.003057173891841e+13  -2.004631112038923e+13  6.655175829552824e-02  4.565281201198450e+07
6.309573444801936e-02  2.578364666270719e+06  -2.002276288348225e+13  -2.005734628325591e+13  8.146727809296654e-02  5.826697291002487e+07
1.000000000000001e-01  5.051872991342869e+06  -2.000631282390784e+13  -2.008143251604473e+13  1.023362619140040e-01  7.532925516547610e+07
1.584893192461115e-01  1.014739761773212e+07  -1.997190172241820e+13  -2.013345329196342e+13  1.309864536940795e-01  9.826283877438080e+07
2.511886431509582e-01  2.071089498112443e+07  -1.990052345081442e+13  -2.024474292802873e+13  1.697425828321212e-01  1.287103906175638e+08
3.981071705534975e-01  4.263409515527669e+07  -1.975407332477391e+13  -2.048062769156963e+13  2.213634313909354e-01  1.683539530172806e+08
6.309573444801937e-01  8.790414041998810e+07  -1.945808381927211e+13  -2.097566332585859e+13  2.887424880771915e-01  2.184299435306416e+08
1.000000000000001e+00  1.802051400921191e+08  -1.887274713533796e+13  -2.200258118634525e+13  3.741394027410958e-01  2.787150089800007e+08
1.584893192461115e+00  3.641730355891634e+08  -1.775219827619377e+13  -2.410191512101849e+13  4.776231008334303e-01  3.458081909344878e+08
2.511886431509582e+00  7.179736628253562e+08  -1.570882315663996e+13  -2.831142429369819e+13  5.946042154280394e-01  4.112174652765591e+08
3.981071705534977e+00  1.364856413362210e+09  -1.223281397816797e+13  -3.653885725428176e+13  7.135636439089557e-01  4.619406845226654e+08
6.309573444801939e+00  2.478170828392946e+09  -6.809338306732202e+12  -5.211453888009473e+13  8.177535042616189e-01  4.880253846144556e+08
1.000000000000001e+01  4.293355941451066e+09  1.014002526784815e+12  -8.059771051672905e+13  8.940808748775436e-01  4.928117475274080e+08
1.584893192461115e+01  7.164810543273812e+09  1.192350240005688e+13  -1.311023491942385e+14  9.415327392783694e-01  4.888776400410526e+08
2.511886431509583e+01  1.167465413077397e+10  2.740797062643126e+13  -2.186639440847670e+14  9.680599746726610e-01  4.847048205890934e+08
3.981071705534978e+01  1.877445035588628e+10  5.024814786759738e+13  -3.683103943301249e+14  9.822902994534776e-01  4.822452815683084e+08
6.309573444801942e+01  2.998676896687559e+10  8.503902657067587e+13  -6.217931496498512e+14  9.899418025267464e-01  4.810475647726350e+08
1.000000000000002e+02  4.772738413274318e+10  1.390789663048309e+14  -1.048645507284372e+15  9.941487162569489e-01  4.805056050594398e+08
1.584893192461116e+02  7.582336618794479e+10  2.238872328822349e+14  -1.764386287616710e+15  9.965260777083023e-01  4.802666247064521e+08
2.511886431509585e+02  1.203378756051478e+11  3.576635571992000e+14  -2.960493756756749e+15  9.979043006099915e-01  4.801618268748122e+08
3.981071705534980e+02  1.908784468015049e+11  5.692035161739239e+14  -4.953711390137700e+15  9.987204021642002e-01  4.801157338634557e+08
6.309573444801944e+02  3.026706075992901e+11  9.041067705882745e+14  -8.267050926639039e+15  9.992117137011990e-01  4.800953341650203e+08
1.000000000000002e+03  4.798442379424537e+11  1.434615063425060e+15  -1.376270448238346e+16  9.995112156695691e-01  4.800862404687525e+08
1.584893192461117e+03  7.606419709303373e+11  2.275202303255014e+15  -2.285987599766266e+16  9.996954904634228e-01  4.800821574901695e+08
2.511886431509585e+03  1.205673853793197e+12  3.607281341602460e+15  -3.789139908176442e+16  9.998096419424044e-01  4.800803116605485e+08
3.981071705534981e+03  1.911000035883924e+12  5.718360165249524e+15  -6.268697058276948e+16  9.998807056848289e-01  4.800794739845942e+08
6.309573444801947e+03  3.028865384965962e+12  9.064099182389672e+15  -1.035260921617695e+17  9.999251051261895e-01  4.800790920537037e+08
1.000000000000002e+04  4.800561610237027e+12  1.436666462250368e+16  -1.706936745033097e+17  9.999529177688792e-01  4.800789076818076e+08
1.584893192461117e+04  7.608510195858969e+12  2.277060771608820e+16  -2.810172888944628e+17  9.999703731076734e-01  4.800788292609739e+08
2.511886431509586e+04  1.205880828767268e+13  3.608991625758839e+16  -4.620022115426887e+17  9.999813441288727e-01  4.800787899817995e+08
3.981071705534983e+04  1.911205509502338e+13  5.719956523345588e+16  -7.585653422854420e+17  9.999882481554458e-01  4.800787745580278e+08
6.309573444801949e+04  3.029069757097660e+13  9.065607418873134e+16  -1.243993527062393e+18  9.999925918200211e-01  4.800787664337347e+08
1.000000000000003e+05  4.800765188775461e+13  1.436810536077929e+17  -2.037764260787713e+18  9.999953314925398e-01  4.800787647022334e+08
1.584893192461118e+05  7.608713178885878e+13  2.277199562888283e+17  -3.334507443445943e+18  9.999970549908974e-01  4.800787609628107e+08
2.511886431509587e+05  1.205901083135231e+14  3.609126343780257e+17  -5.451044382722011e+18  9.999981422739547e-01  4.800787595119359e+08
3.981071705534984e+05  1.911225727593258e+14  5.720087948364354e+17  -8.902742744796805e+18  9.999988278107591e-01  4.800787603830165e+08
6.309573444801952e+05  3.029089957306803e+14  9.065736667694708e+17  -1.452738879775314e+19  9.999992610892274e-01  4.800787612019832e+08
1.000000000000003e+06  4.800785363746226e+14  1.436823238572036e+18  -2.368604099417876e+19  9.999995341902961e-01  4.800787600011082e+08
6.309573444801936e-04
0.000000000000000e+00  2.971620415142260e+05  -2.003733365113064e+13  -2.003733349047380e+13  4.855172071851199e-02  8.159083696668112e+06
3.981071705534973e-03  3.296437575548480e+05  -2.003723028663545e+13  -2.003743788653870e+13  4.889285675985377e-02  1.577286719424535e+07
6.309573444801934e-03  3.746922471361378e+05  -2.003708166598659e+13  -2.003759333995192e+13  4.948304569670636e-02  2.256373174917578e+07
1.000000000000000e-02  4.725302306521930e+05  -2.003673370990224e+13  -2.003796788625227e+13  5.101248059622440e-02  2.994265408383317e+07
1.584893192461114e-02  6.719234426096315e+05  -2.003596898790147e+13  -2.003886758527619e+13  5.431975087367171e-02  3.776078747827069e+07
2.511886431509581e-02  1.065825161589398e+06  -2.003431074329034e+13  -2.004095006167790e+13  6.030070570099594e-02  4.683871693120231e+07
3.981071705534975e-02  1.841646295483876e+06  -2.003076502629485e+13  -2.004566283121771e+13  6.983491852559322e-02  5.841432191263696e+07
6.309573444801936e-02  3.386317286007561e+06  -2.002324825608843e+13  -2.005613750134065e+13  8.392682018521057e-02  7.384154849536236e+07
1.000000000000001e-01  6.505318881533566e+06  -2.000742331323502e+13  -2.007908672277832e+13  1.038845555769742e-01  9.463150569254616e+07
1.584893192461115e-01  1.287982232957505e+07  -1.997434299468061e+13  -2.012877435743034e+13  1.314472020062514e-01  1.225532889334342e+08
2.511886431509582e-01  2.601191088802424e+07  -1.990576398483239e+13  -2.023524207116294e+13  1.688457331690006e-01  1.596395361067426e+08
3.981071705534975e-01  5.314063701381771e+07  -1.976508982602628e+13  -2.046114200440622e+13  2.187586706470837e-01  2.080030360690094e+08
6.309573444801937e-01  1.089965484326057e+08  -1.948066631165343e+13  -2.093558861313464e+13  2.840499719814938e-01  2.692897256898061e+08
1.000000000000001e+00  2.227507582844189e+08  -1.891741339037417e+13  -2.192054976196125e+13  3.670726974667720e-01  3.435037430218674e+08
1.584893192461115e+00  4.496658176189662e+08  -1.783587472206456e+13  -2.393622078104627e+13  4.682250801325956e-01  4.269541304747251e+08
2.511886431509582e+00  8.873910454117633e+08  -1.585293474734781e+13  -2.798458280266395e+13  5.835805671018177e-01  5.097867892472258e+08
3.981071705534977e+00  1.691859322572542e+09  -1.245153719489699e+13  -3.591661214466220e+13  7.024707501258338e-01  5.760682588007361e+08
6.309573444801939e+00  3.084828249295847e+09  -7.089361390740907e+12  -5.098234809351958e+13  8.084890519350596e-01  6.121800771146432e+08
1.000000000000001e+01  5.366608358906516e+09  7.155714806109254e+11  -7.863216793734398e+13  8.876728329584063e-01  6.203152303760194e+08
1.584893192461115e+01  8.983209759813120e+09  1.164760165193049e+13  -1.278172725544383e+14  9.376653027221566e-01  6.158939331555511e+08
2.511886431509583e+01  1.466439423081591e+10  2.717056656209969e+13  -2.133062690301140e+14  9.658615433817149e-01  6.105288355631378e+08
3.981071705534978e+01  2.360589304500019e+10  5.004680281543130e+13  -3.596902773905644e+14  9.810456780754192e-01  6.072722661163864e+08
6.309573444801942e+01  3.772385926941844e+10  8.486550039387466e+13  -6.080213522259110e+14  9.892229111672373e-01  6.056735120228958e+08
1.000000000000002e+02  6.005964651215430e+10  1.389253598852614e+14  -1.026722906470608e+15  9.937234034702066e-01  6.049499040552490e+08
1.584893192461116e+02  9.543148074311755e+10  2.237475211085628e+14  -1.729555462844906e+15  9.962693691889235e-01  6.046317278254863e+08
2.511886431509585e+02  1.514726281811596e+11  3.575334835092544e+14  -2.905211677299028e+15  9.977470857038518e-01  6.044927437756296e+08
3.981071705534980e+02  2.402783972885199e+11  5.690801486311876e+14  -4.866021047963616e+15  9.986231555223783e-01  6.044318636251421e+08
6.309573444801944e+02  3.810166823030862e+11  9.039880991504422e+14  -8.128000292238914e+15  9.991511601736313e-01  6.044050244762603e+08
1.000000000000002e+03  6.040652594911179e+11  1.434499704843120e+15  -1.354225561870435e+16  9.994733445568914e-01  6.043931031111695e+08
1.584893192461117e+03  9.575687875540071e+11  2.275089298887472e+15  -2.251042129638243e+16  9.996717366776007e-01  6.043877680420439e+08
2.511886431509585e+03  1.517830818067795e+12  3.607170023082983e+15  -3.733748509123366e+16  9.997947143836708e-01  6.043853633086134e+08
3.981071705534981e+03  2.405783928250828e+12  5.718250049948894e+15  -6.180901130643303e+16  9.998713126196503e-01  6.043842740069180e+08
6.309573444801947e+03  3.813093060484736e+12  9.063989925339082e+15  -1.021345563317849e+17  9.999191894581532e-01  6.043837772787082e+08
1.000000000000002e+04  6.043526489603243e+12  1.436655610776901e+16  -1.684881751338650e+17  9.999491906442202e-01  6.043835424953616e+08
1.584893192461117e+04  9.578524336590658e+12  2.277049965482757e+16  -2.775217445861093e+17  9.999680235768209e-01  6.043834371229341e+08
2.511886431509586e+04  1.518111770963464e+13  3.608980864033228e+16  -4.564620840193212e+17  9.999798628234715e-01  6.043833871602979e+08
3.981071705534983e+04  2.406062935139982e+13  5.719945770281007e+16  -7.497847688640454e+17  9.999873136028308e-01  6.043833734504238e+08
6.309573444801949e+04  3.813370644444774e+13  9.065596691592925e+16  -1.230077193291494e+18  9.999920024750791e-01  6.043833591911381e+08
1.000000000000003e+05  6.043803044215669e+13  1.436809461152487e+17  -2.015708295205437e+18  9.999949594729777e-01  6.043833584458636e+08
1.584893192461118e+05  9.578800126172428e+13  2.277198494035823e+17  -3.299551031296528e+18  9.999968205024934e-01  6.043833515614163e+08
2.511886431509587e+05  1.518139293215504e+14  3.609125278933034e+17  -5.395642140541980e+18  9.999979944084293e-01  6.043833501037059e+08
3.981071705534984e+05  2.406090411554187e+14  5.720086876639847e+17  -8.814936045894159e+18  9.999987344604784e-01  6.043833509657472e+08
6.309573444801952e+05  3.813398096923241e+14  9.065735584198566e+17  -1.438822449540458e+19  9.999992020977758e-01  6.043833520273670e+08
1.000000000000003e+06  6.043830466408122e+14  1.436823131944730e+18  -2.346548037575342e+19  9.999994970292421e-01  6.043833506398704e+08
7.943282347242821e-04
0.000000000000000e+00  5.535890013682412e+05  -2.003720081207598e+13  -2.003720067387394e+13  5.601715725309868e-02  9.353471254692042e+06
3.981071705534973e-03  5.908258433129507e+05  -2.003710821457188e+13  -2.003729374879828e+13  5.624830934782259e-02  1.835564272276205e+07
6.309573444801934e-03  6.442977706644626e+05  -2.003697251401072e+13  -2.003743320729090e+13  5.663714821187983e-02  2.724610899682099e+07
1.000000000000000e-02  7.651933478808092e+05  -2.003664760757257e+13  -2.003777245380704e+13  5.770663039263240e-02  3.761192762899647e+07
1.584893192461114e-02  1.019269849582463e+06  -2.003592107521686e+13  -2.003859886130313e+13  6.027151170479338e-02  4.851748836935993e+07
2.511886431509581e-02  1.527255782476584e+06  -2.003433125812722e+13  -2.004053579264109e+13  6.535206887092251e-02  6.045174399404992e+07
3.981071705534975e-02  2.525854969324319e+06  -2.003091722102128e+13  -2.004496229859184e+13  7.395280482824301e-02  7.495925650536843e+07
6.309573444801936e-02  4.498282724945448e+06  -2.002368849863099e+13  -2.005486939457629e+13  8.710247348203377e-02  9.389838223630193e+07
1.000000000000001e-01  8.443985806524510e+06  -2.000846860539506e+13  -2.007667792230773e+13  1.060605867122753e-01  1.192400875230206e+08
1.584893192461115e-01  1.643989862552227e+07  -1.997667485435940e+13  -2.012404403137856e+13  1.324767636581715e-01  1.532137750017907e+08
2.511886431509582e-01  3.279823002008735e+07  -1.991080305731410e+13  -2.022574548552618e+13  1.684823094234614e-01  1.983453554913534e+08
3.981071705534975e-01  6.641549972152451e+07  -1.977572354257071e+13  -2.044182426459809e+13  2.166661189142283e-01  2.572828801601451e+08
6.309573444801937e-01  1.353901576592349e+08  -1.950253841126956e+13  -2.089608400361055e+13  2.798478637980887e-01  3.321913239895574e+08
1.000000000000001e+00  2.756290681524444e+08  -1.896086824555028e+13  -2.183996541018189e+13  3.604497266552990e-01  4.233986491927962e+08
1.584893192461115e+00  5.554761388463488e+08  -1.791784691956471e+13  -2.377367323739017e+13  4.591635126466845e-01  5.269602358122873e+08
2.511886431509582e+00  1.096731126486426e+09  -1.599565891053104e+13  -2.766371291122149e+13  5.726917632701545e-01  6.315310694911282e+08
3.981071705534977e+00  2.096348004735554e+09  -1.267165853724357e+13  -3.530405357545515e+13  6.912359539574423e-01  7.177640085468706e+08
6.309573444801939e+00  3.837837625268046e+09  -7.376863147901654e+12  -4.986317559579364e+13  7.988590697044345e-01  7.674035465859457e+08
1.000000000000001e+01  6.704850530211117e+09  4.033493456529757e+11  -7.668106879975103e+13  8.808634950318500e-01  7.805967131199018e+08
1.584893192461115e+01  1.125943376516961e+10  1.135531552023812e+13  -1.245461087675249e+14  9.335010689851553e-01  7.758927630514489e+08
2.511886431509583e+01  1.841630859555319e+10  2.691755430785911e+13  -2.079611642319556e+14  9.634827134000192e-01  7.690396689410336e+08
3.981071705534978e+01  2.967757209445863e+10  4.983172361447291e+13  -3.510814490268951e+14  9.796982886212245e-01  7.647313252165090e+08
6.309573444801942e+01  4.745446300979144e+10  8.467993805225273e+13  -5.942598926926519e+14  9.884453764161871e-01  7.625948602412603e+08
1.000000000000002e+02  7.557586093718813e+10  1.387609416816608e+14  -1.004810003753370e+15  9.932638269426298e-01  7.616269645964996e+08
1.584893192461116e+02  1.201078569087411e+11  2.235978098937168e+14  -1.694733921208176e+15  9.959921479951691e-01  7.612025113494529e+08
2.511886431509585e+02  1.906604387761916e+11  3.573939334952873e+14  -2.849938614638062e+15  9.975773605864289e-01  7.610178416982194e+08
3.981071705534980e+02  3.024608916405342e+11  5.689476392585184e+14  -4.778339551408806e+15  9.985181830076398e-01  7.609372952261078e+08
6.309573444801944e+02  4.796402905498234e+11  9.038605004116964e+14  -7.988958392740953e+15  9.990857970380277e-01  7.609019315817453e+08
1.000000000000002e+03  7.604420694634484e+11  1.434375557540150e+15  -1.332181541773436e+16  9.994324642689829e-01  7.608862840572654e+08
1.584893192461117e+03  1.205476812517861e+12  2.274967596016480e+15  -2.216097521034825e+16  9.996460943021394e-01  7.608793056102433e+08
2.511886431509585e+03  1.910805031192481e+12  3.607050063793661e+15  -3.678357968446392e+16  9.997785991823560e-01  7.608761708303381e+08
3.981071705534981e+03  3.028671840041187e+12  5.718131341411169e+15  -6.093106059314557e+16  9.998611719715370e-01  7.608747513347565e+08
6.309573444801947e+03  4.800369118287063e+12  9.063872116974178e+15  -1.007430290512751e+17  9.999128029118948e-01  7.608741053190773e+08
1.000000000000002e+04  7.608318476121947e+12  1.436643900053941e+16  -1.662826843009919e+17  9.999451662929726e-01  7.608738117841740e+08
1.584893192461117e+04  1.205861712270384e+13  2.277038310358892e+16  -2.740262088060965e+17  9.999654869403368e-01  7.608736682418694e+08
2.511886431509586e+04  1.911186431119634e+13  3.608969254718015e+16  -4.509219650152161e+17  9.999782635052867e-01  7.608736051661403e+08
3.981071705534983e+04  3.029050715220835e+13  5.719934143257060e+16  -7.410042039752934e+17  9.999863042930434e-01  7.608735909547418e+08
6.309573444801949e+04  4.800746154628944e+13  9.065585107862533e+16  -1.216160868039957e+18  9.999913660966089e-01  7.608735701559337e+08
1.000000000000003e+05  7.608694179945745e+13  1.436808298607692e+17  -1.993652338168918e+18  9.999945577000834e-01  7.608735696633531e+08
1.584893192461118e+05  1.205899184085851e+14  2.277197340793642e+17  -3.264594627655402e+18  9.999965673293649e-01  7.608735593965230e+08
2.511886431509587e+05  1.911223829732604e+14  3.609124128538118e+17  -5.340239906853533e+18  9.999978347294123e-01  7.608735582178937e+08
3.981071705534984e+05  3.029088056921876e+14  5.720085720726083e+17  -8.727129355500993e+18  9.999986336737026e-01  7.608735588300204e+08
6.309573444801952e+05  4.800783463809930e+14  9.065734416429965e+17  -1.424906020162746e+19  9.999991384162196e-01  7.608735601698115e+08
1.000000000000003e+06  7.608731453443301e+14  1.436823016769305e+18  -2.324491976584772e+19  9.999994569022829e-01  7.608735586220050e+08
1.000000000000000e-03
0.000000000000000e+00  1.024956263689362e+06  -2.003700488837936e+13  -2.003700477053747e+13  6.439197862335212e-02  1.064935573628077e+07
3.981071705534973e-03  1.067352115263036e+06  -2.003692229073495e+13  -2.003708757351138e+13  6.455071200006635e-02  2.107087436485010e+07
6.309573444801934e-03  1.129593503064935e+06  -2.003679974078508e+13  -2.003721210280186e+13  6.480782430977446e-02  3.213842498837065e+07
1.000000000000000e-02  1.275503294673120e+06  -2.003650018924418e+13  -2.003751710538411e+13  6.552607886943905e-02  4.621626824466347e+07
1.584893192461114e-02  1.593971132365488e+06  -2.003581625702661e+13  -2.003826990552852e+13  6.740605086074847e-02  6.160802472385687e+07
2.511886431509581e-02  2.244861556256091e+06  -2.003429887738602e+13  -2.004005816704575e+13  7.152885785042906e-02  7.780137186147229e+07
3.981071705534975e-02  3.530348950594328e+06  -2.003102491138907e+13  -2.004419191534842e+13  7.906154849332639e-02  9.636382722712152e+07
6.309573444801936e-02  6.055670059824209e+06  -2.002406997389567e+13  -2.005352251538007e+13  9.112869082686212e-02  1.197775161073662e+08
1.000000000000001e-01  1.106315300715115e+07  -2.000943616979391e+13  -2.007418295026791e+13  1.089707509457312e-01  1.507150213582095e+08
1.584893192461115e-01  2.112134873836021e+07  -1.997888558409799e+13  -2.011923270084249e+13  1.341575752271275e-01  1.920387715546013e+08
2.511886431509582e-01  4.154378744435519e+07  -1.991562959027214e+13  -2.021621290429027e+13  1.687165921491980e-01  2.469118478275552e+08
3.981071705534975e-01  8.326742331501099e+07  -1.978596309600936e+13  -2.042261711954957e+13  2.151377044920424e-01  3.186553302701931e+08
6.309573444801937e-01  1.685263768203805e+08  -1.952368342691905e+13  -2.085706624349863e+13  2.761815798133738e-01  4.100908756286868e+08
1.000000000000001e+00  3.414944192016904e+08  -1.900307055222889e+13  -2.176071100619778e+13  3.543156657849936e-01  5.219942862493983e+08
1.584893192461115e+00  6.866059013720757e+08  -1.799799362766747e+13  -2.361412853880839e+13  4.504892882473633e-01  6.502268336235042e+08
2.511886431509582e+00  1.355551401172897e+09  -1.613668389603353e+13  -2.734870259672026e+13  5.619957358326531e-01  7.818317589616379e+08
3.981071705534977e+00  2.596659104384980e+09  -1.289261192876336e+13  -3.470125756909528e+13  6.799124373101539e-01  8.935263008117253e+08
6.309573444801939e+00  4.772063429758000e+09  -7.671343297366331e+12  -4.875748400107804e+13  7.888889986232589e-01  9.612806994433385e+08
1.000000000000001e+01  8.372546979743126e+09  7.714684764977859e+10  -7.474527622097823e+13  8.736457153482314e-01  9.819715207700976e+08
1.584893192461115e+01  1.410749630957807e+10  1.104571894866055e+13  -1.212898990803106e+14  9.290212563336189e-01  9.774135711958119e+08
2.511886431509583e+01  2.312344121770307e+10  2.664774472618537e+13  -2.026296446740580e+14  9.609084499142725e-01  9.687333029475907e+08
3.981071705534978e+01  3.730671833749310e+10  4.960177934542340e+13  -3.424848294860388e+14  9.782390191013222e-01  9.630414861176207e+08
6.309573444801942e+01  5.969120135868758e+10  8.448134571827831e+13  -5.805096047906309e+14  9.876040517717959e-01  9.601838491733128e+08
1.000000000000002e+02  9.509712585152130e+10  1.385848339219994e+14  -9.829075723912928e+14  9.927670624763797e-01  9.588868858744326e+08
1.584893192461116e+02  1.511616444565920e+11  2.234373000480568e+14  -1.659922397762268e+15  9.956927068417102e-01  9.583195154815948e+08
2.511886431509585e+02  2.399833936078428e+11  3.572441568792226e+14  -2.794675280711012e+15  9.973941020316278e-01  9.580736628468870e+08
3.981071705534980e+02  3.807326597290208e+11  5.688052671928492e+14  -4.690667598671791e+15  9.984048595202711e-01  9.579669080999173e+08
6.309573444801944e+02  6.037888421517638e+11  9.037232709508321e+14  -7.849925918244035e+15  9.990152376039892e-01  9.579202419274524e+08
1.000000000000002e+03  9.572976823249480e+11  1.434241928370398e+15  -1.310138456482180e+16  9.993883337340371e-01  9.578996772846546e+08
1.584893192461117e+03  1.517563453905314e+12  2.274836507689122e+15  -2.181153842213766e+16  9.996184123435238e-01  9.578905399524255e+08
2.511886431509585e+03  2.405519219078434e+12  3.606920781440270e+15  -3.622968354250552e+16  9.997612015332272e-01  9.578864485115532e+08
3.981071705534981e+03  3.812830249107347e+12  5.718003358201444e+15  -6.005311912261885e+16  9.998502240319359e-01  9.578846022200006e+08
6.309573444801947e+03  6.043265039834432e+12  9.063745077285444e+15  -9.935151099869152e+16  9.999059078627101e-01  9.578837621709009e+08
1.000000000000002e+04  9.578263881547377e+12  1.436631259766185e+16  -1.640772026865344e+17  9.999408209284157e-01  9.578833901065242e+08
1.584893192461117e+04  1.518085797443428e+13  2.277025733677683e+16  -2.705306822323233e+17  9.999627480801402e-01  9.578832022623068e+08
2.511886431509586e+04  2.406037011827342e+13  3.608956722010786e+16  -4.453818552088921e+17  9.999765365735869e-01  9.578831219555159e+08
3.981071705534983e+04  3.813344764644214e+13  5.719921584841358e+16  -7.322236483051118e+17  9.999852144294082e-01  9.578830999822545e+08
6.309573444801949e+04  6.043777177987773e+13  9.065572600498963e+16  -1.202244551988849e+18  9.999906789467645e-01  9.578830729461886e+08
1.000000000000003e+05  9.578774299235002e+13  1.436807042943682e+17  -1.971596390364099e+18  9.999941238727538e-01  9.578830722766641e+08
1.584893192461118e+05  1.518136712009353e+14  2.277196096381389e+17  -3.229638233198617e+18  9.999962939790350e-01  9.578830586664975e+08
2.511886431509587e+05  2.406087832022715e+14  3.609122885092769e+17  -5.284837682339910e+18  9.999976622826738e-01  9.578830582530847e+08
3.981071705534984e+05  3.813395514509054e+14  5.720084473786543e+17  -8.639322674292734e+18  9.999985248557000e-01  9.578830581820755e+08
6.309573444801952e+05  6.043827883668909e+14  9.065733157781436e+17  -1.410989591709523e+19  9.999990696707800e-01  9.578830598419957e+08
1.000000000000003e+06  9.578824963227784e+14  1.436822892321966e+18  -2.302435916514324e+19  9.999994135708989e-01  9.578830582200558e+08
1.258925411794167e-03
0.000000000000000e+00  1.885772314897413e+06  -2.003671771190470e+13  -2.003671761257654e+13  7.373982543420034e-02  1.207225699971525e+07
3.981071705534973e-03  1.933832813361313e+06  -2.003664425043167e+13  -2.003679114676667e+13  7.384977059321138e-02  2.399358411524855e+07
6.309573444801934e-03  2.005288103163869e+06  -2.003653446186390e+13  -2.003690197281528e+13  7.402273312911212e-02  3.721481110456664e+07
1.000000000000000e-02  2.177461607226838e+06  -2.003626170722637e+13  -2.003717452466080e+13  7.449698530827449e-02  5.544154348705715e+07
1.584893192461114e-02  2.568351615465864e+06  -2.003562534189863e+13  -2.003785478040898e+13  7.580560249354376e-02  7.687789689452705e+07
2.511886431509581e-02  3.392791768676532e+06  -2.003418697522284e+13  -2.003949253247237e+13  7.898059436373023e-02  9.942033102348909e+07
3.981071705534975e-02  5.042625766524315e+06  -2.003105290077670e+13  -2.004332729469787e+13  8.533689367132803e-02  1.238335116019112e+08
6.309573444801936e-02  8.280661636724276e+06  -2.002436946450638e+13  -2.005207108426153e+13  9.616321912229388e-02  1.565360209000791e+08
1.000000000000001e-01  1.465409634021133e+07  -2.001030736974040e+13  -2.007157242416124e+13  1.127430404730508e-01  1.910771624449419e+08
1.584893192461115e-01  2.734318777505390e+07  -1.998095787552953e+13  -2.011430431655732e+13  1.365891330383220e-01  2.413551095438347e+08
2.511886431509582e-01  5.290040321179929e+07  -1.992022717932879e+13  -2.020659705365679e+13  1.696253658181023e-01  3.080205760288439e+08
3.981071705534975e-01  1.047764688514773e+08  -1.979579206063273e+13  -2.040345516000460e+13  2.142340403986165e-01  3.952540024861301e+08
6.309573444801937e-01  2.102857575792139e+08  -1.954408044369207e+13  -2.081844208716741e+13  2.731021425722134e-01  5.067111717065142e+08
1.000000000000001e+00  4.237469193489503e+08  -1.904397733718482e+13  -2.168265551967490e+13  3.487188703020805e-01  6.437760799140326e+08
1.584893192461115e+00  8.493723945212533e+08  -1.807619633869993e+13  -2.345742060032942e+13  4.422549662986664e-01  8.022055060002420e+08
2.511886431509582e+00  1.675797043314493e+09  -1.627570063847191e+13  -2.703940250534627e+13  5.515524058695377e-01  9.673245673481894e+08
3.981071705534977e+00  3.215551821531857e+09  -1.311380033482633e+13  -3.410824585788818e+13  6.685582088452776e-01  1.111358036939948e+09
6.309573444801939e+00  5.930655211374762e+09  -7.972188245275814e+12  -4.766568925890987e+13  7.786114728928721e-01  1.203191058715459e+09
1.000000000000001e+01  1.044962235507093e+10  -2.630941766219683e+11  -7.282565731110420e+13  8.660169035149894e-01  1.234814208921465e+09
1.584893192461115e+01  1.766940989811707e+10  1.071791359683779e+13  -1.180497426947757e+14  9.242076044398215e-01  1.231188198146348e+09
2.511886431509583e+01  2.902728639432028e+10  2.635988356724766e+13  -1.973128047820817e+14  9.581228322200335e-01  1.220312723652833e+09
3.981071705534978e+01  4.689128799803683e+10  4.935574696702178e+13  -3.339014170117226e+14  9.766579694408001e-01  1.212809094854963e+09
6.309573444801942e+01  7.507813909380609e+10  8.426864256702037e+13  -5.667713926444181e+14  9.866933145745781e-01  1.208984355720753e+09
1.000000000000002e+02  1.196559494596627e+11  1.383960831087568e+14  -9.610164493668476e+14  9.922299202045571e-01  1.207243465131781e+09
1.584893192461116e+02  1.902398324839406e+11  2.232651256921609e+14  -1.625121686874388e+15  9.953691890230675e-01  1.206483507114501e+09
2.511886431509585e+02  3.020615883752401e+11  3.570833424874539e+14  -2.739422444155768e+15  9.971962001752830e-01  1.206155539412371e+09
3.981071705534980e+02  4.792555546354544e+11  5.686522540518069e+14  -4.603005943200637e+15  9.982825082410923e-01  1.206013788526636e+09
6.309573444801944e+02  7.600673747780791e+11  9.035756516980949e+14  -7.710903613329194e+15  9.989390636544859e-01  1.205952110004249e+09
1.000000000000002e+03  1.205109100459015e+12  1.434098069547452e+15  -1.288096379941592e+16  9.993406924007449e-01  1.205925046662046e+09
1.584893192461117e+03  1.910442216694214e+12  2.274695292500716e+15  -2.146211166826346e+16  9.995885276600369e-01  1.205913069814989e+09
2.511886431509585e+03  3.028312488353099e+12  3.606781439953679e+15  -3.567579740018768e+16  9.997424190166885e-01  1.205907726125545e+09
3.981071705534981e+03  4.800012233395170e+12  5.717865354898131e+15  -5.917518762875722e+16  9.998384041873053e-01  1.205905325687919e+09
6.309573444801947e+03  7.607963355273357e+12  9.063608049620616e+15  -9.796000290700346e+16  9.998984634850181e-01  1.205904236691853e+09
1.000000000000002e+04  1.205826327789118e+13  1.436617619538698e+16  -1.618717310259626e+17  9.999361291716695e-01  1.205903750867217e+09
1.584893192461117e+04  1.911151139633035e+13  2.277012154856235e+16  -2.670351655996092e+17  9.999597906156076e-01  1.205903517767404e+09
2.511886431509586e+04  3.029015490338033e+13  3.608943182809374e+16  -4.398417553371523e+17  9.999746716538712e-01  1.205903414220560e+09
3.981071705534983e+04  4.800710981840867e+13  5.719908032904786e+16  -7.234431025882442e+17  9.999840377394602e-01  1.205903374350119e+09
6.309573444801949e+04  7.608659029643491e+13  9.065559101291045e+16  -1.188328245871799e+18  9.999899370205135e-01  1.205903341195629e+09
1.000000000000003e+05  1.205895673261305e+14  1.436805687905645e+17  -1.949540452525579e+18  9.999936554884902e-01  1.205903340407557e+09
1.584893192461118e+05  1.911220321383112e+14  2.277194753442414e+17  -3.194681848656426e+18  9.999959988388059e-01  1.205903323611511e+09
2.511886431509587e+05  3.029084550712408e+14  3.609121540695911e+17  -5.229435467741424e+18  9.999974760424970e-01  1.205903324461185e+09
3.981071705534984e+05  4.800779954473016e+14  5.720083128441334e+17  -8.551516002999218e+18  9.999984073643806e-01  1.205903323253099e+09
6.309573444801952e+05  7.608727942659450e+14  9.065731801037969e+17  -1.397073164253500e+19  9.999989954573670e-01  1.205903325281104e+09
1.000000000000003e+06  1.205902559708276e+15  1.436822757771894e+18  -2.280379857437868e+19  9.999993667754704e-01  1.205903323803922e+09
1.584893192461114e-03
0.000000000000000e+00  3.447350612955575e+06  -2.003629944560619e+13  -2.003629936322694e+13  8.412010590602682e-02  1.364452520999978e+07
3.981071705534973e-03  3.501670450012706e+06  -2.003623425591089e+13  -2.003636456388202e+13  8.419663965585117e-02  2.718651682256723e+07
6.309573444801934e-03  3.582994505843607e+06  -2.003613642185266e+13  -2.003646295144122e+13  8.431497829052649e-02  4.255999686674022e+07
1.000000000000000e-02  3.782464078429812e+06  -2.003589064051960e+13  -2.003670538319684e+13  8.462997810687907e-02  6.504453422836383e+07
1.584893192461114e-02  4.251352618974365e+06  -2.003530617178354e+13  -2.003731571123211e+13  8.550809463840064e-02  9.386389315448780e+07
2.511886431509581e-02  5.278326780296287e+06  -2.003395561635976e+13  -2.003880322990650e+13  8.782372365954721e-02  1.254968300036216e+08
3.981071705534975e-02  7.380947381846527e+06  -2.003096960359306e+13  -2.004233414336643e+13  9.295074576454110e-02  1.585910112189534e+08
6.309573444801936e-02  1.153068625739406e+07  -2.002456378497444e+13  -2.005048029501223e+13  1.023820845642366e-01  1.960958234951300e+08
1.000000000000001e-01  1.966076356747550e+07  -2.001105451516491e+13  -2.006880838469578e+13  1.175286607859315e-01  2.429063230934064e+08
1.584893192461115e-01  3.571400017265239e+07  -1.998286632474019e+13  -2.010921424822009e+13  1.398907898196009e-01  3.041732239317383e+08
2.511886431509582e-01  6.777739711675611e+07  -1.992457190068929e+13  -2.019684162149132e+13  1.713004124340882e-01  3.851260686379406e+08
3.981071705534975e-01  1.324009771008569e+08  -1.980518690744091e+13  -2.038426294037740e+13  2.140263301165287e-01  4.910777384430355e+08
6.309573444801937e-01  2.631423035283693e+08  -1.956370225719416e+13  -2.078010635738970e+13  2.706675545664043e-01  6.267538790439854e+08
1.000000000000001e+00  5.267690640206141e+08  -1.908354166690467e+13  -2.160565216746570e+13  3.437118018903816e-01  7.943540291194626e+08
1.584893192461115e+00  1.051790298516608e+09  -1.815233749383468e+13  -2.330335947580703e+13  4.345152441822175e-01  9.896616141829379e+08
2.511886431509582e+00  2.072444391837980e+09  -1.641240342478913e+13  -2.673562375677778e+13  5.414236085633145e-01  1.196199837837690e+09
3.981071705534977e+00  3.981329753584713e+09  -1.333460166420639e+13  -3.352498061527773e+13  6.572356935406928e-01  1.381115934920620e+09
6.309573444801939e+00  7.367058803792206e+09  -8.278671870450205e+12  -4.658814916588551e+13  7.680664910978552e-01  1.504721640948079e+09
1.000000000000001e+01  1.303514983433712e+10  -6.172782801967551e+11  -7.092307064931711e+13  8.579799098801255e-01  1.552049642000150e+09
1.584893192461115e+01  2.212195804755520e+10  1.037105283406488e+13  -1.148267924221375e+14  9.190429252479366e-01  1.550693006620530e+09
2.511886431509583e+01  3.642980118000114e+10  2.605265888632444e+13  -1.920118215605070e+14  9.551091481055963e-01  1.537258969616336e+09
3.981071705534978e+01  5.893035536488908e+10  4.909230744814645e+13  -3.253322935893401e+14  9.749444116224737e-01  1.527396375753280e+09
6.309573444801942e+01  9.442435240561008e+10  8.404065398475303e+13  -5.530462365356956e+14  9.857070242832698e-01  1.522275601339684e+09
1.000000000000002e+02  1.505505583472539e+11  1.381936535800167e+14  -9.391375405856376e+14  9.916489192898293e-01  1.519935072113903e+09
1.584893192461116e+02  2.394143176184875e+11  2.230803486957200e+14  -1.590332646930190e+15  9.950195744621192e-01  1.518915071110552e+09
2.511886431509585e+02  3.801920401202573e+11  3.569106133602143e+14  -2.684180934715650e+15  9.969824507595204e-01  1.518476654538269e+09
3.981071705534980e+02  6.032675818041304e+11  5.684877594536110e+14  -4.515355397941488e+15  9.981503961793293e-01  1.518288076655815e+09
6.309573444801944e+02  9.567896991732147e+11  9.034168236720242e+14  -7.571892281241367e+15  9.988568228115030e-01  1.518206421133981e+09
1.000000000000002e+03  1.517064659933261e+12  1.433943174454826e+15  -1.266055391922980e+16  9.992892586386143e-01  1.518170757512239e+09
1.584893192461117e+03  2.405026842096658e+12  2.274543151012681e+15  -2.111269574333822e+16  9.995562639983503e-01  1.518155041830846e+09
2.511886431509585e+03  3.812342390502747e+12  3.606631242313902e+15  -3.512192205041530e+16  9.997221409304049e-01  1.518148058006747e+09
3.981071705534981e+03  6.042780387097724e+12  5.717716536712660e+15  -5.829726690386134e+16  9.998256428273176e-01  1.518144931227479e+09
6.309573444801947e+03  9.577781517024605e+12  9.063460222370916e+15  -9.656850556842742e+16  9.998904257774130e-01  1.518143523140919e+09
1.000000000000002e+04  1.518037724736971e+13  1.436602904666349e+16  -1.596662701109329e+17  9.999310636524114e-01  1.518142881913553e+09
1.584893192461117e+04  2.405989058331426e+13  2.276997491728502e+16  -2.635396597035595e+17  9.999565970551125e-01  1.518142596541080e+09
2.511886431509586e+04  3.813296899002257e+13  3.608928554460873e+16  -4.343016661982842e+17  9.999726577141034e-01  1.518142463208277e+09
3.981071705534983e+04  6.043729376225703e+13  5.719893415629102e+16  -7.146625676134802e+17  9.999827673818024e-01  1.518142398203819e+09
6.309573444801949e+04  9.578726532593603e+13  9.065544536542798e+16  -1.174411950478269e+18  9.999891359888240e-01  1.518142358194364e+09
1.000000000000003e+05  1.518131939644201e+14  1.436804226320212e+17  -1.927484525442286e+18  9.999931498239485e-01  1.518142357512015e+09
1.584893192461118e+05  2.406083063586347e+14  2.277193303982113e+17  -3.159725474817791e+18  9.999956801655477e-01  1.518142337817297e+09
2.511886431509587e+05  3.813390748556106e+14  3.609120087516468e+17  -5.174033263857844e+18  9.999972749145528e-01  1.518142340122387e+09
3.981071705534984e+05  6.043823114546744e+14  5.720081676723716e+17  -8.463709342409014e+18  9.999982805063969e-01  1.518142337560195e+09
6.309573444801952e+05  9.578820191113301e+14  9.065730338351727e+17  -1.383156737873199e+19  9.999989153392368e-01  1.518142340010952e+09
1.000000000000003e+06  1.518141299843745e+15  1.436822612173929e+18  -2.258323799435686e+19  9.999993162339039e-01  1.518142339062238e+09
1.995262314968880e-03
0.000000000000000e+00  6.261013399291075e+06  -2.003569418019982e+13  -2.003569411337258e+13  9.558622389337909e-02  1.538638481249207e+07
3.981071705534973e-03  6.322267685341002e+06  -2.003563643595371e+13  -2.003575184087046e+13  9.563966104841319e-02  3.070099341152916e+07
6.309573444801934e-03  6.414330787454207e+06  -2.003554956471300e+13  -2.003583901534680e+13  9.572151508901808e-02  4.830609103975286e+07
1.000000000000000e-02  6.642474224455690e+06  -2.003532975303637e+13  -2.003605392657024e+13  9.593440003452476e-02  7.498926710272753e+07
1.584893192461114e-02  7.192913320002152e+06  -2.003479961899040e+13  -2.003659835037137e+13  9.651541747419219e-02  1.119614801508175e+08
2.511886431509581e-02  8.445947653809985e+06  -2.003354644750840e+13  -2.003793870809845e+13  9.812388163658228e-02  1.556643850809134e+08
3.981071705534975e-02  1.109408080891472e+07  -2.003072160026762e+13  -2.004116371766954e+13  1.020539779945610e-01  2.015717194373956e+08
6.309573444801936e-02  1.639384032729351e+07  -2.002459819337650e+13  -2.004870236684454e+13  1.099727676246574e-01  2.508487178379375e+08
1.000000000000001e-01  2.677503009928082e+07  -2.001163133987448e+13  -2.006584089788214e+13  1.235004484562532e-01  3.746629525940520e+08
1.584893192461115e-01  4.713500051719414e+07  -1.998457376478675e+13  -2.010390627874264e+13  1.442039725896587e-01  3.843579250212915e+08
2.511886431509582e-01  8.746334374777359e+07  -1.992862915846405e+13  -2.018687849198789e+13  1.738511142754720e-01  4.826792627102068e+08
3.981071705534975e-01  1.681342574530960e+08  -1.981411415619812e+13  -2.036495234592959e+13  2.145985214183509e-01  6.112412757417190e+08
6.309573444801937e-01  3.303811810394596e+08  -1.958251263214096e+13  -2.074193939865492e+13  2.689443947192425e-01  7.761713948026087e+08
1.000000000000001e+00  6.562490256999211e+08  -1.912170986516716e+13  -2.152953599039664e+13  3.393521341870896e-01  9.807612184859979e+08
1.584893192461115e+00  1.304079629265114e+09  -1.822629794254794e+13  -2.315172911709186e+13  4.273275844613774e-01  1.221006181391418e+09
2.511886431509582e+00  2.564337526792135e+09  -1.654648953013022e+13  -2.643713545003532e+13  5.316731451357505e-01  1.478578329583254e+09
3.981071705534977e+00  4.929272874337137e+09  -1.355437425715020e+13  -3.295135924949434e+13  6.460113282693293e-01  1.714943308905291e+09
6.309573444801939e+00  9.147545523120312e+09  -8.589958932909024e+12  -4.552515144468805e+13  7.573014327865661e-01  1.880174197778734e+09
1.000000000000001e+01  1.625193826171668e+10  -9.851349693524265e+11  -6.903835149703898e+13  8.495438952959570e-01  1.949755907251925e+09
1.584893192461115e+01  2.768509101170477e+10  1.000437146561361e+13  -1.116222478657128e+14  9.135117659776903e-01  1.952834856542218e+09
2.511886431509583e+01  4.570835332531725e+10  2.572471259440755e+13  -1.867279566989671e+14  9.518500444544946e-01  1.936548166236959e+09
3.981071705534978e+01  7.404960590255661e+10  4.881004320649462e+13  -3.167786306680016e+14  9.730867597813996e-01  1.923637587454352e+09
6.309573444801942e+01  1.187460204500420e+11  8.379610474789728e+13  -5.393351989815864e+14  9.846384792393650e-01  1.916782298125679e+09
1.000000000000002e+02  1.894131129914223e+11  1.379764206741443e+14  -9.172718264191579e+14  9.910202604237965e-01  1.913630993994190e+09
1.584893192461116e+02  3.012913705659932e+11  2.228819527198879e+14  -1.555556205357883e+15  9.946416643993365e-01  1.912259194396449e+09
2.511886431509585e+02  4.785234267158879e+11  3.567250215530379e+14  -2.628951647937414e+15  9.967515466499847e-01  1.911671895353958e+09
3.981071705534980e+02  7.593610213094166e+11  5.683108762669645e+14  -4.427716839870226e+15  9.980077293458688e-01  1.911420528809478e+09
6.309573444801944e+02  1.204420329552457e+12  9.032459034423506e+14  -7.432892788352880e+15  9.987680256723037e-01  1.911312242947295e+09
1.000000000000002e+03  1.909765552882269e+12  1.433776373214176e+15  -1.244015578469025e+16  9.992337280056104e-01  1.911265179289591e+09
1.584893192461117e+03  3.027644239007972e+12  2.274379220928800e+15  -2.076329150453459e+16  9.995214309094393e-01  1.911244535496467e+09
2.511886431509585e+03  4.799349882782312e+12  3.606469330652938e+15  -3.456805834867972e+16  9.997002477473391e-01  1.911235399811062e+09
3.981071705534981e+03  7.607305171761872e+12  5.717556054974805e+15  -5.741935780261219e+16  9.998118648862963e-01  1.911231323291308e+09
6.309573444801947e+03  1.205760806150015e+13  9.063300749237112e+15  -9.517701983807662e+16  9.998817475109316e-01  1.911229496770683e+09
1.000000000000002e+04  1.911085828921775e+13  1.436587031957349e+16  -1.574608207942244e+17  9.999255946427709e-01  1.911228659176257e+09
1.584893192461117e+04  3.028950331760295e+13  2.276981663174827e+16  -2.600441654020539e+17  9.999531487728930e-01  1.911228300703727e+09
2.511886431509586e+04  4.800645937407959e+13  3.608912757559166e+16  -4.287615886525439e+17  9.999704830470135e-01  1.911228130562204e+09
3.981071705534983e+04  7.608594065303648e+13  5.719877649708605e+16  -7.058820442304745e+17  9.999813958914379e-01  1.911228039514576e+09
6.309573444801949e+04  1.205889182089206e+14  9.065528824073597e+16  -1.160495666658719e+18  9.999882711535684e-01  1.911227990307280e+09
1.000000000000003e+05  1.911213834364808e+14  1.436802650104330e+17  -1.905428609963535e+18  9.999926039218517e-01  1.911227989630541e+09
1.584893192461118e+05  3.029078069695064e+14  2.277191739270190e+17  -3.124769112535374e+18  9.999953360737254e-01  1.911227967617433e+09
2.511886431509587e+05  4.800773476056320e+14  3.609118517627123e+17  -5.118631071550077e+18  9.999970577261479e-01  1.911227971101729e+09
3.981071705534984e+05  7.608721461316114e+14  5.720080110033674e+17  -8.375902693374079e+18  9.999981435331641e-01  1.911227967193758e+09
6.309573444801952e+05  1.205901911073024e+15  9.065728761208050e+17  -1.369240312653447e+19  9.999988288445735e-01  1.911227970125416e+09
1.000000000000003e+06  1.911226556748528e+15  1.436822454563610e+18  -2.236267742594995e+19  9.999992616445474e-01  1.911227970083227e+09
2.511886431509580e-03
0.000000000000000e+00  1.129594206734528e+07  -2.003482405802720e+13  -2.003482400537020e+13  1.081837393101786e-01  1.731727996654218e+07
3.981071705534973e-03  1.136488336307138e+07  -2.003477299125127e+13  -2.003487504529898e+13  1.082211270141725e-01  3.458383184007309e+07
6.309573444801934e-03  1.146873479012338e+07  -2.003469604998754e+13  -2.003495215532199e+13  1.082780994240247e-01  5.457159962432045e+07
1.000000000000000e-02  1.172756800134227e+07  -2.003450044213268e+13  -2.003514218308905e+13  1.084243206704816e-01  8.546439386931591e+07
1.584893192461114e-02  1.236259939033527e+07  -2.003402455480315e+13  -2.003562570357599e+13  1.088114310276075e-01  1.307342645159869e+08
2.511886431509581e-02  1.385778370813288e+07  -2.003287674985920e+13  -2.003682500418945e+13  1.098915868709210e-01  1.890039391505528e+08
3.981071705534975e-02  1.713794918483493e+07  -2.003023017409705e+13  -2.003974640264166e+13  1.127508031186989e-01  2.530293355736282e+08
6.309573444801936e-02  2.385683107436233e+07  -2.002440517655720e+13  -2.004667081054952e+13  1.191130032753916e-01  3.196607180277674e+08
1.000000000000001e-01  3.709994098775055e+07  -2.001199186936970e+13  -2.006260314241453e+13  1.308502322392434e-01  3.944351574045505e+08
1.584893192461115e-01  6.296840795860222e+07  -1.998602581204756e+13  -2.009830835451032e+13  1.496928211492461e-01  4.868029923705385e+08
2.511886431509582e-01  1.138157221549970e+08  -1.993234912883775e+13  -2.017662394222313e+13  1.774068489429494e-01  6.063935304005027e+08
3.981071705534975e-01  2.147378938199078e+08  -1.982252639709178e+13  -2.034541906084079e+13  2.160496245233849e-01  7.622918613820577e+08
6.309573444801937e-01  4.164101750706805e+08  -1.960046260178473e+13  -2.070380372232640e+13  2.680096281270961e-01  9.625173903519739e+08
1.000000000000001e+00  8.196274387231643e+08  -1.915841786929885e+13  -2.145412067844762e+13  3.357040460148820e-01  1.211835394390512e+09
1.584893192461115e+00  1.619347445012734e+09  -1.829795348249956e+13  -2.300228445083453e+13  4.207530092879037e-01  1.506716273615773e+09
2.511886431509582e+00  3.175283931146423e+09  -1.667765765967806e+13  -2.614366169640745e+13  5.223669911033536e-01  1.826982351985314e+09
3.981071705534977e+00  6.103475782113229e+09  -1.377246150419041e+13  -3.238720915253789e+13  6.349552016793112e-01  2.127807635593522e+09
6.309573444801939e+00  1.135440649325574e+10  -8.905110844945844e+12  -4.447690152763302e+13  7.463709281270485e-01  2.347190214957084e+09
1.000000000000001e+01  2.025225250772641e+10  -1.366199382201252e+12  -6.717229475361394e+13  8.407251460133268e-01  2.447903846391623e+09
1.584893192461115e+01  3.463234058307627e+10  9.617220117849504e+12  -1.084373456626559e+14  9.076011846963218e-01  2.458801368268414e+09
2.511886431509583e+01  5.733431385453597e+10  2.537465703534909e+13  -1.814625572180401e+14  9.483277475060902e-01  2.439550724296070e+09
3.981071705534978e+01  9.303318977952629e+10  4.850743750878249e+13  -3.082416946722028e+14  9.710725552169103e-01  2.422740930045331e+09
6.309573444801942e+01  1.493191883599700e+11  8.353361238324458e+13  -5.256394310628726e+14  9.834803728086995e-01  2.413569263523374e+09
1.000000000000002e+02  2.382953757528953e+11  1.377431635803774e+14  -8.954203675809214e+14  9.903397961166871e-01  2.409320997205936e+09
1.584893192461116e+02  3.791492486105491e+11  2.226688369147350e+14  -1.520793363969302e+15  9.942330646285942e-01  2.407472420476124e+09
2.511886431509585e+02  6.022758808974545e+11  3.565255425850406e+14  -2.573735550165150e+15  9.965020685292060e-01  2.406684000864099e+09
3.981071705534980e+02  9.558323774462839e+11  5.681206255375382e+14  -4.340091214811288e+15  9.978536474253582e-01  2.406348266436309e+09
6.309573444801944e+02  1.516130657767242e+12  9.030619383075229e+14  -7.293906068918143e+15  9.986721426936204e-01  2.406204413493684e+09
1.000000000000002e+03  2.404108809742426e+12  1.433596727950238e+15  -1.221977032368643e+16  9.991737713672136e-01  2.406142218763130e+09
1.584893192461117e+03  3.811435400089616e+12  2.274202572595628e+15  -2.041389987636002e+16  9.994838226047557e-01  2.406115072418738e+09
2.511886431509585e+03  6.041881100386647e+12  3.606294780314974e+15  -3.401420721778419e+16  9.996766103512744e-01  2.406103113969282e+09
3.981071705534981e+03  9.576887648184252e+12  5.717382986967841e+15  -5.654146124690576e+16  9.997969891512324e-01  2.406097800933840e+09
6.309573444801947e+03  1.517948722129154e+13  9.063128727945858e+15  -9.378554663775598e+16  9.998723777474777e-01  2.406095421714258e+09
1.000000000000002e+04  2.405900328414822e+13  1.436569908596427e+16  -1.552553839959587e+17  9.999196898568100e-01  2.406094341872226e+09
1.584893192461117e+04  3.813208363367009e+13  2.276964583413175e+16  -2.565486836177953e+17  9.999494256890078e-01  2.406093875297496e+09
2.511886431509586e+04  6.043640986445591e+13  3.608895709186479e+16  -4.232215236239174e+17  9.999681350508961e-01  2.406093658621764e+09
3.981071705534983e+04  9.578638243937164e+13  5.719860640453159e+16  -6.971015333570989e+17  9.999799151476377e-01  2.406093544043590e+09
6.309573444801949e+04  1.518123118451190e+14  9.065511871620251e+16  -1.146579395330927e+18  9.999873374111120e-01  2.406093481917370e+09
1.000000000000003e+05  2.406074246121363e+14  1.436800950276881e+17  -1.883372707005167e+18  9.999920145763120e-01  2.406093479951343e+09
1.584893192461118e+05  3.813381939911766e+14  2.277190049672310e+17  -3.089812762731285e+18  9.999949645204230e-01  2.406093456898985e+09
2.511886431509587e+05  6.043814308333214e+14  3.609116822474617e+17  -5.063228891743895e+18  9.999968232102227e-01  2.406093460465402e+09
3.981071705534984e+05  9.578811382580375e+14  5.720078419085049e+17  -8.288096056814798e+18  9.999979956363368e-01  2.406093455320402e+09
6.309573444801952e+05  1.518140418242891e+15  9.065727060383653e+17  -1.355323888685882e+19  9.999987354637025e-01  2.406093458796026e+09
1.000000000000003e+06  2.406091538155846e+15  1.436822284068216e+18  -2.214211687009937e+19  9.999992026890309e-01  2.406093459843272e+09
3.162277660168380e-03
0.000000000000000e+00  2.024324190178467e+07  -2.003358150725683e+13  -2.003358146719896e+13  1.219485228312609e-01  1.945694731117154e+07
3.981071705534973e-03  2.032070136131458e+07  -2.003353641500896e+13  -2.003362653347375e+13  1.219747205845721e-01  3.887928803367230e+07
6.309573444801934e-03  2.043754322334547e+07  -2.003346840511899e+13  -2.003369463745464e+13  1.220145201982660e-01  6.144847275887171e+07
1.000000000000000e-02  2.072971530930602e+07  -2.003329490852826e+13  -2.003386231295256e+13  1.221160193341018e-01  9.669197005412860e+07
1.584893192461114e-02  2.145347896476785e+07  -2.003287092190262e+13  -2.003429037833074e+13  1.223782778826726e-01  1.501573733013942e+08
2.511886431509581e-02  2.320104074309349e+07  -2.003183256241507e+13  -2.003535737669264e+13  1.230948361045072e-01  2.243678869967860e+08
3.981071705534975e-02  2.718266074462312e+07  -2.002938238500406e+13  -2.003798297933907e+13  1.250808032356018e-01  3.121903083847085e+08
6.309573444801936e-02  3.560007185522749e+07  -2.002388108383806e+13  -2.004429225588650e+13  1.299467761875828e-01  4.041928781617114e+08
1.000000000000001e-01  5.243013856473884e+07  -2.001202998522613e+13  -2.005900432418840e+13  1.397696532022324e-01  5.022015391244931e+08
1.584893192461115e-01  8.531728099806876e+07  -1.998714283400563e+13  -2.009232654058725e+13  1.565416319010160e-01  6.175379133063582e+08
2.511886431509582e-01  1.495617568285812e+08  -1.993566011626023e+13  -2.016597336710890e+13  1.821184950603602e-01  7.635488966829021e+08
3.981071705534975e-01  2.760950972070773e+08  -1.983035664321971e+13  -2.032553779999395e+13  2.184959942510548e-01  9.526056332288554e+08
6.309573444801937e-01  5.272118794601079e+08  -1.961748541566714e+13  -2.066553956947560e+13  2.679525909539472e-01  1.195393221435323e+09
1.000000000000001e+00  1.026722530934322e+09  -1.919358641628100e+13  -2.137919440967562e+13  3.328397072164161e-01  1.498706445187367e+09
1.584893192461115e+00  2.014512023896699e+09  -1.836717024672523e+13  -2.285474755883193e+13  4.148570683155705e-01  1.859868215362255e+09
2.511886431509582e+00  3.935501019671693e+09  -1.680560495410004e+13  -2.585487796330119e+13  5.135736650007895e-01  2.256927709435829e+09
3.981071705534977e+00  7.559222277542097e+09  -1.398819509938400e+13  -3.183228223724958e+13  6.241407754883224e-01  2.638169518136654e+09
6.309573444801939e+00  1.409000637114446e+10  -9.223093209268590e+12  -4.344351013405861e+13  7.353366017366054e-01  2.927521139998345e+09
1.000000000000001e+01  2.522497023319404e+10  -1.759796089899921e+12  -6.532563572951820e+13  8.315477937649232e-01  3.071264227509847e+09
1.584893192461115e+01  4.330375330542704e+10  9.209103903820430e+12  -1.052733463097229e+14  9.013016316723693e-01  3.095112302705652e+09
2.511886431509583e+01  7.189617623515733e+10  2.500109760336341e+13  -1.762170541307881e+14  9.445243673786263e-01  3.073157329923202e+09
3.981071705534978e+01  1.168635036460632e+11  4.818287659714023e+13  -2.997228520452774e+14  9.688884734812184e-01  3.051423865541693e+09
6.309573444801942e+01  1.877458854332196e+11  8.325168105099962e+13  -5.119601789130204e+14  9.822247503018178e-01  3.039168400923998e+09
1.000000000000002e+02  2.997762757055000e+11  1.374925579739659e+14  -8.735843113078434e+14  9.896029988391708e-01  3.033435658824601e+09
1.584893192461116e+02  4.771111716778681e+11  2.224398092550951e+14  -1.486045204608966e+15  9.937911671569499e-01  3.030939897771601e+09
2.511886431509585e+02  7.580174373982783e+11  3.563110695888866e+14  -2.518533683827000e+15  9.962324747306872e-01  3.029879226714793e+09
3.981071705534980e+02  1.203122688022584e+12  5.679159511441684e+14  -4.252479542545634e+15  9.976872180117958e-01  3.029429891902386e+09
6.309573444801944e+02  1.908498886979029e+12  9.028639012119069e+14  -7.154933130121297e+15  9.985686007996305e-01  3.029238449971527e+09
1.000000000000002e+03  3.026398661324337e+12  1.433403227807630e+15  -1.199939853662427e+16  9.991090328571790e-01  3.029156142892449e+09
1.584893192461117e+03  4.798118804388281e+12  2.274012203926472e+15  -2.006452185574465e+16  9.994432167008062e-01  3.029120407589006e+09
2.511886431509585e+03  7.606084155612571e+12  3.606106593214498e+15  -3.346036965302660e+16  9.996510892296013e-01  3.029104744348228e+09
3.981071705534981e+03  1.205639408805048e+13  5.717196332672443e+15  -5.566357823142751e+16  9.997809278435019e-01  3.029097819484654e+09
6.309573444801947e+03  1.910964928544715e+13  9.062943166573080e+15  -9.239408696144557e+16  9.998622612674927e-01  3.029094726481009e+09
1.000000000000002e+04  3.028829783955753e+13  1.436551431912389e+16  -1.530499607102438e+17  9.999133142923763e-01  3.029093342038043e+09
1.584893192461117e+04  4.800525638689532e+13  2.276946156396458e+16  -2.530532153441078e+17  9.999454059776510e-01  3.029092719095052e+09
2.511886431509586e+04  7.608473950825553e+13  3.608877315365087e+16  -4.176814721058436e+17  9.999656000033514e-01  3.029092443394492e+09
3.981071705534983e+04  1.205877183331178e+14  5.719842284711517e+16  -6.883210359862505e+17  9.999783163768533e-01  3.029092304097791e+09
6.309573444801949e+04  1.911201846524398e+14  9.065493575095579e+16  -1.132663137487202e+18  9.999863292124390e-01  3.029092228075927e+09
1.000000000000003e+05  3.029066084898678e+14  1.436799116919509e+17  -1.861316817555914e+18  9.999913783142592e-01  3.029092220566746e+09
1.584893192461118e+05  4.800761503661678e+14  2.277188224389335e+17  -3.054856426404018e+18  9.999945632871876e-01  3.029092199152367e+09
2.511886431509587e+05  7.608709490957811e+14  3.609114992597397e+17  -5.007826725435782e+18  9.999965699939798e-01  3.029092199939692e+09
3.981071705534984e+05  1.205900713911196e+15  5.720076593844436e+17  -8.200289433725438e+18  9.999978359429635e-01  3.029092193726793e+09
6.309573444801952e+05  1.911225358555884e+15  9.065725225899310e+17  -1.341407466069516e+19  9.999986346461709e-01  3.029092197797964e+09
1.000000000000003e+06  3.029089587684436e+15  1.436822099842347e+18  -2.192155632781464e+19  9.999991390272784e-01  3.029092200000748e+09
3.981071705534973e-03
0.000000000000000e+00  3.603168425897446e+07  -2.003181907792493e+13  -2.003181904861030e+13  1.369049763821268e-01  2.182570463353694e+07
3.981071705534973e-03  3.611857397569858e+07  -2.003177931635915e+13  -2.003185878784166e+13  1.369233555452209e-01  4.362832253166071e+07
6.309573444801934e-03  3.624975001129340e+07  -2.003171930613509e+13  -2.003191885191221e+13  1.369512250612482e-01  6.902260403379242e+07
1.000000000000000e-02  3.657843614348503e+07  -2.003156578149514e+13  -2.003206653391975e+13  1.370221352630339e-01  1.089102165327275e+08
1.584893192461114e-02  3.739695224795306e+07  -2.003118993841753e+13  -2.003244460104807e+13  1.372025066929822e-01  1.705719076416568e+08
2.511886431509581e-02  3.940580057230500e+07  -2.003026015558255e+13  -2.003338982175785e+13  1.376812896698741e-01  2.609530074756767e+08
3.981071705534975e-02  4.413597709436487e+07  -2.002802097986949e+13  -2.003573325221823e+13  1.390175279705250e-01  3.772645120169737e+08
6.309573444801936e-02  5.451069134399300e+07  -2.002287583665857e+13  -2.004143514605795e+13  1.425571486242223e-01  5.048111984089326e+08
1.000000000000001e-01  7.574037762940536e+07  -2.001161698326802e+13  -2.005491956406781e+13  1.504347239111538e-01  6.368205881696827e+08
1.584893192461115e-01  1.174971811418266e+08  -1.998780823733752e+13  -2.008583640597936e+13  1.649468550366897e-01  7.837069122127037e+08
2.511886431509582e-01  1.987841072334955e+08  -1.993845889704918e+13  -2.015479390923832e+13  1.881579595344661e-01  9.632859142359455e+08
3.981071705534975e-01  3.577551958452459e+08  -1.983751030164719e+13  -2.030515581293045e+13  2.220731862032786e-01  1.192857161664251e+09
6.309573444801937e-01  6.710104345318775e+08  -1.963348957437364e+13  -2.062695899771300e+13  2.688770384519221e-01  1.487010026241488e+09
1.000000000000001e+00  1.290616370216043e+09  -1.922711464536269e+13  -2.130451438588227e+13  3.308409183315635e-01  1.855417212102540e+09
1.584893192461115e+00  2.511569476530775e+09  -1.843379861937822e+13  -2.270880268446782e+13  4.097109779204336e-01  2.296814305035625e+09
2.511886431509582e+00  4.883542724242157e+09  -1.693002231475772e+13  -2.557040645942442e+13  5.053647699630283e-01  2.787668610776855e+09
3.981071705534977e+00  9.366073904562935e+09  -1.420089647555341e+13  -3.128624902819155e+13  6.136447196559028e-01  3.268816781284334e+09
6.309573444801939e+00  1.748195497920469e+10  -9.542784413002617e+12  -4.242498066950923e+13  7.242667218943444e-01  3.647980119804509e+09
1.000000000000001e+01  3.140456974533645e+10  -2.165026884842120e+12  -6.349902887166013e+13  8.220444046218855e-01  3.850519733505949e+09
1.584893192461115e+01  5.412197645301115e+10  8.779724567679481e+12  -1.021315171153435e+14  8.946079211174185e-01  3.894916730281148e+09
2.511886431509583e+01  9.012830188647702e+10  2.460266242875277e+13  -1.709929584932272e+14  9.404223018027420e-01  3.871186486240138e+09
3.981071705534978e+01  1.467708515411932e+11  4.783465552532535e+13  -2.912235734792628e+14  9.665203610531182e-01  3.843341548355774e+09
6.309573444801942e+01  2.360369507974030e+11  8.294869634674636e+13  -4.982987902358052e+14  9.808629685671499e-01  3.826998364479431e+09
1.000000000000002e+02  3.770969397145675e+11  1.372231685722915e+14  -8.517648977997315e+14  9.888049271842309e-01  3.819257355186359e+09
1.584893192461116e+02  6.003627240169767e+11  2.221935795848582e+14  -1.451312895089888e+15  9.933131302007132e-01  3.815881912595079e+09
2.511886431509585e+02  9.540117114892124e+11  3.560804071677001e+14  -2.463347173002854e+15  9.959410900547870e-01  3.814451975694989e+09
3.981071705534980e+02  1.514371501185202e+12  5.676957141987421e+14  -4.164882922199894e+15  9.975074302877901e-01  3.813849366351374e+09
6.309573444801944e+02  2.402390860291543e+12  9.026506853959554e+14  -7.015975057418590e+15  9.984567797028948e-01  3.813594134789577e+09
1.000000000000002e+03  3.809745326781114e+12  1.433194783668491e+15  -1.177904150179101e+16  9.990391276625983e-01  3.813485056295648e+09
1.584893192461117e+03  6.040210076209216e+12  2.273807035143423e+15  -1.971515851746286e+16  9.993993728669677e-01  3.813437967555888e+09
2.511886431509585e+03  9.575229766246777e+12  3.605903694462544e+15  -3.290654672768659e+16  9.996235336875723e-01  3.813417439889466e+09
3.981071705534981e+03  1.517783848706378e+13  5.716995020366996e+15  -5.478570982912287e+16  9.997635862665759e-01  3.813408409266062e+09
6.309573444801947e+03  2.405736096589973e+13  9.062742978442294e+15  -9.100264188190800e+16  9.998513382861119e-01  3.813404405208025e+09
1.000000000000002e+04  3.813044585907023e+13  1.436531491844320e+16  -1.508445520114591e+17  9.999064302274011e-01  3.813402623398538e+09
1.584893192461117e+04  6.043477529531566e+13  2.276926275468879e+16  -2.495577616522245e+17  9.999410659593199e-01  3.813401795138432e+09
2.511886431509586e+04  9.578475018556127e+13  3.608857469456020e+16  -4.121414351693418e+17  9.999628629720235e-01  3.813401444258007e+09
3.981071705534983e+04  1.518106811694759e+14  5.719822474987030e+16  -6.795405531909036e+17  9.999765901618602e-01  3.813401271411036e+09
6.309573444801949e+04  2.406057954342265e+14  9.065473816799859e+16  -1.118746894202690e+18  9.999852405228510e-01  3.813401189425882e+09
1.000000000000003e+05  3.813365650424356e+14  1.436797139071090e+17  -1.839260942684272e+18  9.999906913723468e-01  3.813401167146023e+09
1.584893192461118e+05  6.043798035368862e+14  2.277186251291017e+17  -3.019900104636722e+18  9.999941299652729e-01  3.813401151532870e+09
2.511886431509587e+05  9.578795111334032e+14  3.609113017564020e+17  -4.952424573699644e+18  9.999962965909139e-01  3.813401144062641e+09
3.981071705534984e+05  1.518138791152451e+15  5.720074623454257e+17  -8.112482825180094e+18  9.999976635101087e-01  3.813401137059398e+09
6.309573444801952e+05  2.406089909720125e+15  9.065723246966266e+17  -1.327491044911323e+19  9.999985257975161e-01  3.813401141720523e+09
1.000000000000003e+06  3.813397594471596e+15  1.436821900951400e+18  -2.170099580017736e+19  9.999990702907220e-01  3.813401145143318e+09
5.011872336272725e-03
0.000000000000000e+00  6.369560914921437e+07  -2.002933626839555e+13  -2.002933624772484e+13  1.530643977333469e-01  2.444486986136324e+07
3.981071705534973e-03  6.379292594398418e+07  -2.002930125493854e+13  -2.002937124403002e+13  1.530773042289785e-01  4.886956249898513e+07
6.309573444801934e-03  6.393991997322830e+07  -2.002924838406505e+13  -2.002942414498022e+13  1.530968530675437e-01  7.737422994054273e+07
1.000000000000000e-02  6.430875094013689e+07  -2.002911278125705e+13  -2.002955399749013e+13  1.531466053128572e-01  1.222838666880624e+08
1.584893192461114e-02  6.522986437100238e+07  -2.002878075029501e+13  -2.002988726668730e+13  1.532718548659910e-01  1.924107626098269e+08
2.511886431509581e-02  6.751221521338707e+07  -2.002795436942030e+13  -2.003072197515106e+13  1.535969342957982e-01  2.987413179643991e+08
3.981071705534975e-02  7.302073754666583e+07  -2.002593305198105e+13  -2.003280180608542e+13  1.544857124891224e-01  4.460911778439294e+08
6.309573444801936e-02  8.555964144166733e+07  -2.002117786186829e+13  -2.003791470592760e+13  1.569488378885228e-01  6.199815403225722e+08
1.000000000000001e-01  1.120284088500847e+08  -2.001055849957385e+13  -2.005017575879900e+13  1.629742471502314e-01  8.012891434065462e+08
1.584893192461115e-01  1.648388297410819e+08  -1.998785188442250e+13  -2.007867079579489e+13  1.751013639915449e-01  9.931177300672308e+08
2.511886431509582e-01  2.677155701327751e+08  -1.994058366245592e+13  -2.014291411438245e+13  1.957154354583020e-01  1.220775918341477e+09
3.981071705534975e-01  4.677872354718644e+08  -1.984385367055695e+13  -2.028408397271852e+13  2.269366684479208e-01  1.496547614792852e+09
6.309573444801937e-01  8.592705494880641e+08  -1.964834912042006e+13  -2.058783796583701e+13  2.709030078591104e-01  1.852881367226887e+09
1.000000000000001e+00  1.628929070614076e+09  -1.925887145581257e+13  -2.122979964136407e+13  3.298008626728544e-01  2.299708858747537e+09
1.584893192461115e+00  3.139350097041389e+09  -1.849766520734438e+13  -2.256408970210734e+13  4.053929240956055e-01  2.838040716755373e+09
2.511886431509582e+00  6.068890014231414e+09  -1.705058767717545e+13  -2.528981022364666e+13  4.978157102302596e-01  3.443136135848889e+09
3.981071705534977e+00  1.161191752880071e+10  -1.440987589221935e+13  -3.074869199531036e+13  6.035468890131395e-01  4.047906192536467e+09
6.309573444801939e+00  2.168974377760807e+10  -9.862984313644049e+12  -4.142119638011591e+13  7.132357953942033e-01  4.541620463926978e+09
1.000000000000001e+01  3.908246650917503e+10  -2.580763037053997e+12  -6.169302461710148e+13  8.122564081602031e-01  4.823630765834437e+09
1.584893192461115e+01  6.761230848520573e+10  8.329025054457576e+12  -9.901311086368323e+13  8.875202688811384e-01  4.899589573022597e+09
2.511886431509583e+01  1.129466682939815e+11  2.417804004173957e+13  -1.657918541099349e+14  9.360047530569238e-01  4.876140443440673e+09
3.981071705534978e+01  1.842954139488778e+11  4.746098886291534e+13  -2.827454368789444e+14  9.639533122885071e-01  4.840882848386894e+09
6.309573444801942e+01  2.967157529116168e+11  8.262292163551506e+13  -4.846567206600804e+14  9.793856609992178e-01  4.819152639400765e+09
1.000000000000002e+02  4.743301672074074e+11  1.369334418321722e+14  -8.299634668392231e+14  9.879401903974787e-01  4.808697338052184e+09
1.584893192461116e+02  7.554250574181398e+11  2.219287524733771e+14  -1.416597695378152e+15  9.927958564554944e-01  4.804124953181238e+09
2.511886431509585e+02  1.200655130577342e+12  3.558322650032123e+14  -2.408177229249556e+15  9.956260935778640e-01  4.802193251846013e+09
3.981071705534980e+02  1.906113831969047e+12  5.674586872000771e+14  -4.077302537903274e+15  9.973131881208528e-01  4.801383428515124e+09
6.309573444801944e+02  3.024068504453869e+12  9.024210988004984e+14  -6.877033020165532e+15  9.983360078703177e-01  4.801042541862161e+09
1.000000000000002e+03  4.795825531529563e+12  1.432970222630548e+15  -1.155870038102986e+16  9.989636396199850e-01  4.800897780657146e+09
1.584893192461117e+03  7.603815918554855e+12  2.273585903200685e+15  -1.936581101988557e+16  9.993520313570052e-01  4.800835674965466e+09
2.511886431509585e+03  1.205414301155692e+13  3.605684925710958e+15  -3.235273959884404e+16  9.995937809080609e-01  4.800808761763768e+09
3.981071705534981e+03  1.910741007715745e+13  5.716777895750885e+15  -5.390785719688687e+16  9.997448621309235e-01  4.800796987496537e+09
6.309573444801947e+03  3.028606690093058e+13  9.062527001841924e+15  -8.961121255688448e+16  9.998395443658356e-01  4.800791799306979e+09
1.000000000000002e+04  4.800303127579104e+13  1.436509973854593e+16  -1.486391590590176e+17  9.998989971893681e-01  4.800789496867210e+09
1.584893192461117e+04  7.608251851856680e+13  2.276904823284523e+16  -2.460623236985504e+17  9.999363799764937e-01  4.800788431422216e+09
2.511886431509586e+04  1.205855002535521e+14  3.608836055276550e+16  -4.066014139706739e+17  9.999599078151028e-01  4.800787973280164e+09
3.981071705534983e+04  1.911179685266948e+14  5.719801098398400e+16  -6.707600861283803e+17  9.999747263709239e-01  4.800787756066746e+09
6.309573444801949e+04  3.029043943089409e+14  9.065452467415920e+16  -1.104830666644006e+18  9.999840648153004e-01  4.800787681968605e+09
1.000000000000003e+05  4.800739363772624e+14  1.436795004597111e+17  -1.817205083546186e+18  9.999899496719463e-01  4.800787633061843e+09
1.584893192461118e+05  7.608687371749357e+14  2.277184117460296e+17  -2.984943798604961e+18  9.999936619634859e-01  4.800787625930754e+09
2.511886431509587e+05  1.205898502195384e+15  3.609110885961055e+17  -4.897022437693826e+18  9.999960013930433e-01  4.800787603959543e+09
3.981071705534984e+05  1.911223147095215e+15  5.720072496122228e+17  -8.024676232339244e+18  9.999974773186961e-01  4.800787596733794e+09
6.309573444801952e+05  3.029087374533040e+15  9.065721111927156e+17  -1.313574625326876e+19  9.999984082758037e-01  4.800787601785790e+09
1.000000000000003e+06  4.800782780766166e+15  1.436821686331440e+18  -2.148043528834914e+19  9.999989960788548e-01  4.800787606531398e+09
6.309573444801935e-03
0.000000000000000e+00  1.118240693028958e+08  -2.002586261578401e+13  -2.002586260160518e+13  1.704235705228648e-01  2.733680564837344e+07
3.981071705534973e-03  1.119328987920026e+08  -2.002583182387449e+13  -2.002589338149251e+13  1.704326414948792e-01  5.465849072693554e+07
6.309573444801934e-03  1.120973368988144e+08  -2.002578531031917e+13  -2.002593991186522e+13  1.704463709965743e-01  8.656809167957409e+07
1.000000000000000e-02  1.125103738145672e+08  -2.002566571921645e+13  -2.002605390263159e+13  1.704813978501181e-01  1.369354783169089e+08
1.584893192461114e-02  1.135434253597848e+08  -2.002537312347561e+13  -2.002634719770554e+13  1.705688592543986e-01  2.160933251901980e+08
2.511886431509581e-02  1.161169962098868e+08  -2.002464233266148e+13  -2.002708256945696e+13  1.707927813411546e-01  3.383224527510388e+08
3.981071705534975e-02  1.224296362072905e+08  -2.002283618577930e+13  -2.002892057813068e+13  1.713879024572623e-01  5.171733009925304e+08
6.309573444801936e-02  1.372730212348049e+08  -2.001849759850938e+13  -2.003347382095969e+13  1.730500308748921e-01  7.463258391500345e+08
1.000000000000001e-01  1.697575613152946e+08  -2.000857788117720e+13  -2.004453241888177e+13  1.774423072489167e-01  9.962219956172457e+08
1.584893192461115e-01  2.360589116925953e+08  -1.998702733314092e+13  -2.007060268157300e+13  1.871700840299527e-01  1.253309026581715e+09
2.511886431509582e-01  3.660726517825390e+08  -1.994185934319804e+13  -2.013010940476789e+13  2.049824451550013e-01  1.537192042075130e+09
3.981071705534975e-01  6.181403838927299e+08  -1.984919747948133e+13  -2.026208447752935e+13  2.332602632076596e-01  1.880504289553267e+09
6.309573444801937e-01  1.108219057291533e+09  -1.966189002942928e+13  -2.054790565313296e+13  2.741680964099611e-01  2.312642823845492e+09
1.000000000000001e+00  2.065677686866154e+09  -1.928868379051406e+13  -2.115472151664052e+13  3.298258208263246e-01  2.854000160134295e+09
1.584893192461115e+00  3.935984507894552e+09  -1.855856220971180e+13  -2.242019556658619e+13  4.019894786814291e-01  3.509250609973376e+09
2.511886431509582e+00  7.555470177946083e+09  -1.716695677258640e+13  -2.501258548863928e+13  4.910065731359329e-01  4.253120956955196e+09
3.981071705534977e+00  1.440831364065309e+10  -1.461442865013186e+13  -3.021909772815711e+13  5.939304606987866e-01  5.010266465600655e+09
6.309573444801939e+00  2.691331701062051e+10  -1.018242192420778e+13  -4.043190708558080e+13  7.023241527816636e-01  5.649195611434937e+09
1.000000000000001e+01  4.862138200668604e+10  -3.005642260862158e+12  -5.990804455758453e+13  8.022343482623948e-01  6.037512451804905e+09
1.584893192461115e+01  8.442776046651773e+10  7.857234937482473e+12  -9.591933984509809e+13  8.800453614868949e-01  6.160693879466640e+09
2.511886431509583e+01  1.414933501502509e+11  2.372602585591847e+13  -1.606153860565843e+14  9.312563701540860e-01  6.141390927334768e+09
3.981071705534978e+01  2.313645521785597e+11  4.706002769061255e+13  -2.742901284764387e+14  9.611717985791534e-01  6.097426503396647e+09
6.309573444801942e+01  3.729480301141925e+11  8.227249665441762e+13  -4.710355396658310e+14  9.777827115809229e-01  6.068651288953557e+09
1.000000000000002e+02  5.965930880222344e+11  1.366216991022629e+14  -8.081814644773027e+14  9.870029118544864e-01  6.054533856916281e+09
1.584893192461116e+02  9.504981741804244e+11  2.216438199760354e+14  -1.381900963965842e+15  9.922359695876567e-01  6.048331794474622e+09
2.511886431509585e+02  1.511026742681238e+12  3.555652512928316e+14  -2.353025157644934e+15  9.952855053033548e-01  6.045717177052933e+09
3.981071705534980e+02  2.399156959357083e+12  5.672035479929524e+14  -3.989739664685500e+15  9.971033025195999e-01  6.044626696550712e+09
6.309573444801944e+02  3.806584665138167e+12  9.021738582746292e+14  -6.738108277514053e+15  9.982055581556104e-01  6.044170602680282e+09
1.000000000000002e+03  6.037098257372615e+12  1.432728282255496e+15  -1.133837642571535e+16  9.988821186043173e-01  6.043978226433892e+09
1.584893192461117e+03  9.572150856131143e+12  2.273347555963172e+15  -1.901648061106838e+16  9.993009114194259e-01  6.043896247047348e+09
2.511886431509585e+03  1.517478197072748e+13  3.605449039293006e+15  -3.179894951360427e+16  9.995616549777745e-01  6.043860953279361e+09
3.981071705534981e+03  2.405431982583028e+13  5.716543710842506e+15  -5.303002158203298e+16  9.997246448771139e-01  6.043845611611346e+09
6.309573444801947e+03  3.812741536072663e+13  9.062294000684672e+15  -8.821980023469549e+16  9.998268100642335e-01  6.043838881237871e+09
1.000000000000002e+04  6.043175223114868e+13  1.436486756260994e+16  -1.464337831021560e+17  9.998909715511531e-01  6.043835907611093e+09
1.584893192461117e+04  9.578173238020136e+13  2.276881670352150e+16  -2.425669027326459e+17  9.999313202215662e-01  6.043834579858500e+09
2.511886431509586e+04  1.518076670334756e+14  3.608812947879474e+16  -4.010614097578838e+17  9.999567171070685e-01  6.043833965226005e+09
3.981071705534983e+04  2.406027837245041e+14  5.719778030510414e+16  -6.619796360468356e+17  9.999727140153396e-01  6.043833694680065e+09
6.309573444801949e+04  3.813335556998741e+14  9.065429395236565e+16  -1.090914456075094e+18  9.999827951199616e-01  6.043833630335265e+09
1.000000000000003e+05  6.043767944482370e+14  1.436792700262900e+17  -1.795149241393164e+18  9.999891488046551e-01  6.043833549224590e+09
1.584893192461118e+05  9.578765044680096e+14  2.277181810330185e+17  -2.949987509579947e+18  9.999931565304330e-01  6.043833548480150e+09
2.511886431509587e+05  1.518135784853107e+15  3.609108585366683e+17  -4.841620318668408e+18  9.999956826621659e-01  6.043833508972937e+09
3.981071705534984e+05  2.406086903953700e+15  5.720070198949064e+17  -7.936869656457157e+18  9.999972762662145e-01  6.043833502762411e+09
6.309573444801952e+05  3.813394586642576e+15  9.065718808191397e+17  -1.299658207441037e+19  9.999982813878672e-01  6.043833507455350e+09
1.000000000000003e+06  6.043826955105954e+15  1.436821454790288e+18  -2.125987479358040e+19  9.999989159572581e-01  6.043833513675870e+09
7.943282347242819e-03
0.000000000000000e+00  1.949618705528988e+08  -2.002103619805293e+13  -2.002103618838219e+13  1.889636594121811e-01  3.052496874476784e+07
3.981071705534973e-03  1.950833926573624e+08  -2.002100915134052e+13  -2.002106322552398e+13  1.889700393656486e-01  6.104604606712353e+07
6.309573444801934e-03  1.952670475047098e+08  -2.002096828797309e+13  -2.002110409957001e+13  1.889796911942712e-01  9.669710121565090e+07
1.000000000000000e-02  1.957287881420593e+08  -2.002086295515912e+13  -2.002120400782286e+13  1.890044308263290e-01  1.530931113642083e+08
1.584893192461114e-02  1.968843758043191e+08  -2.002060562372376e+13  -2.002146173861850e+13  1.890656997460213e-01  2.419290243405393e+08
2.511886431509581e-02  1.997722266566447e+08  -2.001996157168248e+13  -2.002210836325882e+13  1.892213831046323e-01  3.805733598136755e+08
3.981071705534975e-02  2.069241303334128e+08  -2.001835972395169e+13  -2.002372756180295e+13  1.896259627782990e-01  5.904053812341386e+08
6.309573444801936e-02  2.241600152036057e+08  -2.001444950790482e+13  -2.002775965693720e+13  1.907343909111593e-01  8.797940711261610e+08
1.000000000000001e-01  2.632840513601821e+08  -2.000529158376956e+13  -2.003765673058529e+13  1.938019476439408e-01  1.218784658426155e+09
1.584893192461115e-01  3.455929588961331e+08  -1.998498248795022e+13  -2.006132162214482e+13  2.012595986778269e-01  1.569819631149995e+09
2.511886431509582e-01  5.092550959458551e+08  -1.994193915016650e+13  -2.011608178577622e+13  2.161480391233581e-01  1.938833632654932e+09
3.981071705534975e-01  8.268444034405285e+08  -1.985327347789864e+13  -2.023885382123453e+13  2.412306616773700e-01  2.365197119637815e+09
6.309573444801937e-01  1.441200209345054e+09  -1.967387104727127e+13  -2.050682996931408e+13  2.788274081722165e-01  2.890957805028300e+09
1.000000000000001e+00  2.634029795413043e+09  -1.931632055179372e+13  -2.107889101103253e+13  3.310366044050020e-01  3.546585625735278e+09
1.584893192461115e+00  4.952412420022757e+09  -1.861623326482308e+13  -2.227664309943975e+13  3.995970746375562e-01  4.342726732268113e+09
2.511886431509582e+00  9.426491204109303e+09  -1.727875064929873e+13  -2.473815176780474e+13  4.850231614482710e-01  5.254762176533560e+09
3.981071705534977e+00  1.789762706317403e+10  -1.481382779471400e+13  -2.969684744243434e+13  5.848822426926533e-01  6.199029520856381e+09
6.309573444801939e+00  3.340421992926705e+10  -1.049976095019487e+13  -3.945671517661638e+13  6.916175688271902e-01  7.020973495656712e+09
1.000000000000001e+01  6.047365577779513e+10  -3.438069859199870e+12  -5.814435506582960e+13  7.920379561353473e-01  7.550099045668578e+09
1.584893192461115e+01  1.053804886779606e+11  7.364915094340440e+12  -9.285134499559089e+13  8.721974164277617e-01  7.742388882433432e+09
2.511886431509583e+01  1.771919217650423e+11  2.324557791249808e+13  -1.554652440883813e+14  9.261640238067479e-01  7.733893185244979e+09
3.981071705534978e+01  2.903892270777419e+11  4.662988448684123e+13  -2.658594413579765e+14  9.581598638953353e-01  7.680172238235021e+09
6.309573444801942e+01  4.687043794598454e+11  8.189543938493409e+13  -4.574369357147547e+14  9.760432428237412e-01  7.642275987575012e+09
1.000000000000002e+02  7.503139475102001e+11  1.362861306560652e+14  -7.864204496151344e+14  9.859866923923609e-01  7.623230893276347e+09
1.584893192461116e+02  1.195892208065057e+12  2.213371545274338e+14  -1.347224164341071e+15  9.916297889886332e-01  7.614809591562726e+09
2.511886431509585e+02  1.901579531605431e+12  3.552778661098791e+14  -2.297892362990570e+15  9.949171715985576e-01  7.611264235187870e+09
3.981071705534980e+02  3.019683414177055e+12  5.669288736299797e+14  -3.902195674572228e+15  9.968764833943241e-01  7.609792972068307e+09
6.309573444801944e+02  4.791538274201569e+12  9.019075836491641e+14  -6.599202184549250e+15  9.980646430290052e-01  7.609181684735726e+09
1.000000000000002e+03  7.599593382206405e+12  1.432467604611638e+15  -1.111807098301425e+16  9.987940776900318e-01  7.608925706101176e+09
1.584893192461117e+03  1.204996372689041e+13  2.273090646123461e+15  -1.866716863516677e+16  9.992457095729483e-01  7.608817420690593e+09
2.511886431509585e+03  1.910325998447851e+13  3.605194692280594e+15  -3.124517781565847e+16  9.995269658292699e-01  7.608771135296088e+09
3.981071705534981e+03  3.028193669125237e+13  5.716291123692758e+15  -5.215220432906298e+16  9.997028151244123e-01  7.608751156107540e+09
6.309573444801947e+03  4.799891472101916e+13  9.062042636037408e+15  -8.682840626083434e+16  9.998130602824077e-01  7.608742451394630e+09
1.000000000000002e+04  7.607841139944423e+13  1.436461705620060e+16  -1.442284254870591e+17  9.998823060295909e-01  7.608738622334102e+09
1.584893192461117e+04  1.205813997621738e+14  2.276856678149863e+16  -2.390715001050506e+17  9.999258567386700e-01  7.608736966902573e+09
2.511886431509586e+04  1.911138726562671e+14  3.608788009160436e+16  -3.955214238786141e+17  9.999532719466269e-01  7.608736167700665e+09
3.981071705534983e+04  3.029003014827358e+14  5.719753130344794e+16  -6.531992042949774e+17  9.999705411339768e-01  7.608735831352543e+09
6.309573444801949e+04  4.800698462750477e+14  9.065404472118926e+16  -1.076998263858705e+18  9.999814240310050e-01  7.608735749783597e+09
1.000000000000003e+05  7.608646475376016e+14  1.436790212211590e+17  -1.773093417579102e+18  9.999882840363296e-01  7.608735640044195e+09
1.584893192461118e+05  1.205894415205152e+15  2.277179317666591e+17  -2.915031238928541e+18  9.999926107352741e-01  7.608735642389663e+09
2.511886431509587e+05  1.911219060805219e+15  3.609106102300979e+17  -4.786218217972872e+18  9.999953385199929e-01  7.608735586152292e+09
3.981071705534984e+05  3.029083289078742e+15  5.720067717722198e+17  -7.849063098890521e+18  9.999970591588487e-01  7.608735583428140e+09
6.309573444801952e+05  4.800778692875724e+15  9.065716322164230e+17  -1.285741791388691e+19  9.999981443852251e-01  7.608735585931485e+09
1.000000000000003e+06  7.608726680318652e+15  1.436821205012496e+18  -2.103931431721910e+19  9.999988294556107e-01  7.608735593824821e+09
1.000000000000000e-02
0.000000000000000e+00  3.375577301471674e+08  -2.001437655876205e+13  -2.001437655202193e+13  2.086494833030184e-01  3.403434074866332e+07
3.981071705534973e-03  3.376932233022563e+08  -2.001435283250720e+13  -2.001440027181118e+13  2.086539732786650e-01  6.807029827565658e+07
6.309573444801934e-03  3.378980209536537e+08  -2.001431697875430e+13  -2.001443613165946e+13  2.086607638727051e-01  1.078379984193054e+08
1.000000000000000e-02  3.384134292424821e+08  -2.001422431201436e+13  -2.001452355973118e+13  2.086782988746250e-01  1.707956126155141e+08
1.584893192461114e-02  3.397033170384753e+08  -2.001399837861895e+13  -2.001474972390971e+13  2.087213093237811e-01  2.701532910256914e+08
2.511886431509581e-02  3.429328488122328e+08  -2.001343218335272e+13  -2.001531738419539e+13  2.088301361833906e-01  4.262026128184556e+08
3.981071705534975e-02  3.509751244129898e+08  -2.001201874723173e+13  -2.001674044477965e+13  2.091090423440438e-01  6.668630160423579e+08
6.309573444801936e-02  3.706771734054556e+08  -2.000853058429061e+13  -2.002029572810421e+13  2.098522589499421e-01  1.017476266482577e+09
1.000000000000001e-01  4.168669980790243e+08  -2.000018311779528e+13  -2.002909252822118e+13  2.119303145269124e-01  1.462797843065524e+09
1.584893192461115e-01  5.175242861089774e+08  -1.998122431986480e+13  -2.005040246802730e+13  2.173896599107692e-01  1.943941691225154e+09
2.511886431509582e-01  7.220967662948912e+08  -1.994039790150341e+13  -2.010043185937001e+13  2.293587317389983e-01  2.435595945442388e+09
3.981071705534975e-01  1.121612548580391e+09  -1.985570159923280e+13  -2.021399922670108e+13  2.510360608080846e-01  2.974547226901971e+09
6.309573444801937e-01  1.892378475697172e+09  -1.968395674666788e+13  -2.046419779974778e+13  2.850510913065412e-01  3.618381101375897e+09
1.000000000000001e+00  3.380445723126302e+09  -1.934147041065619e+13  -2.100184187225130e+13  3.335692815390396e-01  4.413048054163071e+09
1.584893192461115e+00  6.257445053589930e+09  -1.867035445477693e+13  -2.213287623662095e+13  3.983233777749215e-01  5.379015651407646e+09
2.511886431509582e+00  1.179116158232467e+10  -1.738553905342528e+13  -2.446583894619461e+13  4.799581289890523e-01  6.494415498972393e+09
3.981071705534977e+00  2.226262689763911e+10  -1.500731252497044e+13  -2.918120517237084e+13  5.764931514534903e-01  7.667673011080480e+09
6.309573444801939e+00  4.148021143760471e+10  -1.081360185360697e+13  -3.849506040451942e+13  6.812069600103990e-01  8.718992247045231e+09
1.000000000000001e+01  7.520472369675925e+10  -3.876223272038801e+12  -5.640203944609187e+13  7.817360531176418e-01  9.432887361236128e+09
1.584893192461115e+01  1.314813802099761e+11  6.852999684968023e+12  -8.981015998696891e+13  8.639991831544825e-01  9.724382269299776e+09
2.511886431509583e+01  2.218165669959380e+11  2.273588202421297e+13  -1.503431399271987e+14  9.207177157465091e-01  9.737547623199789e+09
3.981071705534978e+01  3.643842613346232e+11  4.616866776562890e+13  -2.574552704827280e+14  9.549014027282050e-01  9.673688337545630e+09
6.309573444801942e+01  5.889635471548292e+11  8.148965249965655e+13  -4.438627200947729e+14  9.741556240005345e-01  9.624138030239431e+09
1.000000000000002e+02  9.435667224476748e+11  1.359247911931823e+14  -7.646821002465000e+14  9.848845748209514e-01  9.598487947824877e+09
1.584893192461116e+02  1.504569186393065e+12  2.210070022110092e+14  -1.312568871424479e+15  9.909733028870559e-01  9.587045801692566e+09
2.511886431509585e+02  2.393009586188270e+12  3.549684948678869e+14  -2.242780356086293e+15  9.945187493506551e-01  9.582230625291498e+09
3.981071705534980e+02  3.800638436956279e+12  5.666331342190612e+14  -3.814672042816555e+15  9.966313305588458e-01  9.580241954683056e+09
6.309573444801944e+02  6.031282861829489e+12  9.016207917322230e+14  -6.460316198621925e+15  9.979124093800669e-01  9.579421323805990e+09
1.000000000000002e+03  9.566421257913934e+12  1.432186730230996e+15  -1.089778550240050e+16  9.986989900770814e-01  9.579080319311424e+09
1.584893192461117e+03  1.516910918999576e+13  2.272813724950066e+15  -1.831787653916150e+16  9.991860977380884e-01  9.578937215125626e+09
2.511886431509585e+03  2.404868503895945e+13  3.604920439653818e+15  -3.069142595221940e+16  9.994895080825670e-01  9.578876532853540e+09
3.981071705534981e+03  3.812180620985399e+13  5.716018690400726e+15  -5.127440688666352e+16  9.996792439180489e-01  9.578850547469124e+09
6.309573444801947e+03  6.042616051920812e+13  9.061771454507754e+15  -8.543703208586813e+16  9.997982138038994e-01  9.578839323055838e+09
1.000000000000002e+04  9.577615258685594e+13  1.436434675270971e+16  -1.420230876657509e+17  9.998729493888439e-01  9.578834426737886e+09
1.584893192461117e+04  1.518020954855302e+14  2.276829703337246e+16  -2.355761172728220e+17  9.999199574188223e-01  9.578832311877945e+09
2.511886431509586e+04  2.405972179167159e+14  3.608761086455804e+16  -3.899814577899985e+17  9.999495518498402e-01  9.578831339827530e+09
3.981071705534983e+04  3.813279937385829e+14  5.719726241666596e+16  -6.444187923330464e+17  9.999681947649726e-01  9.578830920346119e+09
6.309573444801949e+04  6.043712355314799e+14  9.065377565938498e+16  -1.063082091458544e+18  9.999799435935427e-01  9.578830774243124e+09
1.000000000000003e+05  9.578709463940621e+14  1.436787526225138e+17  -1.751037613564967e+18  9.999873502937052e-01  9.578830641971634e+09
1.584893192461118e+05  1.518130229434582e+15  2.277176626423279e+17  -2.880074988117043e+18  9.999920214142475e-01  9.578830647531927e+09
2.511886431509587e+05  2.406081349777274e+15  3.609103422152680e+17  -4.730816137064272e+18  9.999949669370980e-01  9.578830577396282e+09
3.981071705534984e+05  3.813389033549218e+15  5.720065036988692e+17  -7.761256561107763e+18  9.999968247069676e-01  9.578830581481812e+09
6.309573444801952e+05  6.043821399257770e+15  9.065713639169668e+17  -1.271825377315542e+19  9.999979964597138e-01  9.578830579256878e+09
1.000000000000003e+06  9.578818475023716e+15  1.436820935559858e+18  -2.081875386071968e+19  9.999987360652745e-01  9.578830589073648e+09
1.258925411794167e-02
0.000000000000000e+00  5.804085138009077e+08  -2.000525091744825e+13  -2.000525091416206e+13  2.294292274577575e-01  3.789126670970340e+07
3.981071705534973e-03  5.805593611656526e+08  -2.000523013042316e+13  -2.000527169798844e+13  2.294323887366368e-01  7.577933314935297e+07
6.309573444801934e-03  5.807873887928872e+08  -2.000519871094997e+13  -2.000530311971017e+13  2.294371692823585e-01  1.200934953743222e+08
1.000000000000000e-02  5.813619093376294e+08  -2.000511727691371e+13  -2.000537950613801e+13  2.294496434535696e-01  1.901484852853874e+08
1.584893192461114e-02  5.827990195311661e+08  -2.000491920761111e+13  -2.000557770812699e+13  2.294798850015567e-01  3.011311259095928e+08
2.511886431509581e-02  5.864012841241384e+08  -2.000442244368483e+13  -2.000607531607682e+13  2.295561916003501e-01  4.757700380509543e+08
3.981071705534975e-02  5.954007077764785e+08  -2.000317957323497e+13  -2.000732363046038e+13  2.297502294982468e-01  7.481320607469090e+08
6.309573444801936e-02  6.176674771388599e+08  -2.000009155430648e+13  -2.001044853978459e+13  2.302556445081976e-01  1.158916883853621e+09
1.000000000000001e-01  6.711882444677036e+08  -1.999257561750149e+13  -2.001822321498907e+13  2.316451131886739e-01  1.720660509351686e+09
1.584893192461115e-01  7.920975902482436e+08  -1.997507989990468e+13  -2.003726542185885e+13  2.354783433125335e-01  2.370836907541121e+09
2.511886431509582e-01  1.045109234377458e+09  -1.993661945347412e+13  -2.008262106848792e+13  2.446944007362150e-01  3.037949634792350e+09
3.981071705534975e-01  1.545789215516412e+09  -1.985594507034678e+13  -2.018700622674230e+13  2.628472283316092e-01  3.734737753459837e+09
6.309573444801937e-01  2.512641843728948e+09  -1.969167983552214e+13  -2.041948801272747e+13  2.930179454863461e-01  4.531914523935237e+09
1.000000000000001e+00  4.371005919336271e+09  -1.936371109021777e+13  -2.092300789760798e+13  3.375745142250220e-01  5.497809293152246e+09
1.584893192461115e+00  7.945173987991310e+09  -1.872050865379274e+13  -2.198824054916014e+13  3.982883190499020e-01  6.668982068071428e+09
2.511886431509582e+00  1.479414861144971e+10  -1.748681832075259e+13  -2.419487042881738e+13  4.759121330261099e-01  8.029983894055948e+09
3.981071705534977e+00  2.773954668867240e+10  -1.519407130418308e+13  -2.867130282770052e+13  5.688588389954443e-01  9.482575637584839e+09
6.309573444801939e+00  5.154457984059154e+10  -1.112247908508692e+13  -3.754620280405731e+13  6.711881918606835e-01  1.081986817963100e+10
1.000000000000001e+01  9.352342069567201e+10  -4.318058440943061e+12  -5.468096852881141e+13  7.714063125486111e-01  1.177407658128773e+10
1.584893192461115e+01  1.639901465699128e+11  6.322833941612217e+12  -8.679667019737528e+13  8.554828409129128e-01  1.220554899213253e+10
2.511886431509583e+01  2.775784720910212e+11  2.219642586017170e+13  -1.452507773728636e+14  9.149116152715410e-01  1.225735214385974e+10
3.981071705534978e+01  4.571183841624608e+11  4.567452840710039e+13  -2.490796030686928e+14  9.513805376113393e-01  1.218434986208636e+10
6.309573444801942e+01  7.399667118043717e+11  8.105293590580089e+13  -4.303148288277940e+14  9.721075074701765e-01  1.212016667718055e+10
1.000000000000002e+02  1.186490726206491e+12  1.355355976136890e+14  -7.429682190331732e+14  9.836890115414102e-01  1.208571006996695e+10
1.584893192461116e+02  1.892823481475607e+12  2.206514767899231e+14  -1.277936777786181e+15  9.902621400559707e-01  1.207016053188417e+10
2.511886431509585e+02  3.011348786478542e+12  3.546354020702551e+14  -2.187690759952611e+15  9.940876887784169e-01  1.206361181067515e+10
3.981071705534980e+02  4.783475179284713e+12  5.663146869282236e+14  -3.727170354175209e+15  9.963663239158550e-01  1.206091921129753e+10
6.309573444801944e+02  7.591705413495791e+12  9.013118903533436e+14  -6.321451885810217e+15  9.977479328544163e-01  1.205981586905931e+10
1.000000000000002e+03  1.204218951039775e+13  1.431884091953541e+15  -1.067752154237990e+16  9.985962857288603e-01  1.205936113943891e+10
1.584893192461117e+03  1.909556033545564e+13  2.272515235872338e+15  -1.796860587986675e+16  9.991217212096949e-01  1.205917197006017e+10
2.511886431509585e+03  3.027428637898624e+13  3.604624727810368e+15  -3.013769548129834e+16  9.994490598054286e-01  1.205909246859831e+10
3.981071705534981e+03  4.799129733079915e+13  5.715724855709707e+15  -5.039663081528714e+16  9.996537919240752e-01  1.205905873228599e+10
6.309573444801947e+03  7.607081614333389e+13  9.061478898375758e+15  -8.404567927326277e+16  9.997821830011717e-01  1.205904428899832e+10
1.000000000000002e+04  1.205738194643583e+14  1.436405507500934e+16  -1.398177712047896e+17  9.998628463465364e-01  1.205903806802818e+10
1.584893192461117e+04  1.911063025012387e+14  2.276800594121328e+16  -2.320807558049825e+17  9.999135876648019e-01  1.205903535169680e+10
2.511886431509586e+04  3.028927382916992e+14  3.608732019258475e+16  -3.844415130670780e+17  9.999455348205559e-01  1.205903420192744e+10
3.981071705534983e+04  4.800622878855216e+14  5.719697202132475e+16  -6.356384017409649e+17  9.999656610208638e-01  1.205903368592153e+10
6.309573444801949e+04  7.608570925453305e+14  9.065348530141896e+16  -1.049165940446940e+18  9.999783451728953e-01  1.205903344545848e+10
1.000000000000003e+05  1.205886861588144e+15  1.436784627229983e+17  -1.728981830924365e+18  9.999863421090285e-01  1.205903329349762e+10
1.584893192461118e+05  1.911211509539753e+15  2.277173722011585e+17  -2.845118758720386e+18  9.999913851323068e-01  1.205903330498065e+10
2.511886431509587e+05  3.029075739845662e+15  3.609100529074225e+17  -4.675414077516064e+18  9.999945657203991e-01  1.205903322511168e+10
3.981071705534984e+05  4.800771144792338e+15  5.720062140691334e+17  -7.673450044696634e+18  9.999965715265667e-01  1.205903323794669e+10
6.309573444801952e+05  7.608719129283479e+15  9.065710743366587e+17  -1.257908965378968e+19  9.999978367387079e-01  1.205903322968917e+10
1.000000000000003e+06  1.205901677781940e+16  1.436820644867933e+18  -2.059819342565218e+19  9.999986352365093e-01  1.205903324176149e+10
1.584893192461114e-02
0.000000000000000e+00  9.911020947371116e+08  -1.999283237792659e+13  -1.999283238036907e+13  2.512346371776037e-01  4.212308616036052e+07
3.981071705534973e-03  9.912697899139409e+08  -1.999281419106251e+13  -1.999285056955387e+13  2.512368638185921e-01  8.424546184521966e+07
6.309573444801934e-03  9.915233025251427e+08  -1.999278669358119e+13  -1.999287806895945e+13  2.512402311357018e-01  1.335038167122414e+08
1.000000000000000e-02  9.921629597554867e+08  -1.999271519570045e+13  -1.999294470186175e+13  2.512491490740019e-01  2.115240316337289e+08
1.584893192461114e-02  9.937613131881295e+08  -1.999254179559340e+13  -1.999311817899350e+13  2.512704295262000e-01  3.349859988478763e+08
2.511886431509581e-02  9.977707377836967e+08  -1.999210667626093e+13  -1.999355378701496e+13  2.513240450296849e-01  5.298646654099293e+08
3.981071705534975e-02  1.007806830569023e+09  -1.999101654398389e+13  -1.999464704955977e+13  2.514597631697120e-01  8.355348612583971e+08
6.309573444801936e-02  1.032782533787112e+09  -1.998829707229599e+13  -1.999738713422859e+13  2.518081665279878e-01  1.306011380467168e+09
1.000000000000001e-01  1.093843684939241e+09  -1.998159997889228e+13  -2.000422850372979e+13  2.527404767187848e-01  1.986574313374424e+09
1.584893192461115e-01  1.236328584958433e+09  -1.996565649455850e+13  -2.002112733199646e+13  2.553500676214779e-01  2.839502753530659e+09
2.511886431509582e-01  1.544861709977293e+09  -1.992975416178764e+13  -2.006192235870611e+13  2.621388438318459e-01  3.749100504709908e+09
3.981071705534975e-01  2.168199198746844e+09  -1.985325131853085e+13  -2.015719465292966e+13  2.767909887282323e-01  4.671408797189597e+09
6.309573444801937e-01  3.379123013208261e+09  -1.969638925373127e+13  -2.037203462657812e+13  3.029033849034682e-01  5.674757036023833e+09
1.000000000000001e+00  5.701219284141404e+09  -1.938246688496318e+13  -2.084169234881230e+13  3.432144977301583e-01  6.855639572526125e+09
1.584893192461115e+00  1.014597497387245e+10  -1.876615066623523e+13  -2.184195744206924e+13  3.996243881225590e-01  8.276215108023178e+09
2.511886431509582e+00  1.862906817559018e+10  -1.758198188386772e+13  -2.392434110592969e+13  4.729948745430586e-01  9.933791794219404e+09
3.981071705534977e+00  3.463605185324696e+10  -1.537321831288423e+13  -2.816612106210116e+13  5.620804308174705e-01  1.172620433470936e+10
6.309573444801939e+00  6.411190997661703e+10  -1.142485193889856e+13  -3.660920286798599e+13  6.616620165733123e-01  1.341828973645367e+10
1.000000000000001e+01  1.163213770853363e+11  -4.761316013175134e+12  -5.298076942301437e+13  7.611349162189064e-01  1.468244899786256e+10
1.584893192461115e+01  2.044790630751442e+11  5.776206335147022e+12  -8.381156655549397e+13  8.466907456376012e-01  1.530836844672277e+10
2.511886431509583e+01  3.472341290126509e+11  2.162708092644280e+13  -1.401898141737254e+14  9.087452055650646e-01  1.542451930671311e+10
3.981071705534978e+01  5.733015500760983e+11  4.514571972452341e+13  -2.407345029929183e+14  9.475821138914955e-01  1.534588007533989e+10
6.309573444801942e+01  9.295355148932095e+11  8.058300749466039e+13  -4.167953217903202e+14  9.698859037985347e-01  1.526375144598115e+10
1.000000000000002e+02  1.491816690450302e+12  1.351163300905617e+14  -7.212807377670907e+14  9.823918379171002e-01  1.521763592049808e+10
1.584893192461116e+02  2.381136340437215e+12  2.202685550298286e+14  -1.243329699388786e+15  9.894915405278881e-01  1.519651271258776e+10
2.511886431509585e+02  3.789338368844136e+12  3.542767256701529e+14  -2.132625315829914e+15  9.936212148836269e-01  1.518759702573461e+10
3.981071705534980e+02  6.020349769539113e+12  5.659717703150490e+14  -3.639692309104559e+15  9.960798127555025e-01  1.518394586123723e+10
6.309573444801944e+02  9.555722738961154e+12  9.009791726225572e+14  -6.182610927417514e+15  9.975702116844124e-01  1.518246040324641e+10
1.000000000000002e+03  1.515856145041861e+13  1.431558008919166e+15  -1.045728077735586e+16  9.984853477381825e-01  1.518185353430075e+10
1.584893192461117e+03  2.403823501224187e+13  2.272193508058741e+15  -1.761935833117448e+16  9.990521964592776e-01  1.518160348558133e+10
2.511886431509585e+03  3.811142004431391e+13  3.604305887554974e+15  -2.958398807930283e+16  9.994053811605471e-01  1.518149945008624e+10
3.981071705534981e+03  6.041581641260016e+13  5.715407948385673e+15  -4.951887779506567e+16  9.996263086395349e-01  1.518145575914702e+10
6.309573444801947e+03  9.576583635648572e+13  9.061163296618248e+15  -8.265434950709443e+16  9.997648732690132e-01  1.518143724966443e+10
1.000000000000002e+04  1.517917978357761e+14  1.436374035316307e+16  -1.376124777926520e+17  9.998519373873533e-01  1.518142936083985e+10
1.584893192461117e+04  2.405869326107224e+14  2.276769184233913e+16  -2.285854173911888e+17  9.999067099841161e-01  1.518142593907565e+10
2.511886431509586e+04  3.813177166762192e+14  3.608700643172054e+16  -3.789015914077460e+17  9.999411973111295e-01  1.518142454724763e+10
3.981071705534983e+04  6.043609642421942e+14  5.719665848621626e+16  -6.268580342219688e+17  9.999629250792007e-01  1.518142392672125e+10
6.309573444801949e+04  9.578606788775719e+14  9.065317198812038e+16  -1.035249812516784e+18  9.999766193709776e-01  1.518142360466908e+10
1.000000000000003e+05  1.518119963965337e+15  1.436781498684632e+17  -1.706926071352553e+18  9.999852535594970e-01  1.518142342944872e+10
1.584893192461118e+05  2.406071085931376e+15  2.277170588145725e+17  -2.810162552433608e+18  9.999906981617499e-01  1.518142344862987e+10
2.511886431509587e+05  3.813378772818864e+15  3.609097405817599e+17  -4.620012041027828e+18  9.999941324985570e-01  1.518142336548794e+10
3.981071705534984e+05  6.043811139419908e+15  5.720059012398473e+17  -7.585643551369091e+18  9.999962981340518e-01  1.518142338592920e+10
6.309573444801952e+05  9.578808212195910e+15  9.065707617656503e+17  -1.243992555748945e+19  9.999976642799862e-01  1.518142337233019e+10
1.000000000000003e+06  1.518140101104732e+16  1.436820331239944e+18  -2.037763301371192e+19  9.999985263753669e-01  1.518142338706340e+10
1.995262314968880e-02
0.000000000000000e+00  1.680822454311437e+09  -1.997604867602745e+13  -1.997604867901751e+13  2.739817165247395e-01  4.675956248827156e+07
3.981071705534973e-03  1.681008605993726e+09  -1.997603277971052e+13  -1.997606457860917e+13  2.739832857119011e-01  9.352054655372447e+07
6.309573444801934e-03  1.681290037942080e+09  -1.997600874221409e+13  -1.997608861670662e+13  2.739856583798735e-01  1.482081406906115e+08
1.000000000000000e-02  1.682001476702207e+09  -1.997594602180707e+13  -1.997614664681084e+13  2.739920724847952e-01  2.349516332940610e+08
1.584893192461114e-02  1.683776315644817e+09  -1.997579441557162e+13  -1.997629829802351e+13  2.740070590547520e-01  3.721335495259297e+08
2.511886431509581e-02  1.688230495965379e+09  -1.997541385545914e+13  -1.997667914294052e+13  2.740447759195325e-01  5.888543079256904e+08
3.981071705534975e-02  1.699393531502957e+09  -1.997445957537455e+13  -1.997763523804104e+13  2.741399941634418e-01  9.301707367694157e+08
6.309573444801936e-02  1.727268560057512e+09  -1.997207321021701e+13  -1.998003335026607e+13  2.743823931988379e-01  1.461551896298840e+09
1.000000000000001e-01  1.796139333522114e+09  -1.996615263531496e+13  -1.998603395085258e+13  2.750159636169253e-01  2.259060372974196e+09
1.584893192461115e-01  1.961020475338148e+09  -1.995180118613329e+13  -2.000094470355485e+13  2.767658892434879e-01  3.335821693571599e+09
2.511886431509582e-01  2.330952814309982e+09  -1.991865885088935e+13  -2.003735827493301e+13  2.815664011899316e-01  4.561512407418979e+09
3.981071705534975e-01  3.099412519205321e+09  -1.984657834433598e+13  -2.012366017420045e+13  2.929194934745014e-01  5.804794701199836e+09
6.309573444801937e-01  4.610679299237523e+09  -1.969718029370581e+13  -2.032097686391896e+13  3.148603988393571e-01  7.094458515859511e+09
1.000000000000001e+00  7.511431899645487e+09  -1.939695023182371e+13  -2.075702668077549e+13  3.506561945312664e-01  8.552683729547764e+09
1.584893192461115e+00  1.304308947664128e+10  -1.880655973457601e+13  -2.169308984174899e+13  4.024755689950041e-01  1.027969757408691e+10
2.511886431509582e+00  2.355798651276054e+10  -1.767028090989631e+13  -2.365318841150200e+13  4.713257902424265e-01  1.229606756616281e+10
3.981071705534977e+00  4.335625326564813e+10  -1.554376138695641e+13  -2.766446458327284e+13  5.562652912356849e-01  1.450106898521018e+10
6.309573444801939e+00  7.984279749428015e+10  -1.171908723846239e+13  -3.568289782291111e+13  6.527341422328434e-01  1.663136781644519e+10
1.000000000000001e+01  1.447246456058673e+11  -5.203524873642458e+12  -5.130079186668464e+13  7.510161480017078e-01  1.829217202146703e+10
1.584893192461115e+01  2.549145734996687e+11  5.215374725254757e+12  -8.085529425402487e+13  8.376759916700660e-01  1.918436790194651e+10
2.511886431509583e+01  4.342215940361728e+11  2.102819079914482e+13  -1.351618146144925e+14  9.022245112563981e-01  1.940276775542915e+10
3.981071705534978e+01  7.188190370330436e+11  4.458067326370851e+13  -2.324220876126653e+14  9.434923284503629e-01  1.932625398234987e+10
6.309573444801942e+01  1.167469827819697e+12  8.007753439260031e+13  -4.033063779529761e+14  9.674773073228264e-01  1.922282907728611e+10
1.000000000000002e+02  1.875526240959028e+12  1.346646378768020e+14  -6.996217201211511e+14  9.809842550815293e-01  1.916142257304335e+10
1.584893192461116e+02  2.995248891974969e+12  2.198560739932615e+14  -1.208749580508450e+15  9.886563259649644e-01  1.913275884701593e+10
2.511886431509585e+02  4.768155425497437e+12  3.538904724171983e+14  -2.077585888721194e+15  9.931163075541315e-01  1.912061280353410e+10
3.981071705534980e+02  7.576882054115803e+12  5.656024993103724e+14  -3.552239729704781e+15  9.957700041401133e-01  1.911565566998378e+10
6.309573444801944e+02  1.202768045959844e+13  9.006208115936402e+14  -6.043795126377142e+15  9.973781599692173e-01  1.911365348457825e+10
1.000000000000002e+03  1.908125100140933e+13  1.431206680756150e+15  -1.023706500454224e+16  9.983655083662938e-01  1.911284314069453e+10
1.584893192461117e+03  3.026010479569430e+13  2.271846750034287e+15  -1.727013569146823e+16  9.989771087484404e-01  1.911251277074227e+10
2.511886431509585e+03  4.797719804753177e+13  3.603962127238477e+15  -2.903030554890873e+16  9.993582129466561e-01  1.911237687693703e+10
3.981071705534981e+03  7.605677021211045e+13  5.715066172344776e+15  -4.864114963405131e+16  9.995966314575447e-01  1.911232049055942e+10
6.309573444801947e+03  1.205598082806736e+14  9.060822845265182e+15  -8.126304460077498e+16  9.997461823416567e-01  1.911229691257716e+10
1.000000000000002e+04  1.910923140402818e+14  1.436340079273680e+16  -1.354072092476103e+17  9.998401582248854e-01  1.911228697283092e+10
1.584893192461117e+04  3.028787646195939e+14  2.276735290662184e+16  -2.250901038527680e+17  9.998992837292899e-01  1.911228276032928e+10
2.511886431509586e+04  4.800483237416522e+14  3.608666782795618e+16  -3.733616946389171e+17  9.999365139097192e-01  1.911228101875153e+10
3.981071705534983e+04  7.608431349468700e+14  5.719632008776886e+16  -6.180776916074208e+17  9.999599709653295e-01  1.911228028613366e+10
6.309573444801949e+04  1.205872907995600e+15  9.065283386619379e+16  -1.021333709494935e+18  9.999747559865488e-01  1.911227991709769e+10
1.000000000000003e+05  1.911197558779815e+15  1.436778122212632e+17  -1.684870336678240e+18  9.999840782182118e-01  1.911227971637631e+10
1.584893192461118e+05  3.029061789433474e+15  2.277167206830445e+17  -2.775206371083851e+18  9.999899564630567e-01  1.911227973812057e+10
2.511886431509587e+05  4.800757198852462e+15  3.609094033453543e+17  -4.564610029436370e+18  9.999936647040345e-01  1.911227966330470e+10
3.981071705534984e+05  7.608705183539067e+15  5.720055634603997e+17  -7.497837082967928e+18  9.999960029292875e-01  1.911227968498703e+10
6.309573444801952e+05  1.205900282920321e+16  9.065704243580713e+17  -1.230076148609039e+19  9.999974780660984e-01  1.911227966792611e+10
1.000000000000003e+06  1.911224927445290e+16  1.436819992838903e+18  -2.015707262672971e+19  9.999984088402660e-01  1.911227968583886e+10
2.511886431509581e-02
0.000000000000000e+00  2.831212532512613e+09  -1.995351978537120e+13  -1.995351978815253e+13  2.975719292170564e-01  5.183150339257907e+07
3.981071705534973e-03  2.831418876158449e+09  -1.995350590580934e+13  -1.995353367027388e+13  2.975730353688792e-01  1.036665481790339e+08
6.309573444801934e-03  2.831730845622264e+09  -1.995348491828528e+13  -1.995355465835960e+13  2.975747076706833e-01  1.642916686834556e+08
1.000000000000000e-02  2.832521492779178e+09  -1.995342993935364e+13  -1.995360511139627e+13  2.975793567633683e-01  2.605091392339156e+08
1.584893192461114e-02  2.834489242733488e+09  -1.995329755052020e+13  -1.995373752615207e+13  2.975899158852109e-01  4.127194438333972e+08
2.511886431509581e-02  2.839429049411274e+09  -1.995296515795520e+13  -1.995407008670568e+13  2.976164713634037e-01  6.531975221402580e+08
3.981071705534975e-02  2.851818862106922e+09  -1.995213118196711e+13  -1.995490512258246e+13  2.976833996294439e-01  1.033032510861253e+09
6.309573444801936e-02  2.882821570707035e+09  -1.995004249823667e+13  -1.995700060725868e+13  2.978529495600628e-01  1.628115244404845e+09
1.000000000000001e-01  2.959899144876950e+09  -1.994483710296663e+13  -1.996225101306784e+13  2.982892695966418e-01  2.541066174735041e+09
1.584893192461115e-01  3.147776630555431e+09  -1.993205569737513e+13  -1.997534870762273e+13  2.994636859577494e-01  3.848070981881086e+09
2.511886431509582e-01  3.583306586657825e+09  -1.990183714648728e+13  -2.000762675132630e+13  3.027520515800802e-01  5.456292032660239e+09
3.981071705534975e-01  4.518372402618316e+09  -1.983450944297896e+13  -2.008519901890526e+13  3.111833296451442e-01  7.143102088550505e+09
6.309573444801937e-01  6.393148568584861e+09  -1.969280403876824e+13  -2.026519230019659e+13  3.289937398363422e-01  8.838477275745728e+09
1.000000000000001e+00  1.001130767487189e+10  -1.940608243875322e+13  -2.066791495607924e+13  3.600593834636839e-01  1.066627784452469e+10
1.584893192461115e+00  1.689796472071482e+10  -1.884077488806932e+13  -2.154049645709649e+13  4.069940523533487e-01  1.277643595223081e+10
2.511886431509582e+00  2.994001040167304e+10  -1.775077146244539e+13  -2.338015429415819e+13  4.710340420919341e-01  1.522904041845968e+10
3.981071705534977e+00  5.443596875653894e+10  -1.570455885123624e+13  -2.716493017384410e+13  5.515276965427794e-01  1.793458321341738e+10
6.309573444801939e+00  9.959111364023152e+10  -1.200343176598914e+13  -3.476587251846963e+13  6.445154174148481e-01  2.060402977777614e+10
1.000000000000001e+01  1.801619422256277e+11  -5.642000059049491e+12  -4.964007127188371e+13  7.411519660578308e-01  2.276874404306307e+10
1.584893192461115e+01  3.177624853287839e+11  4.643086756220571e+12  -7.792799625149919e+13  8.285027638013123e-01  2.402080587166846e+10
2.511886431509583e+01  5.428326722096367e+11  2.040066338832953e+13  -1.301681918406834e+14  8.953633652307109e-01  2.439604119335706e+10
3.981071705534978e+01  9.010244686714866e+11  4.397809205100612e+13  -2.241444951650608e+14  9.390995061075706e-01  2.433627714500121e+10
6.309573444801942e+01  1.466045354127650e+12  7.953417765783466e+13  -3.898502853445957e+14  9.648678875547974e-01  2.420877516174589e+10
1.000000000000002e+02  2.357678508961403e+12  1.341780515868257e+14  -6.779933618923931e+14  9.794568270182209e-01  2.412756126218103e+10
1.584893192461116e+02  3.767509338020455e+12  2.194117312711256e+14  -1.174198497365618e+15  9.877508706844329e-01  2.408874010545004e+10
2.511886431509585e+02  5.999582850938155e+12  3.534745147836743e+14  -2.022574472164806e+15  9.925696804214246e-01  2.407219064674178e+10
3.981071705534980e+02  9.535627603819227e+12  5.652048611940472e+14  -3.464814565181522e+15  9.954349502717097e-01  2.406545424472457e+10
6.309573444801944e+02  1.513888743328889e+13  9.002348556237622e+14  -5.905006413389727e+15  9.971706003616434e-01  2.406275327581151e+10
1.000000000000002e+03  2.401882518542547e+13  1.430828182243989e+15  -1.001687615079119e+16  9.982360447396292e-01  2.406167102214460e+10
1.584893192461117e+03  3.809217669867379e+13  2.271473043584666e+15  -1.692093989111189e+16  9.988960095467778e-01  2.406123495192498e+10
2.511886431509585e+03  6.039667849845728e+13  3.603591525842578e+15  -2.847664982714288e+16  9.993072750150555e-01  2.406105790579886e+10
3.981071705534981e+03  9.574676546622784e+13  5.714697599383078e+15  -4.776344827684003e+16  9.995645846980280e-01  2.406098547872147e+10
6.309573444801947e+03  1.517727696308612e+14  9.060455606440622e+15  -7.987176650630386e+16  9.997259997776758e-01  2.406095566096336e+10
1.000000000000002e+04  2.405679315739948e+14  1.436303444199702e+16  -1.332019675278112e+17  9.998274392798101e-01  2.406094332025764e+10
1.584893192461117e+04  3.812987328539976e+14  2.276698714633633e+16  -2.215948171541584e+17  9.998912649563653e-01  2.406093821560786e+10
2.511886431509586e+04  6.043419910835431e+14  3.608630245015348e+16  -3.678218247273153e+17  9.999314570586239e-01  2.406093603761691e+10
3.981071705534983e+04  9.578417125690649e+14  5.719595491041295e+16  -6.092973758676791e+17  9.999567813299435e-01  2.406093519468739e+10
6.309573444801949e+04  1.518101001454872e+15  9.065246893533605e+16  -1.007417633354419e+18  9.999727440092635e-01  2.406093479750412e+10
1.000000000000003e+05  2.406052126978607e+15  1.436774477298068e+17  -1.662814628877348e+18  9.999828091063092e-01  2.406093460254987e+10
1.584893192461118e+05  3.813359812295330e+15  2.277163558281238e+17  -2.740250216642751e+18  9.999891556616151e-01  2.406093460521136e+10
2.511886431509587e+05  6.043792184774011e+15  3.609090390971548e+17  -4.509208044728988e+18  9.999931595524345e-01  2.406093455927947e+10
3.981071705534984e+05  9.578789256612284e+15  5.720051988146982e+17  -7.410030641477477e+18  9.999956841805563e-01  2.406093456579099e+10
6.309573444801952e+05  1.518138205282294e+16  9.065700601199937e+17  -1.216159744157483e+19  9.999972769983068e-01  2.406093454797704e+10
1.000000000000003e+06  2.406089323694747e+16  1.436819627678320e+18  -1.993651226668285e+19  9.999982819383103e-01  2.406093456964269e+10
3.162277660168381e-02
0.000000000000000e+00  4.737039944410766e+09  -1.992348259878598e+13  -1.992348260139993e+13  3.218938694656621e-01  5.737229881336056e+07
3.981071705534973e-03  4.737268343489462e+09  -1.992347049345136e+13  -1.992349470837712e+13  3.218946494017415e-01  1.148921418799831e+08
6.309573444801934e-03  4.737613666066369e+09  -1.992345219197965e+13  -1.992351301275610e+13  3.218958281010880e-01  1.818587383757073e+08
1.000000000000000e-02  4.738491816187296e+09  -1.992340402500709e+13  -1.992355680107391e+13  3.218992297997647e-01  2.885258492172733e+08
1.584893192461114e-02  4.740670180724854e+09  -1.992328855397597e+13  -1.992367228734465e+13  3.219066716082976e-01  4.570159275901136e+08
2.511886431509581e-02  4.746139801701539e+09  -1.992299859535887e+13  -1.992396234611430e+13  3.219253787670462e-01  7.233625809366651e+08
3.981071705534975e-02  4.759865503475173e+09  -1.992227081146186e+13  -1.992469075339154e+13  3.219724782379262e-01  1.144823106586717e+09
6.309573444801936e-02  4.794255978722510e+09  -1.992044630042706e+13  -1.992651923916267e+13  3.220914385101585e-01  1.807799313847849e+09
1.000000000000001e-01  4.880073853540624e+09  -1.991588681370026e+13  -1.993110453521672e+13  3.223947747682916e-01  2.837553461599843e+09
1.584893192461115e-01  5.091666275296883e+09  -1.990459733168448e+13  -1.994257112305463e+13  3.231915776289125e-01  4.371940452537548e+09
2.511886431509582e-01  5.595420943530327e+09  -1.987738171128585e+13  -1.997101585561358e+13  3.254043676090124e-01  6.407653010667866e+09
3.981071705534975e-01  6.715412096214548e+09  -1.981516269991577e+13  -2.004021481837382e+13  3.314192833023005e-01  8.676192797201347e+09
6.309573444801937e-01  9.020480195138878e+09  -1.968155594823188e+13  -2.020320923126815e+13  3.453306490292289e-01  1.094632134575791e+10
1.000000000000001e+00  1.351903886000786e+10  -1.940838857167886e+13  -2.057295943468891e+13  3.715584935704594e-01  1.328229297445818e+10
1.584893192461115e+00  2.208948112572153e+10  -1.886750737981129e+13  -2.138277074980295e+13  4.133336013827722e-01  1.588348735927425e+10
2.511886431509582e+00  3.827378519485364e+10  -1.782224354245267e+13  -2.310373504909033e+13  4.722572799942565e-01  1.887151482941712e+10
3.981071705534977e+00  6.859307502270304e+10  -1.585426191173473e+13  -2.666586497241825e+13  5.479892103007011e-01  2.218494484147509e+10
6.309573444801939e+00  1.244690881143989e+11  -1.227597160058982e+13  -3.385642300604779e+13  6.371220586532119e-01  2.551568993744377e+10
1.000000000000001e+01  2.244556917484070e+11  -6.073831584479221e+12  -4.799728713864756e+13  7.316515868167845e-01  2.831634977924072e+10
1.584893192461115e+01  3.961246000434138e+11  4.062596180476938e+12  -7.502945129029077e+13  8.192464717178863e-01  3.004888902294767e+10
2.511886431509583e+01  6.784316422637794e+11  1.974606472605874e+13  -1.252101390150569e+14  8.881846650590777e-01  3.065796571617419e+10
3.981071705534978e+01  1.129107405687058e+12  4.333706256728058e+13  -2.159038406641188e+14  9.343950321000861e-01  3.064021731697413e+10
6.309573444801942e+01  1.840636418781727e+12  7.895065373317048e+13  -3.764294239923252e+14  9.620437632393654e-01  3.048754484770091e+10
1.000000000000002e+02  2.963446215923864e+12  1.336540043030325e+14  -6.563979876899682e+14  9.777994983739596e-01  3.038109273984483e+10
1.584893192461116e+02  4.738564245649116e+12  2.189330893872408e+14  -1.139678659841060e+15  9.867690747832367e-01  3.032867030901426e+10
2.511886431509585e+02  7.548736437852065e+12  3.530265901470470e+14  -1.967593191817972e+15  9.919777586449446e-01  3.030613097850865e+10
3.981071705534980e+02  1.200044400960093e+13  5.647767130609967e+14  -3.377418896517054e+15  9.950725348758744e-01  3.029697201350837e+10
6.309573444801944e+02  1.905457844198428e+13  8.998192248041372e+14  -5.766246852558666e+15  9.969462561185500e-01  3.029332655610665e+10
1.000000000000002e+03  3.023378098883654e+13  1.430420458698767e+15  -9.796716279160062e+15  9.980961741718654e-01  3.029188149379641e+10
1.584893192461117e+03  4.795109021793230e+13  2.271070338082650e+15  -1.657177299988107e+16  9.988084137177999e-01  3.029130683324220e+10
2.511886431509585e+03  7.603079635514423e+13  3.603192026342550e+15  -2.792302299358324e+16  9.992522645557151e-01  3.029107701203428e+10
3.981071705534981e+03  1.205339175099364e+14  5.714300161807940e+15  -4.688577581341322e+16  9.995299785482826e-01  3.029098458320810e+10
6.309573444801947e+03  1.910664746155996e+14  9.060059502367980e+15  -7.848051732347035e+16  9.997042063085311e-01  3.029094725498124e+10
1.000000000000002e+04  3.028529566416100e+14  1.436263920118088e+16  -1.309967547419431e+17  9.998137054168793e-01  3.029093216009295e+10
1.584893192461117e+04  4.800225348267247e+14  2.276659245574288e+16  -2.180995594127382e+17  9.998826063669496e-01  3.029092606826421e+10
2.511886431509586e+04  7.608173572322631e+14  3.608590818021221e+16  -3.622819837922667e+17  9.999259969007123e-01  3.029092350670653e+10
3.981071705534983e+04  1.205847136606342e+15  5.719556084036060e+16  -6.005170891261025e+17  9.999533373661380e-01  3.029092254539581e+10
6.309573444801949e+04  1.911171790133978e+15  9.065207508621870e+16  -9.935015862238780e+17  9.999705715935321e-01  3.029092213116645e+10
1.000000000000003e+05  3.029036024432569e+15  1.436770541190129e+17  -1.640758950088353e+18  9.999814386574253e-01  3.029092202411334e+10
1.584893192461118e+05  4.800731429704004e+15  2.277159620743026e+17  -2.705294091239844e+18  9.999882910196105e-01  3.029092197106158e+10
2.511886431509587e+05  7.608679421156507e+15  3.609086455265327e+17  -4.453806089058530e+18  9.999926140304960e-01  3.029092197847791e+10
3.981071705534984e+05  1.205897706451322e+16  5.720048052045078e+17  -7.322224229036452e+18  9.999953400139190e-01  3.029092194461139e+10
6.309573444801952e+05  1.911222350735074e+16  9.065696668937687e+17  -1.202243342608351e+19  9.999970598896701e-01  3.029092193029991e+10
1.000000000000003e+06  3.029086577953016e+16  1.436819233611748e+18  -1.971595193570679e+19  9.999981449212054e-01  3.029092195598327e+10
3.981071705534974e-02
0.000000000000000e+00  7.873550158085613e+09  -1.988370055215631e+13  -1.988370055460713e+13  3.468253527167195e-01  6.341504697835973e+07
3.981071705534973e-03  7.873802615430323e+09  -1.988369000656271e+13  -1.988371110187427e+13  3.468259026247524e-01  1.269556165793376e+08
6.309573444801934e-03  7.874184321139950e+09  -1.988367406085419e+13  -1.988372704821743e+13  3.468267337691335e-01  2.010943574273544e+08
1.000000000000000e-02  7.875159391437239e+09  -1.988363188655550e+13  -1.988376498158361e+13  3.468292528720511e-01  3.188967170263892e+08
1.584893192461114e-02  7.877567442179711e+09  -1.988353128393979e+13  -1.988386559232718e+13  3.468344985644918e-01  5.051728935925047e+08
2.511886431509581e-02  7.883614557226994e+09  -1.988327863732174e+13  -1.988411829755351e+13  3.468476820584359e-01  7.998061218397040e+08
3.981071705534975e-02  7.898794419463049e+09  -1.988264434964221e+13  -1.988475295356081e+13  3.468808492271530e-01  1.266410068472283e+09
6.309573444801936e-02  7.936860592654277e+09  -1.988105321061462e+13  -1.988634643497338e+13  3.469644642477944e-01  2.002297974830854e+09
1.000000000000001e-01  8.032067506428071e+09  -1.987707008283713e+13  -1.989034459468734e+13  3.471765210976439e-01  3.153586253912396e+09
1.584893192461115e-01  8.268439161831075e+09  -1.986715668344940e+13  -1.990035820052553e+13  3.477241398246306e-01  4.911303536296634e+09
2.511886431509582e-01  8.842189326600079e+09  -1.984291267740007e+13  -1.992530855782562e+13  3.492092639400630e-01  7.392102934216191e+09
3.981071705534975e-01  1.016067880738305e+10  -1.978610320381987e+13  -1.998660840583785e+13  3.533613210055850e-01  1.037325502953383e+10
6.309573444801937e-01  1.296124024757491e+10  -1.966114804140630e+13  -2.013309515351574e+13  3.637954654601120e-01  1.343858017450643e+10
1.000000000000001e+00  1.852441123071606e+10  -1.940186269243256e+13  -2.047036218729225e+13  3.852385090620939e-01  1.648846281960312e+10
1.584893192461115e+00  2.917535638642389e+10  -1.888502349713837e+13  -2.121815969076612e+13  4.216384036004190e-01  1.973810702709142e+10
2.511886431509582e+00  4.926152534648333e+10  -1.788312579952844e+13  -2.282211506063495e+13  4.751384476374547e-01  2.339352621247350e+10
3.981071705534977e+00  8.680037434161388e+10  -1.599123769404148e+13  -2.616531209669129e+13  5.457784566934988e-01  2.744807199309317e+10
6.309573444801939e+00  1.559379897534250e+11  -1.253457496612358e+13  -3.295251035158636e+13  6.306758476286589e-01  3.158842055854080e+10
1.000000000000001e+01  2.799447212337527e+11  -6.495860311757715e+12  -4.637071499319209e+13  7.226310939021502e-01  3.518695379575761e+10
1.584893192461115e+01  4.939176328975396e+11  3.477677896274613e+12  -7.215900583499958e+13  8.099936706725827e-01  3.755387889274471e+10
2.511886431509583e+01  8.477347946015270e+11  1.906671181713808e+13  -1.202885484693740e+14  8.807215593513956e-01  3.850342381258025e+10
3.981071705534978e+01  1.414555848603094e+12  4.265718618109832e+13  -2.077021579911572e+14  9.293744410975726e-01  3.856894241243076e+10
6.309573444801942e+01  2.310496072477277e+12  7.832481646376405e+13  -3.630462396708628e+14  9.589913784056053e-01  3.839360796773089e+10
1.000000000000002e+02  3.724414436237509e+12  1.330898643813019e+14  -6.348380427014414e+14  9.760016412856877e-01  3.825570811866360e+10
1.584893192461116e+02  5.959481722958343e+12  2.184175860231637e+14  -1.105192410450312e+15  9.857043414158234e-01  3.818521842007374e+10
2.511886431509585e+02  9.497491973877260e+12  3.525443032421390e+14  -1.912644307297498e+15  9.913366559647100e-01  3.815455736098343e+10
3.981071705534980e+02  1.510198155760857e+13  5.643157814541740e+14  -3.290054939945106e+15  9.946804585524099e-01  3.814210458236332e+10
6.309573444801944e+02  2.398267343654890e+13  8.993717089361257e+14  -5.627518646214461e+15  9.967037424717883e-01  3.813718410971084e+10
1.000000000000002e+03  3.805648392658644e+13  1.429981322506114e+15  -9.576587594979228e+15  9.979450490837802e-01  3.813525611316318e+10
1.584893192461117e+03  6.036126418724563e+13  2.270636445613264e+15  -1.622263723416098e+16  9.987137964779518e-01  3.813450066524328e+10
2.511886431509585e+03  9.571151951328369e+13  3.602761429506480e+15  -2.736942727854487e+16  9.991928542401444e-01  3.813420383619955e+10
3.981071705534981e+03  1.517376247650788e+14  5.713871644831058e+15  -4.600813448817317e+16  9.994926079132271e-01  3.813408691183318e+10
6.309573444801947e+03  2.405328465982304e+14  9.059632301234640e+15  -7.708929930961755e+16  9.996806730632859e-01  3.813404084201270e+10
1.000000000000002e+04  3.812636825198721e+14  1.436221283085952e+16  -1.287915731589384e+17  9.997988755963353e-01  3.813402273074153e+10
1.584893192461117e+04  6.043069600815159e+14  2.276616660309894e+16  -2.146043329073319e+17  9.998732569991554e-01  3.813401566558804e+10
2.511886431509586e+04  9.578066917185805e+14  3.608548270250026e+16  -3.567421741190112e+17  9.999201011093454e-01  3.813401293557172e+10
3.981071705534983e+04  1.518065984991294e+15  5.719513559267755e+16  -5.917368336719011e+17  9.999496187535830e-01  3.813401184082491e+10
6.309573444801949e+04  2.406017110773528e+15  9.065165004479438e+16  -9.795855703976040e+17  9.999682259384537e-01  3.813401145426941e+10
1.000000000000003e+05  3.813324798125642e+15  1.436766289756756e+17  -1.618703302625813e+18  9.999799587352951e-01  3.813401150086500e+10
1.584893192461118e+05  6.043757163194061e+15  2.277155370412409e+17  -2.670337997177066e+18  9.999873574111762e-01  3.813401138252438e+10
2.511886431509587e+05  9.578754241295868e+15  3.609082202403848e+17  -4.398404164755085e+18  9.999920249097871e-01  3.813401145234396e+10
3.981071705534984e+05  1.518134703383196e+16  5.720043803446657e+17  -7.234417847951464e+18  9.999949684031585e-01  3.813401136499426e+10
6.309573444801952e+05  2.406085821550192e+16  9.065692423345741e+17  -1.188326944192860e+19  9.999968254571495e-01  3.813401136180147e+10
1.000000000000003e+06  3.813393503900050e+16  1.436818808321213e+18  -1.949539163610765e+19  9.999979969809230e-01  3.813401139035065e+10
5.011872336272725e-02
0.000000000000000e+00  1.300218055746477e+10  -1.983135586554212e+13  -1.983135586781335e+13  3.722358462168889e-01  6.999796931233081e+07
3.981071705534973e-03  1.300245922215933e+10  -1.983134668774506e+13  -1.983136504657132e+13  3.722362338799502e-01  1.401454270596703e+08
6.309573444801934e-03  1.300288055762942e+10  -1.983133281096249e+13  -1.983137892392606e+13  3.722368199641113e-01  2.220423382096819e+08
1.000000000000000e-02  1.300396337279726e+10  -1.983129589346157e+13  -1.983141171949931e+13  3.722387125005246e-01  3.520119827326084e+08
1.584893192461114e-02  1.300662156485204e+10  -1.983120834013642e+13  -1.983149927738144e+13  3.722424104437576e-01  5.578681062213449e+08
2.511886431509581e-02  1.301329744267634e+10  -1.983098844993523e+13  -1.983171920241553e+13  3.722517022925159e-01  8.830188298656580e+08
3.981071705534975e-02  1.303005924884086e+10  -1.983043630683229e+13  -1.983227156329881e+13  3.722750678178297e-01  1.398601901391850e+09
6.309573444801936e-02  1.307211569038543e+10  -1.982905064255531e+13  -1.983365861452103e+13  3.723339007674329e-01  2.213072614316335e+09
1.000000000000001e-01  1.317745504772882e+10  -1.982557802873050e+13  -1.983714008078783e+13  3.724826178355388e-01  3.493023003943461e+09
1.584893192461115e-01  1.344007206974503e+10  -1.981690779288023e+13  -1.984586805226270e+13  3.728626925022041e-01  5.474851192676439e+09
2.511886431509582e-01  1.408570857015224e+10  -1.979549889456732e+13  -1.986767666362204e+13  3.738678573114168e-01  8.397823987902606e+09
3.981071705534975e-01  1.561141685190120e+10  -1.974426178223827e+13  -1.992165300622841e+13  3.766745469476790e-01  1.218846191538057e+10
6.309573444801937e-01  1.896489966378135e+10  -1.962857462326853e+13  -2.005232012983036e+13  3.841980572744141e-01  1.630540125690368e+10
1.000000000000001e+00  2.579017929232746e+10  -1.938380349346214e+13  -2.035779749534745e+13  4.011079047440793e-01  2.036220241648642e+10
1.584893192461115e+00  3.898907714977950e+10  -1.889099100716379e+13  -2.104445619358649e+13  4.320265118956708e-01  2.449444488958207e+10
2.511886431509582e+00  6.390670993092198e+10  -1.793135823697216e+13  -2.253307925571367e+13  4.798197227556684e-01  2.900022161542164e+10
3.981071705534977e+00  1.103924511505619e+11  -1.611346680851097e+13  -2.566093942322053e+13  5.450298648639457e-01  3.396545380251593e+10
6.309573444801939e+00  1.959360571990229e+11  -1.277681377531754e+13  -3.205170146042021e+13  6.253041080435737e-01  3.909684522288623e+10
1.000000000000001e+01  3.496513756814625e+11  -6.904636212037037e+12  -4.475816936772899e+13  7.142130646607070e-01  4.369149091102106e+10
1.584893192461115e+01  6.161096017875205e+11  2.892646123408230e+12  -6.931549884804628e+13  8.008417869611358e-01  4.688752736180212e+10
2.511886431509583e+01  1.059170166029457e+12  1.836576262528262e+13  -1.154039180348849e+14  8.730185025981794e-01  4.832271129681430e+10
3.981071705534978e+01  1.771740370068831e+12  4.193872979018180e+13  -1.995413256873117e+14  9.240386517590596e-01  4.853610691582383e+10
6.309573444801942e+01  2.899734466679108e+12  7.765476372724722e+13  -3.497032058136880e+14  9.556980006647393e-01  4.834734459387871e+10
1.000000000000002e+02  4.680209039952503e+12  1.324829836223701e+14  -6.133160777715410e+14  9.740521416414611e-01  4.817146420873869e+10
1.584893192461116e+02  7.494416771978407e+12  2.178625522622523e+14  -1.070742219487372e+15  9.845495611120192e-01  4.807723088766288e+10
2.511886431509585e+02  1.194879185090411e+13  3.520251331398811e+14  -1.857730211549151e+15  9.906421515463927e-01  4.803560818433722e+10
3.981071705534980e+02  1.900458756193760e+13  5.638196649996884e+14  -3.202725048695556e+15  9.942562231401187e-01  4.801868756248112e+10
6.309573444801944e+02  3.018479656015985e+13  8.988899677187209e+14  -5.488824138520388e+15  9.964415572843516e-01  4.801204949060754e+10
1.000000000000002e+03  4.790270721975495e+13  1.429508451251872e+15  -9.356492451109168e+15  9.977817514870188e-01  4.800948093420737e+10
1.584893192461117e+03  7.598276935276862e+13  2.270169037219493e+15  -1.587353496367123e+16  9.986115900917167e-01  4.800849130932072e+10
2.511886431509585e+03  1.204860988300298e+14  3.602297388434524e+15  -2.681586507107796e+16  9.991286902086173e-01  4.800811056583112e+10
3.981071705534981e+03  1.910187756068075e+14  5.713409679798685e+15  -4.513052670901327e+16  9.994522511770312e-01  4.800796443078038e+10
6.309573444801947e+03  3.028053242043985e+14  9.059171612768492e+15  -7.569811488967552e+16  9.996552608457780e-01  4.800790868137798e+10
1.000000000000002e+04  4.799749373350646e+14  1.436175292365093e+16  -1.265864252182475e+17  9.997828622426453e-01  4.800788766674759e+10
1.584893192461117e+04  7.607697760462996e+14  2.276570717136632e+16  -2.111091400891108e+17  9.998631617106407e-01  4.800787988849588e+10
2.511886431509586e+04  1.205799561247592e+15  3.608502353317465e+16  -3.512023981717623e+17  9.999137348181132e-01  4.800787722765154e+10
3.981071705534983e+04  1.911124214572316e+15  5.719467667438466e+16  -5.829566119732881e+17  9.999456034930834e-01  4.800787617243808e+10
6.309573444801949e+04  3.028988444349248e+15  9.065119128569349e+16  -9.656695883505298e+17  9.999656931457437e-01  4.800787589915511e+10
1.000000000000003e+05  4.800683847110890e+15  1.436761698698011e+17  -1.596647688986867e+18  9.999783606562924e-01  4.800787606092428e+10
1.584893192461118e+05  7.608631826861246e+15  2.277150781923060e+17  -2.635381936942334e+18  9.999863493155590e-01  4.800787592909893e+10
2.511886431509587e+05  1.205892947346959e+16  3.609077608631530e+17  -4.343002274329630e+18  9.999913887481079e-01  4.800787606310365e+10
3.981071705534984e+05  1.911217591117313e+16  5.720039217560072e+17  -7.146611500711096e+18  9.999945671585680e-01  4.800787593548358e+10
6.309573444801952e+05  3.029081817998442e+16  9.065687838775587e+17  -1.174410549160864e+19  9.999965723126072e-01  4.800787595764792e+10
1.000000000000003e+06  4.800777221237384e+16  1.436818349304514e+18  -1.927483137037577e+19  9.999978372449367e-01  4.800787598423575e+10
6.309573444801936e-02
0.000000000000000e+00  2.133558619613385e+10  -1.976292173911262e+13  -1.976292174118660e+13  3.979891436516461e-01  7.715987786556149e+07
3.981071705534973e-03  2.133589337312264e+10  -1.976291376055159e+13  -1.976292972084151e+13  3.979894169612721e-01  1.545251960988642e+08
6.309573444801934e-03  2.133635782492448e+10  -1.976290169646050e+13  -1.976294178531157e+13  3.979898300978481e-01  2.447173876183424e+08
1.000000000000000e-02  2.133756101114435e+10  -1.976286937977238e+13  -1.976297007681714e+13  3.979912768087154e-01  3.879652245582972e+08
1.584893192461114e-02  2.134049132023040e+10  -1.976279326354392e+13  -1.976304619710062e+13  3.979938834522325e-01  6.148887906388587e+08
2.511886431509581e-02  2.134785102189276e+10  -1.976260208349905e+13  -1.976323739638849e+13  3.980004329086905e-01  9.736951232277406e+08
3.981071705534975e-02  2.136633229953181e+10  -1.976212198322998e+13  -1.976371762802300e+13  3.980168946370393e-01  1.542238603674730e+09
6.309573444801936e-02  2.141272019903418e+10  -1.976091676998002e+13  -1.976492366711846e+13  3.980583144984544e-01  2.441636097498774e+09
1.000000000000001e-01  2.152901790342639e+10  -1.975789416119950e+13  -1.976795152606924e+13  3.981627939672792e-01  3.859061144903821e+09
1.584893192461115e-01  2.181970012330941e+10  -1.975033239943650e+13  -1.977554709397516e+13  3.984281641476283e-01  6.072210909690634e+09
2.511886431509582e-01  2.253999121913101e+10  -1.973154686393586e+13  -1.979456004882829e+13  3.991168071708233e-01  9.428170003447580e+09
3.981071705534975e-01  2.427843526625010e+10  -1.968585357245950e+13  -1.984185721248117e+13  4.010012959730727e-01  1.407545717319140e+10
6.309573444801937e-01  2.822933241748526e+10  -1.957998400981912e+13  -1.995759656048212e+13  4.062442370974921e-01  1.950004727632780e+10
1.000000000000001e+00  3.651414417591111e+10  -1.935062648405290e+13  -2.023225084628396e+13  4.190749943838509e-01  2.495278330006901e+10
1.584893192461115e+00  5.279368625085709e+10  -1.888228394976743e+13  -2.085885831216266e+13  4.445682068446766e-01  3.031404130706800e+10
2.511886431509582e+00  8.366480630184317e+10  -1.796422385977366e+13  -2.223389766826427e+13  4.864326243300809e-01  3.593333935868285e+10
3.981071705534977e+00  1.412244400314855e+11  -1.621840717651996e+13  -2.514994628154537e+13  5.458807792562925e-01  4.203238948150328e+10
6.309573444801939e+00  2.470612614812350e+11  -1.299985780416214e+13  -3.115109269241002e+13  6.211392345555246e-01  4.837985975262552e+10
1.000000000000001e+01  4.375117202718469e+11  -7.296353506663259e+12  -4.315693451838956e+13  7.065261534315910e-01  5.421356446382455e+10
1.584893192461115e+01  7.690351369095245e+11  2.312381424534392e+12  -6.649717765289261e+13  7.918986654029415e-01  5.848336503596706e+10
2.511886431509583e+01  1.323344058645090e+12  1.764730241381627e+13  -1.105562436466668e+14  8.651321182956077e-01  6.059884674638053e+10
3.981071705534978e+01  2.218655347119618e+12  4.118279470086866e+13  -1.914229738065861e+14  9.183953224620114e-01  6.105803879712907e+10
6.309573444801942e+01  3.638548088696416e+12  7.693897312436867e+13  -3.364027704020978e+14  9.521523622188035e-01  6.087670897341559e+10
1.000000000000002e+02  5.880539443231343e+12  1.318307653005441e+14  -5.918347255298459e+14  9.719395380994953e-01  6.065701928325602e+10
1.584893192461116e+02  9.423957530194406e+12  2.172652415888097e+14  -1.036330674914948e+15  9.832971070093420e-01  6.053202814102827e+10
2.511886431509585e+02  1.503205684546540e+13  3.514664464542919e+14  -1.802853426790814e+15  9.898896674287231e-01  6.047570521755432e+10
3.981071705534980e+02  2.391498809292341e+13  5.632858411949515e+14  -3.115431712313030e+15  9.937971151894531e-01  6.045274581772786e+10
6.309573444801944e+02  3.799013758793005e+13  8.983715339367089e+14  -5.350165817328536e+15  9.961580709750996e-01  6.044380136854146e+10
1.000000000000002e+03  6.029570123230245e+13  1.428999388111799e+15  -9.136433351976398e+15  9.976052870026094e-01  6.044038741777839e+10
1.584893192461117e+03  9.564640640773895e+13  2.269665640806201e+15  -1.552446871740552e+16  9.985011802892080e-01  6.043909738207393e+10
2.511886431509585e+03  1.516727637999229e+14  3.601797404268980e+15  -2.626233892653944e+16  9.990593898939806e-01  6.043861358150043e+10
3.981071705534981e+03  2.404681214660674e+14  5.712911737868480e+15  -4.425295505626265e+16  9.994086688588146e-01  6.043843399228617e+10
6.309573444801947e+03  3.811990253948646e+14  9.058674879453584e+15  -7.430696666616518e+16  9.996278192816602e-01  6.043836847918643e+10
1.000000000000002e+04  6.042423319929224e+14  1.436125689078309e+16  -1.243813135414132e+17  9.997655707174382e-01  6.043834531087431e+10
1.584893192461117e+04  9.577420707231064e+14  2.276521153620406e+16  -2.076139835951216e+17  9.998522608316048e-01  6.043833755382307e+10
2.511886431509586e+04  1.518001359587411e+15  3.608452806842191e+16  -3.456626586036368e+17  9.999068605532238e-01  6.043833526885763e+10
3.981071705534983e+04  2.405952475426930e+15  5.719418136654991e+16  -5.741764266930993e+17  9.999412677841812e-01  6.043833471903723e+10
6.309573444801949e+04  3.813260149660772e+15  9.065069603798750e+16  -9.517536427561505e+17  9.999629581707885e-01  6.043833471577914e+10
1.000000000000003e+05  6.043692503505605e+15  1.436756742936265e+17  -1.574592111855438e+18  9.999766350991395e-01  6.043833491694478e+10
1.584893192461118e+05  9.578689563615934e+15  2.277145828870756e+17  -2.600425913219503e+18  9.999852608053333e-01  6.043833485869627e+10
2.511886431509587e+05  1.518128235232159e+16  3.609072649104442e+17  -4.287600420478791e+18  9.999907018410115e-01  6.043833508173611e+10
3.981071705534984e+05  2.406079352672820e+16  5.720034267534964e+17  -7.058805190000717e+18  9.999941339141923e-01  6.043833494568263e+10
6.309573444801952e+05  3.813387034389515e+16  9.065682887316604e+17  -1.160494157782515e+19  9.999962989558396e-01  6.043833501334943e+10
1.000000000000003e+06  6.043819399146794e+16  1.436817853861425e+18  -1.905427114120006e+19  9.999976647711200e-01  6.043833503118107e+10
7.943282347242819e-02
0.000000000000000e+00  3.479395032280956e+10  -1.967401146212541e+13  -1.967401146398829e+13  4.239461750711976e-01  8.494249588735867e+07
3.981071705534973e-03  3.479428848321935e+10  -1.967400453350345e+13  -1.967401839438166e+13  4.239463677810903e-01  1.700792819663036e+08
6.309573444801934e-03  3.479479978665746e+10  -1.967399405438909e+13  -1.967402887249724e+13  4.239466588397878e-01  2.695585157450778e+08
1.000000000000000e-02  3.479613834620599e+10  -1.967396576217500e+13  -1.967405321863405e+13  4.239477866717388e-01  4.270286581494332e+08
1.584893192461114e-02  3.479936431658972e+10  -1.967389965250775e+13  -1.967411933024845e+13  4.239496237881325e-01  6.768016249065814e+08
2.511886431509581e-02  3.480746692496104e+10  -1.967373360343035e+13  -1.967428539139034e+13  4.239542390358412e-01  1.072406569982198e+09
3.981071705534975e-02  3.482781564832496e+10  -1.967331657874656e+13  -1.967470249460798e+13  4.239658374598698e-01  1.698189455001933e+09
6.309573444801936e-02  3.487890320604056e+10  -1.967226950531692e+13  -1.967575006197395e+13  4.239950044427530e-01  2.689471666276628e+09
1.000000000000001e-01  3.500706286242666e+10  -1.966964220829132e+13  -1.967838049172645e+13  4.240684760663360e-01  4.254588971890588e+09
1.584893192461115e-01  3.532791857085233e+10  -1.966306088272746e+13  -1.968498184471075e+13  4.242543896935492e-01  6.710758014481166e+09
2.511886431509582e-01  3.612680021962798e+10  -1.964664930433292e+13  -1.970152493091040e+13  4.247310417718606e-01  1.049768616370681e+10
3.981071705534975e-01  3.808300056150445e+10  -1.960627760117656e+13  -1.974281555540385e+13  4.260027838184797e-01  1.600462415337249e+10
6.309573444801937e-01  4.266119090326034e+10  -1.951056422119988e+13  -1.984469935832771e+13  4.295687988445865e-01  2.294450751209318e+10
1.000000000000001e+00  5.258578574910417e+10  -1.929766681344762e+13  -2.008982283693134e+13  4.389364648121040e-01  3.026098235022860e+10
1.584893192461115e+00  7.252599783581735e+10  -1.885474533213003e+13  -2.065778808716000e+13  4.592616366567963e-01  3.734774304584519e+10
2.511886431509582e+00  1.106778897827286e+11  -1.797813002043110e+13  -2.192117402560657e+13  4.950835853388474e-01  4.446764180217568e+10
3.981071705534977e+00  1.819108615965512e+11  -1.630281399979700e+13  -2.462894115830545e+13  5.484662168291110e-01  5.200548776690079e+10
6.309573444801939e+00  3.128358094047704e+11  -1.320033307919647e+13  -3.024721095819304e+13  6.183174155250409e-01  5.985407381815265e+10
1.000000000000001e+01  5.486964242418264e+11  -7.666755666896526e+12  -4.156367876712081e+13  6.997045362002231e-01  6.722603425824926e+10
1.584893192461115e+01  9.608203635220278e+11  1.742373794928477e+12  -6.370160225684344e+13  7.832819487519468e-01  7.287546341498480e+10
2.511886431509583e+01  1.653651181017534e+12  1.691642742604965e+13  -1.057448970634328e+14  8.571318164006534e-01  7.592873622404004e+10
3.981071705534978e+01  2.777864901606524e+12  4.039150179375480e+13  -1.833483690704690e+14  9.124602876922365e-01  7.677810691339174e+10
6.309573444801942e+01  4.564767964835772e+12  7.617647089924520e+13  -3.231472840586727e+14  9.483454615339815e-01  7.664413589730690e+10
1.000000000000002e+02  7.387762965837854e+12  1.311307574297189e+14  -5.703966646931575e+14  9.696522292604334e-01  7.637750911017984e+10
1.584893192461116e+02  1.184932710019071e+13  2.166228733252427e+14  -1.001960465149605e+15  9.819388462852002e-01  7.621344569004608e+10
2.511886431509585e+02  1.890998688576695e+13  3.508655189687827e+14  -1.748016595786846e+15  9.890742477589316e-01  7.613757972874356e+10
3.981071705534980e+02  3.009320455494554e+13  5.627116788082341e+14  -3.028177552644570e+15  9.933001887192747e-01  7.610649970365439e+10
6.309573444801944e+02  4.781288867645630e+13  8.978138207777246e+14  -5.211546313595249e+15  9.958515156714378e-01  7.609447259596178e+10
1.000000000000002e+03  7.589396280202783e+13  1.428451545334112e+15  -8.916412955853694e+15  9.974145783845701e-01  7.608995064756183e+10
1.584893192461117e+03  1.203978515453400e+14  2.269123641330685e+15  -1.517544118837314e+16  9.983819023828753e-01  7.608828036941116e+10
2.511886431509585e+03  1.909308236128488e+14  3.601258823483978e+15  -2.570885157342658e+16  9.989845396562972e-01  7.608767356962207e+10
3.981071705534981e+03  3.027175158431799e+14  5.712375124912807e+15  -4.337542229126696e+16  9.993616021599111e-01  7.608745816513103e+10
6.309573444801947e+03  4.798871870381994e+14  9.058139368783454e+15  -7.291585742926336e+16  9.995981859141606e-01  7.608738460994069e+10
1.000000000000002e+04  7.606820369307686e+14  1.436072196803727e+16  -1.221762409432228e+17  9.997468988585787e-01  7.608736124245114e+10
1.584893192461117e+04  1.205711808876146e+15  2.276467689477669e+16  -2.041188662610721e+17  9.998404899937723e-01  7.608735492477209e+10
2.511886431509586e+04  1.911036437412547e+15  3.608399353340525e+16  -3.401229582664152e+17  9.998994378778546e-01  7.608735384293929e+10
3.981071705534983e+04  3.028900638400088e+15  5.719364680977668e+16  -5.653962807018763e+17  9.999365860487111e-01  7.608735436643225e+10
6.309573444801949e+04  4.800596012559971e+15  9.065016140978736e+16  -9.378377364998680e+17  9.999600048726773e-01  7.608735493755627e+10
1.000000000000003e+05  7.608543966338252e+15  1.436751395008984e+17  -1.552536574114508e+18  9.999747719606313e-01  7.608735528346925e+10
1.584893192461118e+05  1.205884158476669e+16  2.277140483215828e+17  -2.565469928898509e+18  9.999840854909225e-01  7.608735539691719e+10
2.511886431509587e+05  1.911208800536308e+16  3.609067296468955e+17  -4.232198606099167e+18  9.999899601729885e-01  7.608735575962471e+10
3.981071705534984e+05  3.029073026305920e+16  5.720028924277678e+17  -6.970998918718363e+18  9.999936661132558e-01  7.608735566152678e+10
6.309573444801952e+05  4.800768428230170e+16  9.065677539603180e+17  -1.146577770349714e+19  9.999960037739257e-01  7.608735579056261e+10
1.000000000000003e+06  7.608716411087550e+16  1.436817319078653e+18  -1.883371095148360e+19  9.999974785422051e-01  7.608735580146658e+10
1.000000000000000e-01
0.000000000000000e+00  5.640119749295107e+10  -1.955920093390064e+13  -1.955920093554339e+13  4.499678377414407e-01  9.339035713237014e+07
3.981071705534973e-03  5.640156928512150e+10  -1.955919492180987e+13  -1.955920694898893e+13  4.499679735267000e-01  1.869637312242970e+08
6.309573444801934e-03  5.640213144293620e+10  -1.955918582949506e+13  -1.955921604078420e+13  4.499681786155708e-01  2.963168753769724e+08
1.000000000000000e-02  5.640362355088759e+10  -1.955916104730231e+13  -1.955923693290324e+13  4.499690770265031e-01  4.695537927369698e+08
1.584893192461114e-02  5.640717043137254e+10  -1.955910368351366e+13  -1.955929429775564e+13  4.499703714114258e-01  7.440577037227095e+08
2.511886431509581e-02  5.641607926901859e+10  -1.955895959971835e+13  -1.955943838951043e+13  4.499736228871001e-01  1.179325019386127e+09
3.981071705534975e-02  5.643845413836059e+10  -1.955859771902789e+13  -1.955980031750207e+13  4.499817928698883e-01  1.867806363278156e+09
6.309573444801936e-02  5.649463782041000e+10  -1.955768898249652e+13  -1.956070935026835e+13  4.500023314585566e-01  2.958098488836260e+09
1.000000000000001e-01  5.663564022372084e+10  -1.955540803813227e+13  -1.956299217292484e+13  4.500540216452945e-01  4.682330626711460e+09
1.584893192461115e-01  5.698902711900761e+10  -1.954968938595066e+13  -1.956872278147533e+13  4.501845039771513e-01  7.397000464827036e+09
2.511886431509582e-01  5.787152849290740e+10  -1.953539500842561e+13  -1.958309444515007e+13  4.505166078564045e-01  1.162375779223472e+10
3.981071705534975e-01  6.005247937602617e+10  -1.949997343886932e+13  -1.961904199159439e+13  4.513842028325098e-01  1.797338666390965e+10
6.309573444801937e-01  6.527641422572763e+10  -1.941443655039767e+13  -1.970827093612293e+13  4.537819855999582e-01  2.655020657259263e+10
1.000000000000001e+00  7.698761701884666e+10  -1.921899154551517e+13  -1.992550007279440e+13  4.603858103443499e-01  3.622396441720969e+10
1.584893192461115e+00  1.011830701762956e+11  -1.880291557685496e+13  -2.043666417011048e+13  4.760110305771816e-01  4.570774699208362e+10
2.511886431509582e+00  1.481420573116165e+11  -1.796833195787255e+13  -2.159064904937609e+13  5.058351562834980e-01  5.489853167567838e+10
3.981071705534977e+00  2.361889532911659e+11  -1.636250384416625e+13  -2.409378169688882e+13  5.529104930938480e-01  6.430716450508900e+10
6.309573444801939e+00  3.980938214152644e+11  -1.337413405558281e+13  -2.933588515984719e+13  6.169760878863668e-01  7.402836905776781e+10
1.000000000000001e+01  6.900634951689972e+11  -8.011002247462413e+12  -3.997434650657492e+13  6.938870364217110e-01  8.331078073048045e+10
1.584893192461115e+01  1.201961650477801e+12  1.188790931309099e+12  -6.092553437984577e+13  7.751182990307006e-01  9.072132998820660e+10
2.511886431509583e+01  2.067079979385482e+12  1.617932931020437e+13  -1.009684870474004e+14  8.491001203448737e-01  9.504902981058865e+10
3.981071705534978e+01  3.477718159328753e+12  3.956819062888906e+13  -1.753182754581035e+14  9.062590189914203e-01  9.649650256563463e+10
6.309573444801942e+01  5.725815910963912e+12  7.536703822891477e+13  -3.099389049478011e+14  9.442715390286683e-01  9.647985642724637e+10
1.000000000000002e+02  9.280107530499664e+12  1.303807777351616e+14  -5.490045689287502e+14  9.671787678976497e-01  9.616944113220723e+10
1.584893192461116e+02  1.489766141880020e+13  2.159326950348528e+14  -9.676343523449909e+14  9.804661746716082e-01  9.595708082911151e+10
2.511886431509585e+02  2.378710803191148e+13  3.502195685545899e+14  -1.693222466838266e+15  9.881905415154720e-01  9.585553862390791e+10
3.981071705534980e+02  3.786628060146132e+13  5.620944577942627e+14  -2.940965315324024e+15  9.927622475581068e-01  9.581361548954356e+10
6.309573444801944e+02  6.017417843229012e+13  8.972141346427685e+14  -5.072968397463518e+15  9.955199736463887e-01  9.579749485196132e+10
1.000000000000002e+03  9.552617610773917e+13  1.427862211890765e+15  -8.696434074692954e+15  9.972084585235040e-01  9.579153459568570e+10
1.584893192461117e+03  1.515532127190333e+14  2.268540284130175e+15  -1.482645523660676e+16  9.982530370616464e-01  9.578939207100621e+10
2.511886431509585e+03  2.403488985362501e+14  3.600678837529444e+15  -2.515540591906102e+16  9.989036922293530e-01  9.578864483546991e+10
3.981071705534981e+03  3.810799345159622e+14  5.711796977975796e+15  -4.249793136429861e+16  9.993107713910598e-01  9.578839579646678e+10
6.309573444801947e+03  6.041232671022462e+14  9.057562167920178e+15  -7.152479016652209e+16  9.995661852352642e-01  9.578831943666183e+10
1.000000000000002e+04  9.576229774782490e+14  1.436014519972075e+16  -1.199712104426415e+17  9.997267363006418e-01  9.578830009458330e+10
1.584893192461117e+04  1.517882213092797e+15  2.276410026724052e+16  -2.006237911323125e+17  9.998277797686246e-01  9.578829785761853e+10
2.511886431509586e+04  2.405833266675738e+15  3.608341690902901e+16  -3.345833002247891e+17  9.998914229958850e-01  9.578829969107225e+10
3.981071705534983e+04  3.813140878410801e+15  5.719307001949202e+16  -5.566161770864546e+17  9.999315307971749e-01  9.578830199964673e+10
6.309573444801949e+04  6.043573175766707e+15  9.064958442442045e+16  -9.239218726858025e+17  9.999568159467047e-01  9.578830364941219e+10
1.000000000000003e+05  9.578570185211894e+15  1.436745624279316e+17  -1.530481078866265e+18  9.999727602642238e-01  9.578830451398373e+10
1.584893192461118e+05  1.518116292858723e+16  2.277134714303783e+17  -2.530513987091175e+18  9.999828164528172e-01  9.578830492580110e+10
2.511886431509587e+05  2.406067406353902e+16  3.609061520456709e+17  -4.176796834307169e+18  9.999891593896592e-01  9.578830548953015e+10
3.981071705534984e+05  3.813375086222181e+16  5.720023156139532e+17  -6.883192689992297e+18  9.999931609907944e-01  9.578830550008582e+10
6.309573444801952e+05  6.043807448368590e+16  9.065671765155649e+17  -1.132661387177102e+19  9.999956850347458e-01  9.578830569370682e+10
1.000000000000003e+06  9.578804518363715e+16  1.436816741813285e+18  -1.861315080436022e+19  9.999972774597508e-01  9.578830571253799e+10
1.258925411794167e-01
0.000000000000000e+00  9.089479594884912e+10  -1.941182053691242e+13  -1.941182053832825e+13  4.759177354882851e-01  1.025575729693488e+08
3.981071705534973e-03  9.089520421075632e+10  -1.941181532484195e+13  -1.941182575146766e+13  4.759178311315751e-01  2.052702609377749e+08
6.309573444801934e-03  9.089582151160489e+10  -1.941180744340916e+13  -1.941183363328610e+13  4.759179756359587e-01  3.253332198399457e+08
1.000000000000000e-02  9.089748961607495e+10  -1.941178571578786e+13  -1.941185150238117e+13  4.759187076808524e-01  5.155745621386246e+08
1.584893192461114e-02  9.090138444236290e+10  -1.941173598607506e+13  -1.941190123299271e+13  4.759196192907729e-01  8.169968242626532e+08
2.511886431509581e-02  9.091116744557500e+10  -1.941161107427546e+13  -1.941202614929002e+13  4.759219093592287e-01  1.294809722583085e+09
3.981071705534975e-02  9.093573881240903e+10  -1.941129733613955e+13  -1.941233991631738e+13  4.759276625917156e-01  2.051065618995579e+09
6.309573444801936e-02  9.099744476991560e+10  -1.941050942122294e+13  -1.941312800964088e+13  4.759421226043060e-01  3.249307985585461e+09
1.000000000000001e-01  9.115234920551596e+10  -1.940853129156107e+13  -1.941510727046897e+13  4.759784922141188e-01  5.145010645653063e+09
1.584893192461115e-01  9.154085507771384e+10  -1.940356894801177e+13  -1.942007679427552e+13  4.760701556279052e-01  8.136331168614193e+09
2.511886431509582e-01  9.251290222599014e+10  -1.939114583041637e+13  -1.943254593255670e+13  4.763024298344170e-01  1.282178701528764e+10
3.981071705534975e-01  9.492887075301880e+10  -1.936021917051500e+13  -1.946377751999416e+13  4.769006006139319e-01  2.000246433167746e+10
6.309573444801937e-01  1.008126053073778e+11  -1.928453212846290e+13  -1.954161227825174e+13  4.785141492901648e-01  3.024837901488062e+10
1.000000000000001e+00  1.144149328138119e+11  -1.910723624144571e+13  -1.973289887365380e+13  4.830433696014984e-01  4.271651787811499e+10
1.584893192461115e+00  1.434292444602146e+11  -1.871974501040809e+13  -2.018962544143495e+13  4.946148704454674e-01  5.543288138496434e+10
2.511886431509582e+00  2.008842330039109e+11  -1.792859668234570e+13  -2.123694878153264e+13  5.186846339062420e-01  6.751647728589610e+10
3.981071705534977e+00  3.094766470806205e+11  -1.639205009867687e+13  -2.353936635678718e+13  5.593150957133042e-01  7.942348678718910e+10
6.309573444801939e+00  5.095565616379019e+11  -1.351617621393904e+13  -2.841207899594475e+13  6.172495370707287e-01  9.151811880295358e+10
1.000000000000001e+01  8.708050921737312e+11  -8.323485756880259e+12  -3.838402123458053e+13  6.892156725392432e-01  1.031816668687407e+11
1.584893192461115e+01  1.506122893014128e+12  6.585822023703605e+11  -5.816480601899519e+13  7.675423926394904e-01  1.128296930161769e+11
2.511886431509583e+01  2.585286107378507e+12  1.544338674286068e+13  -9.622470153431488e+13  8.411326668821769e-01  1.188676877334289e+11
3.981071705534978e+01  4.353922468283505e+12  3.871763011788722e+13  -1.673327872198214e+14  8.998280375057732e-01  1.212065623647312e+11
6.309573444801942e+01  7.181186608331762e+12  7.451145821803066e+13  -2.967794754390780e+14  9.399292312944040e-01  1.214230136874238e+11
1.000000000000002e+02  1.165572804192168e+13  1.295790777909487e+14  -5.276610357773002e+14  9.645082630805845e-01  1.210842923025044e+11
1.584893192461116e+02  1.872864208105171e+13  2.151920698058854e+14  -9.333551330905358e+14  9.788700830957621e-01  1.208145662776728e+11
2.511886431509585e+02  2.992051576113736e+13  3.495258030738692e+14  -1.638473870398532e+15  9.872327910985542e-01  1.206798308712477e+11
3.981071705534980e+02  4.764554367440936e+13  5.614313992102774e+14  -2.853797855240278e+15  9.921798277458330e-01  1.206235697648689e+11
6.309573444801944e+02  7.572966343156916e+13  8.965696952471605e+14  -4.934434969860448e+15  9.951613650585917e-01  1.206020619252511e+11
1.000000000000002e+03  1.202351768347115e+14  1.427228566654496e+15  -8.476499670616725e+15  9.969856629092888e-01  1.205942593054808e+11
1.584893192461117e+03  1.907689453212498e+14  2.267912682463165e+15  -1.447751388974245e+16  9.981138058410599e-01  1.205915462815540e+11
2.511886431509585e+03  3.025559696305861e+14  3.600054485579505e+15  -2.460200505358744e+16  9.988163639525519e-01  1.205906503601200e+11
3.981071705534981e+03  4.797257222482517e+14  5.711174264007185e+15  -4.162048542138510e+16  9.992558742702959e-01  1.205903791865444e+11
6.309573444801947e+03  7.605205253891870e+14  9.056940178470606e+15  -7.013376807202136e+16  9.995316276236638e-01  1.205903117143338e+11
1.000000000000002e+04  1.205550191343921e+15  1.435952342944676e+16  -1.177662252740864e+17  9.997049638160104e-01  1.205903045026970e+11
1.584893192461117e+04  1.910874692686623e+15  2.276347845183578e+16  -1.971287614761478e+17  9.998140550921346e-01  1.205903113480909e+11
2.511886431509586e+04  3.028738765148960e+15  3.608279492092782e+16  -3.290436877730431e+17  9.998827685183074e-01  1.205903189836526e+11
3.981071705534983e+04  4.800434019080271e+15  5.719244777635924e+16  -5.478361191622436e+17  9.999260722968681e-01  1.205903243920837e+11
6.309573444801949e+04  7.608381867453240e+15  9.064896187578786e+16  -9.100060546478153e+17  9.999533726808805e-01  1.205903279407937e+11
1.000000000000003e+05  1.205867939357673e+16  1.436739397178695e+17  -1.508425629453848e+18  9.999705881258248e-01  1.205903298555665e+11
1.584893192461118e+05  1.911192573956146e+16  2.277128488224246e+17  -2.495558091152229e+18  9.999814461836222e-01  1.205903308423081e+11
2.511886431509587e+05  3.029056792242841e+16  3.609055287807819e+17  -4.121395108460110e+18  9.999882947742764e-01  1.205903316562577e+11
3.981071705534984e+05  4.800752190867586e+16  5.720016928381471e+17  -6.795386507201408e+18  9.999926155524294e-01  1.205903318921219e+11
6.309573444801952e+05  7.608700168947270e+16  9.065665531312253e+17  -1.118745008603339e+19  9.999953408686864e-01  1.205903321314849e+11
1.000000000000003e+06  1.205899780995354e+17  1.436816118674019e+18  -1.839259070321248e+19  9.999970603375912e-01  1.205903321826469e+11
1.584893192461114e-01
0.000000000000000e+00  1.456605037883245e+11  -1.922371162483179e+13  -1.922371162601585e+13  5.016647231727941e-01  1.124803268428578e+08
3.981071705534973e-03  1.456609515610719e+11  -1.922370711013702e+13  -1.922371614150646e+13  5.016647905066677e-01  2.251004234369552e+08
6.309573444801934e-03  1.456616285999657e+11  -1.922370028335685e+13  -1.922372296855247e+13  5.016648922318853e-01  3.567690042151423e+08
1.000000000000000e-02  1.456635009829241e+11  -1.922368120871683e+13  -1.922373819160147e+13  5.016655025707031e-01  5.653759407029281e+08
1.584893192461114e-02  1.456677727509542e+11  -1.922363813371734e+13  -1.922378126716628e+13  5.016661443192553e-01  8.959578097696483e+08
2.511886431509581e-02  1.456785026634724e+11  -1.922352993652733e+13  -1.922388946727489e+13  5.016677563922747e-01  1.419955013259037e+09
3.981071705534975e-02  1.457054532302184e+11  -1.922325817250932e+13  -1.922416124850041e+13  5.016718062775173e-01  2.250023218491042e+09
6.309573444801936e-02  1.457731386634136e+11  -1.922257563050435e+13  -1.922484389950791e+13  5.016819827357509e-01  3.564508647394847e+09
1.000000000000001e-01  1.459430864364352e+11  -1.922086177763770e+13  -1.922655843562038e+13  5.017075691341684e-01  5.645420853906300e+09
1.584893192461115e-01  1.463695259192351e+11  -1.921656069175023e+13  -1.923086385417903e+13  5.017719871526845e-01  8.933859521662342e+09
2.511886431509582e-01  1.474378186946036e+11  -1.920578186666607e+13  -1.924167030574686e+13  5.019347599414262e-01  1.410439915429476e+10
3.981071705534975e-01  1.501024264894249e+11  -1.917887019584688e+13  -1.926876166018680e+13  5.023502732217501e-01  2.212351579989970e+10
6.309573444801937e-01  1.566633223412423e+11  -1.911241535099662e+13  -1.933645502124666e+13  5.034454572834374e-01  3.401422277652837e+10
1.000000000000001e+00  1.722227187230531e+11  -1.895346335712245e+13  -1.950398896559998e+13  5.065010520144022e-01  4.957736973844556e+10
1.584893192461115e+00  2.065397229300009e+11  -1.859631740316634e+13  -1.990920775509824e+13  5.147712066101996e-01  6.645685663022576e+10
2.511886431509582e+00  2.762664418356365e+11  -1.785081543609513e+13  -2.085326943051817e+13  5.335441474248698e-01  8.256505668543965e+10
3.981071705534977e+00  4.097355041424803e+11  -1.638439901543914e+13  -2.295936523516863e+13  5.677428572683954e-01  9.788967519398830e+10
6.309573444801939e+00  6.566956993122262e+11  -1.362007333940562e+13  -2.746967369342711e+13  6.192620121008553e-01  1.130561722156026e+11
1.000000000000001e+01  1.103383102357262e+12  -8.597585456034793e+12  -3.678674992177533e+13  6.858332790315682e-01  1.277100625031186e+11
1.584893192461115e+01  1.891246926920332e+12  1.596318515454597e+11  -5.541416082621490e+13  7.606956268699375e-01  1.401937291212086e+11
2.511886431509583e+01  3.236038301119696e+12  1.471727386031239e+13  -9.151012711529367e+13  8.333378518812110e-01  1.485023763871872e+11
3.981071705534978e+01  5.451597507755636e+12  3.784623946313493e+13  -1.593911310339731e+14  8.932161946114283e-01  1.521389789226573e+11
6.309573444801942e+01  9.005613043478807e+12  7.361180617563977e+13  -2.836703648361912e+14  9.353228958142239e-01  1.527722212794665e+11
1.000000000000002e+02  1.463782301709851e+13  1.287245548223289e+14  -5.063684900934507e+14  9.616309129852192e-01  1.524428579819955e+11
1.584893192461116e+02  2.354283821330033e+13  2.143985955905146e+14  -8.991255825772400e+14  9.771412677344610e-01  1.521091344482277e+11
2.511886431509585e+02  3.763338245789289e+13  3.487814881018385e+14  -1.583773684617120e+15  9.861948300963352e-01  1.519324447736147e+11
3.981071705534980e+02  5.994831327247061e+13  5.607197083366970e+14  -2.766678114039501e+15  9.915491807114807e-01  1.518574774870801e+11
6.309573444801944e+02  9.530423732241684e+13  8.958776653574492e+14  -4.795949048129750e+15  9.947734351183112e-01  1.518289677779646e+11
1.000000000000002e+03  1.513332699592848e+14  1.426547698906078e+15  -8.256612847919465e+15  9.967448215448533e-01  1.518188492423342e+11
1.584893192461117e+03  2.401298381484077e+14  2.267237830640716e+15  -1.412862034027557e+16  9.979633661483119e-01  1.518154758167925e+11
2.511886431509585e+03  3.808611469586356e+14  3.599382661520370e+15  -2.404865225159333e+16  9.987220317772237e-01  1.518144447429715e+11
3.981071705534981e+03  6.039044370956485e+14  5.710503781713077e+15  -4.074308780952577e+16  9.991965840840983e-01  1.518141806326092e+11
6.309573444801947e+03  9.574039559719616e+14  9.056270114427294e+15  -6.874279455452158e+16  9.994943082072004e-01  1.518141451637631e+11
1.000000000000002e+04  1.517662942409558e+15  1.435885329956838e+16  -1.155612888978844e+17  9.996814526369490e-01  1.518141648921370e+11
1.584893192461117e+04  2.405613737550928e+15  2.276280802052346e+16  -1.936337807953885e+17  9.997992348654348e-01  1.518141894913350e+11
2.511886431509586e+04  3.812921106087823e+15  3.608212408621590e+16  -3.235041244497569e+17  9.998734233512010e-01  1.518142076814852e+11
3.981071705534983e+04  6.043353185766162e+15  5.719177656996914e+16  -5.390561104912243e+17  9.999201783368860e-01  1.518142189029720e+11
6.309573444801949e+04  9.578350006951156e+15  9.064829024304390e+16  -8.960902859690940e+17  9.999496547864856e-01  1.518142256317689e+11
1.000000000000003e+05  1.518094258855264e+16  1.436732677960450e+17  -1.486370229479022e+18  9.999682427378495e-01  1.518142293085667e+11
1.584893192461118e+05  2.406045359768116e+16  2.277121767481955e+17  -2.460602244703637e+18  9.999799665431388e-01  1.518142314495725e+11
2.511886431509587e+05  3.813353026769162e+16  3.609048562078705e+17  -4.065993432178192e+18  9.999873612195245e-01  1.518142325634099e+11
3.981071705534984e+05  6.043785382722866e+16  5.720010202758648e+17  -6.707580373999312e+18  9.999920265551272e-01  1.518142331927947e+11
6.309573444801952e+05  9.578782444659944e+16  9.065658802440709e+17  -1.104828634993066e+19  9.999949692529212e-01  1.518142334365365e+11
1.000000000000003e+06  1.518137523319584e+17  1.436815445997810e+18  -1.817203065169106e+19  9.999968258945935e-01  1.518142335566877e+11
1.995262314968880e-01
0.000000000000000e+00  2.321598934597306e+11  -1.898494207199207e+13  -1.898494207294341e+13  5.270851681630663e-01  1.232221421092620e+08
3.981071705534973e-03  2.321603840023785e+11  -1.898493816448133e+13  -1.898494598098989e+13  5.270852155380589e-01  2.465689113771816e+08
6.309573444801934e-03  2.321611257035424e+11  -1.898493225597714e+13  -1.898495188964268e+13  5.270852871070695e-01  3.907905174977093e+08
1.000000000000000e-02  2.321632386707808e+11  -1.898491547807521e+13  -1.898496479533954e+13  5.270858072857275e-01  6.193075249032907e+08
1.584893192461114e-02  2.321679184436470e+11  -1.898487819722911e+13  -1.898500207630639e+13  5.270862587824741e-01  9.815326012530003e+08
2.511886431509581e-02  2.321796732879170e+11  -1.898478455400130e+13  -1.898509572136423e+13  5.270873930150263e-01  1.555537841612271e+09
3.981071705534975e-02  2.322091987790811e+11  -1.898454934199166e+13  -1.898533094398154e+13  5.270902423535752e-01  2.465297996427840e+09
6.309573444801936e-02  2.322833548628234e+11  -1.898395857476505e+13  -1.898592177671209e+13  5.270974012032988e-01  3.905269784557789e+09
1.000000000000001e-01  2.324695732372469e+11  -1.898247501038881e+13  -1.898740575660266e+13  5.271153954412480e-01  6.186871683693398e+09
1.584893192461115e-01  2.329369912669326e+11  -1.897875083610254e+13  -1.899113255641970e+13  5.271606663464518e-01  9.794657191252079e+09
2.511886431509582e-01  2.341089234380916e+11  -1.896941122584766e+13  -1.900048885075783e+13  5.272748453976648e-01  1.548222271223051e+10
3.981071705534975e-01  2.370386715354739e+11  -1.894604857690675e+13  -1.902395881503444e+13  5.275647310349916e-01  2.436794448300507e+10
6.309573444801937e-01  2.443026032454895e+11  -1.888802423753884e+13  -1.908270276784221e+13  5.283159312506319e-01  3.787053181996242e+10
1.000000000000001e+00  2.618627977508789e+11  -1.874701309777883e+13  -1.922880110639762e+13  5.303682689513052e-01  5.665828316599565e+10
1.584893192461115e+00  3.018504802464072e+11  -1.842160954801715e+13  -1.958598130878715e+13  5.361029048491605e-01  7.859613079542952e+10
2.511886431509582e+00  3.855961291642637e+11  -1.772458719085868e+13  -2.043099375325073e+13  5.502283213865725e-01  1.001841595091260e+11
3.981071705534977e+00  5.488107493434355e+11  -1.633040118650342e+13  -2.234587680409289e+13  5.781995946990927e-01  1.202562776147865e+11
6.309573444801939e+00  8.530418149414473e+11  -1.367772208887549e+13  -2.650118667947461e+13  6.231178395334204e-01  1.394954824996689e+11
1.000000000000001e+01  1.404898983503604e+12  -8.825340261465258e+12  -3.517531713568590e+13  6.838797361175086e-01  1.579512971665636e+11
1.584893192461115e+01  2.381123424514315e+12  -2.990236266179896e+11  -5.266705861043434e+13  7.547243634882067e-01  1.740301073769427e+11
2.511886431509583e+01  4.055187355727176e+12  1.401109959867948e+13  -8.682004035421030e+13  8.258360747537635e-01  1.853271341966347e+11
3.981071705534978e+01  6.827982570487212e+12  3.696232016731203e+13  -1.514914335289655e+14  8.864857262404633e-01  1.908155028166914e+11
6.309573444801942e+01  1.129312857100173e+13  7.267178470767614e+13  -2.706122718181761e+14  9.304640809444820e-01  1.921475117096788e+11
1.000000000000002e+02  1.838110690675278e+13  1.278170204638560e+14  -4.851290552552992e+14  9.585386911414870e-01  1.919028196109652e+11
1.584893192461116e+02  2.959220894285691e+13  2.135502657349664e+14  -8.649483772082067e+14  9.752702979562753e-01  1.915052697253580e+11
2.511886431509585e+02  4.733194700360733e+13  3.479840405565459e+14  -1.529124786339798e+15  9.850700946733378e-01  1.912772530342741e+11
3.981071705534980e+02  7.542520550833134e+13  5.599566351128700e+14  -2.679609087156794e+15  9.908662582713080e-01  1.911783344054777e+11
6.309573444801944e+02  1.199356958783482e+14  8.951351931049514e+14  -4.657513743801138e+15  9.943537408588637e-01  1.911408822012169e+11
1.000000000000002e+03  1.904718341696868e+14  1.425816638410138e+15  -8.036776839104861e+15  9.964844503296288e-01  1.911279313368918e+11
1.584893192461117e+03  3.022597399806691e+14  2.266512624531615e+15  -1.377977793834214e+16  9.978008060251043e-01  1.911238464663669e+11
2.511886431509585e+03  4.794295821987360e+14  3.598660126544117e+15  -2.349535097045346e+16  9.986201300306090e-01  1.911227383554846e+11
3.981071705534981e+03  7.602240873918061e+14  5.709782167577412e+15  -3.986574207960346e+16  9.991325476941165e-01  1.911225425977782e+11
6.309573444801947e+03  1.205253292702478e+15  9.055548502624548e+15  -6.735187324409780e+16  9.994540056267893e-01  1.911225820333763e+11
1.000000000000002e+04  1.910577290889046e+15  1.435813124312985e+16  -1.133564050098952e+17  9.996560636528949e-01  1.911226548090881e+11
1.584893192461117e+04  3.028440878502425e+15  2.276208533388893e+16  -1.901388528400511e+17  9.997832315637872e-01  1.911227119453274e+11
2.511886431509586e+04  4.800135694231694e+15  3.608140072184587e+16  -3.179646140491868e+17  9.998633324146687e-01  1.911227487276771e+11
3.981071705534983e+04  7.608083161118434e+15  5.719105259146488e+16  -5.302761549012115e+17  9.999138140578766e-01  1.911227704736217e+11
6.309573444801949e+04  1.205838036217541e+16  9.064756571488739e+16  -8.821745705025751e+17  9.999456403218691e-01  1.911227824512737e+11
1.000000000000003e+05  1.911162643219947e+16  1.436725428353011e+17  -1.464314882817554e+18  9.999657102724936e-01  1.911227890668185e+11
1.584893192461118e+05  3.029026839950595e+16  2.277114511908066e+17  -2.425646451657546e+18  9.999783687576510e-01  1.911227930782679e+11
2.511886431509587e+05  4.800722217615840e+16  3.609041303487946e+17  -4.010591809367967e+18  9.999863531994569e-01  1.911227947294944e+11
3.981071705534984e+05  7.608670183986456e+16  5.720002938787462e+17  -6.619774294336440e+18  9.999913905112199e-01  1.911227959189499e+11
6.309573444801952e+05  1.205896781217131e+17  9.065651539747540e+17  -1.090912266739163e+19  9.999945679997827e-01  1.911227961873445e+11
1.000000000000003e+06  1.911221424252626e+17  1.436814719815327e+18  -1.795147065373606e+19  9.999965727462727e-01  1.911227964360747e+11
2.511886431509581e-01
0.000000000000000e+00  3.681030175677677e+11  -1.868347435295399e+13  -1.868347435421007e+13  5.520648605987533e-01  1.348596598835580e+08
3.981071705534973e-03  3.681035543736382e+11  -1.868347097404194e+13  -1.868347773395650e+13  5.520648938516215e-01  2.697913996468592e+08
6.309573444801934e-03  3.681043660149182e+11  -1.868346586424241e+13  -1.868348284386570e+13  5.520649441752075e-01  4.275900812269517e+08
1.000000000000000e-02  3.681067669824223e+11  -1.868345106722361e+13  -1.868349371777832e+13  5.520653965177207e-01  6.775998250661110e+08
1.584893192461114e-02  3.681118880585479e+11  -1.868341882603719e+13  -1.868352595905647e+13  5.520657139963766e-01  1.073991374937695e+09
2.511886431509581e-02  3.681247514576447e+11  -1.868333784104262e+13  -1.868360694518273e+13  5.520665115307786e-01  1.702197420941718e+09
3.981071705534975e-02  3.681570618260550e+11  -1.868313442150803e+13  -1.868381037122630e+13  5.520685149754355e-01  2.697516836125213e+09
6.309573444801936e-02  3.682382153439808e+11  -1.868262349063962e+13  -1.868432134230600e+13  5.520735483130952e-01  4.274319272674149e+09
1.000000000000001e-01  3.684420229676180e+11  -1.868134031795167e+13  -1.868560476762946e+13  5.520861970652736e-01  6.771505736081792e+09
1.584893192461115e-01  3.689537049299880e+11  -1.867811857733408e+13  -1.868882810613202e+13  5.521180045268260e-01  1.072407934447455e+10
2.511886431509582e-01  3.702373456396502e+11  -1.867003508112414e+13  -1.869692172660056e+13  5.521981255443860e-01  1.696499228817494e+10
3.981071705534975e-01  3.734511560438282e+11  -1.864978888290850e+13  -1.871723263267316e+13  5.524008497043223e-01  2.676054607505077e+10
6.309573444801937e-01  3.814540957828286e+11  -1.859931975421425e+13  -1.876812615542477e+13  5.529204469599398e-01  4.187046612502217e+10
1.000000000000001e+00  4.010589729973749e+11  -1.847529577224595e+13  -1.889511435116648e+13  5.543060059716420e-01  6.387357615714132e+10
1.584893192461115e+00  4.469631216861758e+11  -1.818229346630921e+13  -1.920815923854804e+13  5.581983223662368e-01  9.157595375476064e+10
2.511886431509582e+00  5.463076002534143e+11  -1.753680887071730e+13  -1.995924000783873e+13  5.684558519199127e-01  1.203491800456177e+11
3.981071705534977e+00  7.445135748206819e+11  -1.621826542236638e+13  -2.168899804049930e+13  5.906161729447045e-01  1.470292921532961e+11
6.309573444801939e+00  1.118183807327038e+12  -1.367877792254390e+13  -2.549740959310298e+13  6.288883897987205e-01  1.717955049546248e+11
1.000000000000001e+01  1.799122628364706e+12  -8.997020310218342e+12  -3.354095393257595e+13  6.834863123195105e-01  1.951683430689485e+11
1.584893192461115e+01  3.007628085459855e+12  -7.068933749519935e+11  -4.991543187294703e+13  7.497774754127385e-01  2.158234122812830e+11
2.511886431509583e+01  5.089378319824757e+12  1.333659614104206e+13  -8.214816395939306e+13  8.187585471571445e-01  2.310275464129010e+11
3.981071705534978e+01  8.556041012043429e+12  3.607630362668891e+13  -1.436304495124978e+14  8.797129818123028e-01  2.391140084207715e+11
6.309573444801942e+01  1.416231777292874e+13  7.169710433222753e+13  -2.576049795641028e+14  9.253730947900177e-01  2.415659384047970e+11
1.000000000000002e+02  2.308002736869743e+13  1.268575364244063e+14  -4.639443840252855e+14  9.552262065806204e-01  2.415424796971444e+11
1.584893192461116e+02  3.719334548822185e+13  2.126456815938410e+14  -8.308259893019946e+14  9.732478591364021e-01  2.410958935410252e+11
2.511886431509585e+02  5.952689623074221e+13  3.471311561340031e+14  -1.474529983112210e+15  9.838516545754741e-01  2.408081457277041e+11
3.981071705534980e+02  9.489448437162698e+13  5.591395572078362e+14  -2.592593777162768e+15  9.901267009460843e-01  2.406793769219173e+11
6.309573444801944e+02  1.509296737238277e+14  8.943394707176567e+14  -4.519132230066078e+15  9.938996378164325e-01  2.406307886606667e+11
1.000000000000002e+03  2.397289053278259e+14  1.425032397981985e+15  -7.816994983073198e+15  9.962029419190971e-01  2.406145171249594e+11
1.584893192461117e+03  3.804609052018771e+14  2.265733891688310e+15  -1.343099017855150e+16  9.976251384349898e-01  2.406097674822702e+11
2.511886431509585e+03  6.035038722387460e+14  3.597883529140022e+15  -2.294210484424786e+16  9.985100469223023e-01  2.406087251672147e+11
3.981071705534981e+03  9.570026077113346e+14  5.709005907494886e+15  -3.898845198609902e+16  9.990633833871685e-01  2.406087155176097e+11
6.309573444801947e+03  1.517260653156496e+15  9.054771687566462e+15  -6.596100799656554e+16  9.994104807029878e-01  2.406089063634893e+11
1.000000000000002e+04  2.405210506308340e+15  1.435735348531743e+16  -1.111515775497902e+17  9.996286465986129e-01  2.406090771497685e+11
1.584893192461117e+04  3.812517006481763e+15  2.276130651830922e+16  -1.866439816182406e+17  9.997659506230514e-01  2.406091919401404e+11
2.511886431509586e+04  6.042948321267066e+15  3.608062087764784e+16  -3.124251606343857e+17  9.998524361446582e-01  2.406092608926672e+11
3.981071705534983e+04  9.577944488167154e+15  5.719027178319153e+16  -5.214962565032369e+17  9.999069418652134e-01  2.406093002237435e+11
6.309573444801949e+04  1.518053652015635e+16  9.064678415992746e+16  -8.682589123906227e+17  9.999413055442754e-01  2.406093214317803e+11
1.000000000000003e+05  2.406004706806113e+16  1.436717606354973e+17  -1.442259593640852e+18  9.999629757376018e-01  2.406093329092767e+11
1.584893192461118e+05  3.813312337092298e+16  2.277106680483046e+17  -2.390690716227825e+18  9.999766434408023e-01  2.406093394294560e+11
2.511886431509587e+05  6.043744659732917e+16  3.609033469558355e+17  -3.955190244244332e+18  9.999852647582105e-01  2.406093422329974e+11
3.981071705534984e+05  9.578741700127427e+16  5.719995095613380e+17  -6.531968272468612e+18  9.999907036942360e-01  2.406093441937137e+11
6.309573444801952e+05  1.518133446868759e+17  9.065643701183718e+17  -1.076995904265086e+19  9.999941347447940e-01  2.406093446519177e+11
1.000000000000003e+06  2.406084563022609e+17  1.436813935800747e+18  -1.773091071360151e+19  9.999962993952424e-01  2.406093451295130e+11
3.162277660168380e-01
0.000000000000000e+00  5.807448716440720e+11  -1.830477846351638e+13  -1.830477846430925e+13  5.765005264896187e-01  1.474177498496347e+08
3.981071705534973e-03  5.807454584587225e+11  -1.830477554310659e+13  -1.830478138506857e+13  5.765005498594098e-01  2.948947804044057e+08
6.309573444801934e-03  5.807463456997559e+11  -1.830477112721338e+13  -1.830478580104563e+13  5.765005852201620e-01  4.673765221073583e+08
1.000000000000000e-02  5.807490975484841e+11  -1.830475803161184e+13  -1.830479489023432e+13  5.765009856640398e-01  7.406903244380281e+08
1.584893192461114e-02  5.807546956356362e+11  -1.830473016898040e+13  -1.830482275312212e+13  5.765012087710617e-01  1.173946298310536e+09
2.511886431509581e-02  5.807687572706522e+11  -1.830466018122210e+13  -1.830489274134658e+13  5.765017691525849e-01  1.860556822627153e+09
3.981071705534975e-02  5.808040777144531e+11  -1.830448438394652e+13  -1.830506854265231e+13  5.765031768963174e-01  2.948658577196817e+09
6.309573444801936e-02  5.808927936989406e+11  -1.830404282302012e+13  -1.830551012821452e+13  5.765067134110990e-01  4.673082196028538e+09
1.000000000000001e-01  5.811156067195691e+11  -1.830293381110298e+13  -1.830661929458911e+13  5.765155993593403e-01  7.403168289326210e+09
1.584893192461115e-01  5.816750906622334e+11  -1.830014897856168e+13  -1.830940510148387e+13  5.765379376450414e-01  1.172728563966093e+10
2.511886431509582e-01  5.830791948198732e+11  -1.829315937172701e+13  -1.831640087853199e+13  5.765941583858019e-01  1.856245059025012e+10
3.981071705534975e-01  5.865981429213436e+11  -1.827563780257287e+13  -1.833396171057088e+13  5.767360876424674e-01  2.932308727569391e+10
6.309573444801937e-01  5.953853487500836e+11  -1.823185622784675e+13  -1.837799707944600e+13  5.770973861226302e-01  4.607506576762502e+10
1.000000000000001e+00  6.170979541927561e+11  -1.812347254826248e+13  -1.848810832524871e+13  5.780417633363553e-01  7.122619397050117e+10
1.584893192461115e+00  6.690730002152889e+11  -1.786255236534230e+13  -1.876118564455270e+13  5.806565877264216e-01  1.050992853981517e+11
2.511886431509582e+00  7.853026251526409e+11  -1.727131150029029e+13  -1.942435188175935e+13  5.878686512046533e-01  1.428293210011194e+11
3.981071705534977e+00  1.023847733372725e+12  -1.603295970126809e+13  -2.097629909264020e+13  6.048357330888896e-01  1.785819049756642e+11
6.309573444801939e+00  1.480841059648837e+12  -1.361001184656523e+13  -2.444694735780529e+13  6.365966205000350e-01  2.109813468316827e+11
1.000000000000001e+01  2.319528853992978e+12  -9.100573797108498e+12  -3.187296309402527e+13  6.847676610614044e-01  2.408460474909373e+11
1.584893192461115e+01  3.813959046919016e+12  -1.051622755029732e+12  -4.714937851827278e+13  7.460028781162860e-01  2.673741761441415e+11
2.511886431509583e+01  6.399830224864854e+12  1.270737747479198e+13  -7.748637572467203e+13  8.122455613737924e-01  2.876681563873636e+11
3.981071705534978e+01  1.072931093820847e+13  3.520102363809110e+13  -1.358032448125372e+14  8.729887300633287e-01  2.993470202503259e+11
6.309573444801942e+01  1.776316113856360e+13  7.069590991293264e+13  -2.446470557846372e+14  9.200806020666107e-01  3.035335040398289e+11
1.000000000000002e+02  2.897924629289844e+13  1.258488272523868e+14  -4.428154394185998e+14  9.516917523540065e-01  3.039641542116323e+11
1.584893192461116e+02  4.674420051976229e+13  2.116843305275416e+14  -7.967605459145220e+14  9.710650907833521e-01  3.035112941296187e+11
2.511886431509585e+02  7.486029486918692e+13  3.462209804674432e+14  -1.419991920490619e+15  9.825322716046037e-01  3.031596841322679e+11
3.981071705534980e+02  1.193852923529095e+14  5.582660925446548e+14  -2.505635129310034e+15  9.893258317057956e-01  3.029952006757743e+11
6.309573444801944e+02  1.899287716754939e+14  8.934878145482939e+14  -4.380807695854206e+15  9.934082670738682e-01  3.029332643668140e+11
1.000000000000002e+03  3.017193887769633e+14  1.424192032230244e+15  -7.597270693050916e+15  9.958985561682033e-01  3.029133659157467e+11
1.584893192461117e+03  4.788893584869032e+14  2.264898433981798e+15  -1.308226067898385e+16  9.974352951701573e-01  3.029082042887583e+11
2.511886431509585e+03  7.596827184443414e+14  3.597049434735928e+15  -2.238891767177871e+16  9.983911207786872e-01  3.029075245755793e+11
3.981071705534981e+03  1.204710261025164e+15  5.708171355768464e+15  -3.811122148245926e+16  9.989886785508096e-01  3.029079160868414e+11
6.309573444801947e+03  1.910032483912774e+15  9.053935841705608e+15  -6.457020289481254e+16  9.993634749941821e-01  3.029083912918060e+11
1.000000000000002e+04  3.027894384900726e+15  1.435651604568356e+16  -1.089468107071636e+17  9.995990391451894e-01  3.029087362389683e+11
1.584893192461117e+04  4.799587690909167e+15  2.276046746465478e+16  -1.831491714066676e+17  9.997472898988643e-01  3.029089504172286e+11
2.511886431509586e+04  7.607533852323045e+15  3.607978032605284e+16  -3.068857685524727e+17  9.998406701594288e-01  3.029090739761780e+11
3.981071705534983e+04  1.205782995009909e+16  5.718942988730362e+16  -5.127164197032738e+17  9.998995212886436e-01  3.029091422431282e+11
6.309573444801949e+04  1.911107510172201e+16  9.064594113852723e+16  -8.543433160860097e+17  9.999366248127775e-01  3.029091792339580e+11
1.000000000000003e+05  3.028971630918548e+16  1.436709166575660e+17  -1.420204366441266e+18  9.999600229364166e-01  3.029091987419175e+11
1.584893192461118e+05  4.800666947218878e+16  2.277098230509922e+17  -2.355735042936201e+18  9.999747804995922e-01  3.029092089499563e+11
2.511886431509587e+05  7.608614860990114e+16  3.609025015838602e+17  -3.899788741346022e+18  9.999840894937270e-01  3.029092138495860e+11
3.981071705534984e+05  1.205891245091133e+17  5.719986630466715e+17  -6.444162312963578e+18  9.999899620932692e-01  3.029092169928217e+11
6.309573444801952e+05  1.911215884999779e+17  9.065635241267553e+17  -1.063079548027294e+19  9.999936669330025e-01  3.029092179332522e+11
1.000000000000003e+06  3.029080108659304e+17  1.436813089269502e+18  -1.751035083588218e+19  9.999960042241186e-01  3.029092187810005e+11
3.981071705534974e-01
0.000000000000000e+00  9.118727148538673e+11  -1.783138061142627e+13  -1.783138061126155e+13  6.003009224250359e-01  1.609850760803000e+08
3.981071705534973e-03  9.118733557303273e+11  -1.783137808854030e+13  -1.783138313366384e+13  6.003009389086398e-01  3.220162654720483e+08
6.309573444801934e-03  9.118743246074321e+11  -1.783137427472995e+13  -1.783138694738590e+13  6.003009637543210e-01  5.103614889832196e+08
1.000000000000000e-02  9.118775118478627e+11  -1.783136263264825e+13  -1.783139446451525e+13  6.003013237203972e-01  8.088122645161206e+08
1.584893192461114e-02  9.118836252539280e+11  -1.783133856988035e+13  -1.783141852744730e+13  6.003014803744118e-01  1.281882879771277e+09
2.511886431509581e-02  9.118989813400220e+11  -1.783127812695299e+13  -1.783147897068589e+13  6.003018738532930e-01  2.031711084476549e+09
3.981071705534975e-02  9.119375534814850e+11  -1.783112630352227e+13  -1.783163079652299e+13  6.003028622851110e-01  3.219972849912815e+09
6.309573444801936e-02  9.120344385133110e+11  -1.783074495393057e+13  -1.783201216128030e+13  6.003053453420608e-01  5.103001288009123e+09
1.000000000000001e-01  9.122777787069265e+11  -1.782978713205814e+13  -1.783297007782407e+13  6.003115838399443e-01  8.085966386659620e+09
1.584893192461115e-01  9.128888703180039e+11  -1.782738172969474e+13  -1.783537607598951e+13  6.003272628469629e-01  1.280986823880299e+10
2.511886431509582e-01  9.144229019851899e+11  -1.782134304165609e+13  -1.784141853633294e+13  6.003667005131303e-01  2.028406848545657e+10
3.981071705534975e-01  9.182701107123137e+11  -1.780619619387838e+13  -1.785658932683189e+13  6.004661095056352e-01  3.207450947604194e+10
6.309573444801937e-01  9.278945894906034e+11  -1.776828822239985e+13  -1.789465080355723e+13  6.007180943547347e-01  5.053528229161565e+10
1.000000000000001e+00  9.518067961467344e+11  -1.767399912764919e+13  -1.798995828644660e+13  6.013676763935625e-01  7.879235061901813e+10
1.584893192461115e+00  1.009974410620117e+12  -1.744384393565368e+13  -1.822730172944258e+13  6.031247425783508e-01  1.189398396284859e+11
2.511886431509582e+00  1.144015687825273e+12  -1.690856484414167e+13  -1.880934355854597e+13  6.080665492085883e-01  1.671956714410686e+11
3.981071705534977e+00  1.427979578465637e+12  -1.575560315940153e+13  -2.019220044708998e+13  6.206115180200602e-01  2.150474067440929e+11
6.309573444801939e+00  1.983596484011332e+12  -1.345455059435387e+13  -2.333564004670038e+13  6.462011785187254e-01  2.580633997749095e+11
1.000000000000001e+01  3.013882930280519e+12  -9.120925162850660e+12  -3.015823888251007e+13  6.878112113517570e-01  2.966852828223534e+11
1.584893192461115e+01  4.859369441216851e+12  -1.318448124999323e+12  -4.435677170293824e+13  7.435426564106197e-01  3.308462764244829e+11
2.511886431509583e+01  8.067667456467090e+12  1.213929893913108e+13  -7.282435823655986e+13  8.064440965636801e-01  3.577677034211510e+11
3.981071705534978e+01  1.346850678038052e+13  3.435203040970380e+13  -1.280028252661946e+14  8.664179319987559e-01  3.743559702059805e+11
6.309573444801942e+01  2.228604145453529e+13  6.967925425276370e+13  -2.317354889609922e+14  9.146291528364220e-01  3.811564649078969e+11
1.000000000000002e+02  3.638708456433134e+13  1.247957802989998e+14  -4.217422142606731e+14  9.479385460961716e-01  3.824213103727935e+11
1.584893192461116e+02  5.874527817675609e+13  2.106669448406855e+14  -7.627536418414240e+14  9.687140428089968e-01  3.820549125163040e+11
2.511886431509585e+02  9.413954050498392e+13  3.452523365313191e+14  -1.365512957398654e+15  9.811044956691548e-01  3.816459029989259e+11
3.981071705534980e+02  1.501920804286239e+14  5.573342499972402e+14  -2.418735944017718e+15  9.884586580530195e-01  3.814414484991958e+11
6.309573444801944e+02  2.389995572077647e+14  8.925777726547286e+14  -4.242543282547492e+15  9.928765433462735e-01  3.813644798081101e+11
1.000000000000002e+03  3.797337583153702e+14  1.423292717194522e+15  -7.377607411192475e+15  9.955694102568311e-01  3.813411351027493e+11
1.584893192461117e+03  6.027755957741824e+14  2.264003086428603e+15  -1.273359314994975e+16  9.972301203655273e-01  3.813362138453375e+11
2.511886431509585e+03  9.562716512403275e+14  3.596154367887484e+15  -2.183579339679979e+16  9.982626359933479e-01  3.813364653616400e+11
3.981071705534981e+03  1.516526489707433e+15  5.707274763744853e+15  -3.723405471064550e+16  9.989079871652913e-01  3.813376381943289e+11
6.309573444801947e+03  2.404473145827357e+15  9.053036983026360e+15  -6.317946224589147e+16  9.993127092386008e-01  3.813386245299437e+11
1.000000000000002e+04  3.811776712659112e+15  1.435561474720973e+16  -1.067421089247244e+17  9.995670659333402e-01  3.813392709678088e+11
1.584893192461117e+04  6.042205456079721e+15  2.275956383722089e+16  -1.796544267584681e+17  9.997271390852782e-01  3.813396535511565e+11
2.511886431509586e+04  9.577199430799454e+15  3.607887460350317e+16  -3.013464424463825e+17  9.998279650068357e-01  3.813398681178143e+11
3.981071705534983e+04  1.517978962683434e+16  5.718852236083293e+16  -5.039366492143735e+17  9.998915085894763e-01  3.813399845542530e+11
6.309573444801949e+04  2.405929865567845e+16  9.064503201707176e+16  -8.404277863659643e+17  9.999315705666256e-01  3.813400469192512e+11
1.000000000000003e+05  3.813237371595106e+16  1.436700062002167e+17  -1.398149206047050e+18  9.999568344928235e-01  3.813400795883745e+11
1.584893192461118e+05  6.043669593324926e+16  2.277089115269211e+17  -2.320779436631857e+18  9.999727689898927e-01  3.813400962146959e+11
2.511886431509587e+05  9.578666550465013e+16  3.609015894846388e+17  -3.844387305551798e+18  9.999828204946097e-01  3.813401045430770e+11
3.981071705534984e+05  1.518125925334209e+17  5.719977496488029e+17  -6.356356420723418e+18  9.999891613617033e-01  3.813401095258425e+11
6.309573444801952e+05  2.406077036533869e+17  9.065626110751969e+17  -1.049163198517834e+19  9.999931618027026e-01  3.813401113855701e+11
1.000000000000003e+06  3.813384713166278e+17  1.436812175306122e+18  -1.728979102553554e+19  9.999956854941695e-01  3.813401127552047e+11
5.011872336272725e-01
0.000000000000000e+00  1.425331989611897e+12  -1.724233701485972e+13  -1.724233701478254e+13  6.233875113991590e-01  1.756356848144946e+08
3.981071705534973e-03  1.425332688823417e+12  -1.724233483740134e+13  -1.724233919180154e+13  6.233875229624442e-01  3.513037264475580e+08
6.309573444801934e-03  1.425333745892296e+12  -1.724233154579599e+13  -1.724234248334317e+13  6.233875403933574e-01  5.567805039973007e+08
1.000000000000000e-02  1.425337482676764e+12  -1.724232113775459e+13  -1.724234861031227e+13  6.233878679730753e-01  8.824003435672554e+08
1.584893192461114e-02  1.425344153250325e+12  -1.724230036877471e+13  -1.724236937851870e+13  6.233879780432687e-01  1.398520761930965e+09
2.511886431509581e-02  1.425360907067031e+12  -1.724224820183419e+13  -1.724242154582257e+13  6.233882541230097e-01  2.216528520062524e+09
3.981071705534975e-02  1.425402990288191e+12  -1.724211716526198e+13  -1.724255258372685e+13  6.233889475876996e-01  3.512905735567477e+09
6.309573444801936e-02  1.425508695632430e+12  -1.724178802500132e+13  -1.724288173329601e+13  6.233906896368486e-01  5.567359724127849e+09
1.000000000000001e-01  1.425774196969193e+12  -1.724096131426483e+13  -1.724370850218817e+13  6.233950661230931e-01  8.822888036360500e+09
1.584893192461115e-01  1.426440989374744e+12  -1.723888504119305e+13  -1.724578514163610e+13  6.234060635129136e-01  1.397814598297395e+10
2.511886431509582e-01  1.428115160053621e+12  -1.723367176651157e+13  -1.725100072852584e+13  6.234337147146966e-01  2.213989279393421e+10
3.981071705534975e-01  1.432315807213795e+12  -1.722058986211378e+13  -1.726409728900646e+13  6.235033408830780e-01  3.503334809059328e+10
6.309573444801937e-01  1.442837448004881e+12  -1.718781425960990e+13  -1.729696638007963e+13  6.236793379024410e-01  5.529671303012285e+10
1.000000000000001e+00  1.469070480991317e+12  -1.710604010350775e+13  -1.737934955888371e+13  6.241290782391307e-01  8.668256109018529e+10
1.584893192461115e+00  1.533582240476165e+12  -1.690452835062521e+13  -1.758507410796924e+13  6.253182754468729e-01  1.330149212413632e+11
2.511886431509582e+00  1.686033128665627e+12  -1.642543173772049e+13  -1.809331401951502e+13  6.286495725852534e-01  1.929026106719121e+11
3.981071705534977e+00  2.019831153340526e+12  -1.536290538947779e+13  -1.931726011601129e+13  6.376193983662504e-01  2.562209371783746e+11
6.309573444801939e+00  2.690184684839170e+12  -1.319102355760937e+13  -2.214585236510704e+13  6.575835037782668e-01  3.139081748386671e+11
1.000000000000001e+01  3.951213184682462e+12  -9.039106758058207e+12  -2.838065596370738e+13  6.926643256212852e-01  3.645604535333123e+11
1.584893192461115e+01  6.226163277375921e+12  -1.489484076899448e+12  -4.152276269027671e+13  7.425263972877121e-01  4.088054313982285e+11
2.511886431509583e+01  1.020152939552985e+13  1.165094883446551e+13  -6.814916879214075e+13  8.015045509479058e-01  4.443853010593896e+11
3.981071705534978e+01  1.693060896449917e+13  3.354797116030934e+13  -1.202197014631167e+14  8.601188800476982e-01  4.676231936940341e+11
6.309573444801942e+01  2.797371684901713e+13  6.866162259382541e+13  -2.188652508175362e+14  9.090745193021900e-01  4.782755035558500e+11
1.000000000000002e+02  4.569288705307236e+13  1.237060425479156e+14  -4.007233762921410e+14  9.439761495607096e-01  4.809741749804318e+11
1.584893192461116e+02  7.382656436408234e+13  2.095959598199493e+14  -7.288060945233487e+14  9.661882740998003e-01  4.808721319489290e+11
2.511886431509585e+02  1.183802381988251e+14  3.442250240605881e+14  -1.311095000307213e+15  9.795608114059902e-01  4.804342092592870e+11
3.981071705534980e+02  1.889431815158730e+14  5.563426294025039e+14  -2.331898759577769e+15  9.875198864243431e-01  4.801903295235825e+11
6.309573444801944e+02  3.007420891676489e+14  8.916072679286131e+14  -4.104341998279528e+15  9.923011450918436e-01  4.800982927683762e+11
1.000000000000002e+03  4.779126254784999e+14  1.422331856923783e+15  -7.158008545945610e+15  9.952134687132638e-01  4.800727413065554e+11
1.584893192461117e+03  7.587023555719466e+14  2.263044796861586e+15  -1.238499134944829e+16  9.970083636435074e-01  4.800694503701951e+11
2.511886431509585e+03  1.203724464809003e+15  3.595194870682505e+15  -2.128273607805372e+16  9.981238186856319e-01  4.800716718837012e+11
3.981071705534981e+03  1.909040826167905e+15  5.706312320989907e+15  -3.635695598297789e+16  9.988208271010394e-01  4.800742831659462e+11
6.309573444801947e+03  3.026897140921036e+15  9.052071002248144e+15  -6.178879057240456e+16  9.992578816748130e-01  4.800761621962427e+11
1.000000000000002e+04  4.798585447258129e+15  1.435464523194123e+16  -1.045374768973510e+17  9.995325375220536e-01  4.800773210962130e+11
1.584893192461117e+04  7.606527293957009e+15  2.275859107285570e+16  -1.761597525084465e+17  9.997053790230876e-01  4.800779852654960e+11
2.511886431509586e+04  1.205681975272004e+16  3.607789898822879e+16  -2.958071872636751e+17  9.998142456675885e-01  4.800783504952715e+11
3.981071705534983e+04  1.911006188017016e+16  5.718754431712754e+16  -4.951569500738652e+17  9.998828564295372e-01  4.800785463054037e+11
6.309573444801949e+04  3.028870059961879e+16  9.064405190257690e+16  -8.265123283420659e+17  9.999261130780803e-01  4.800786493467000e+11
1.000000000000003e+05  4.800565173771543e+16  1.436690243339013e+17  -1.376094117630416e+18  9.999533916930810e-01  4.800787033082889e+11
1.584893192461118e+05  7.608512923099661e+16  2.277079283357982e+17  -2.285823902522239e+18  9.999705970420818e-01  4.800787308583289e+11
2.511886431509587e+05  1.205881038056121e+17  3.609006054587925e+17  -3.788985942106686e+18  9.999814502707174e-01  4.800787448015610e+11
3.981071705534984e+05  1.911205667024857e+17  5.719967642164575e+17  -6.268550601016046e+18  9.999882967884730e-01  4.800787525406285e+11
6.309573444801952e+05  3.029069882741961e+17  9.065616255972268e+17  -1.035246856267248e+19  9.999926163657025e-01  4.800787560040126e+11
1.000000000000003e+06  4.800765276769584e+17  1.436811188751079e+18  -1.706923128789652e+19  9.999953413347363e-01  4.800787580509465e+11
6.309573444801935e-01
0.000000000000000e+00  2.218356208261243e+12  -1.651262025902924e+13  -1.651262025755686e+13  6.456947395753709e-01  1.915367639750502e+08
3.981071705534973e-03  2.218356970790857e+12  -1.651261837934081e+13  -1.651262213538527e+13  6.456947477135927e-01  3.814643665447651e+08
6.309573444801934e-03  2.218358123044973e+12  -1.651261554007913e+13  -1.651262497459038e+13  6.456947599337383e-01  6.068860130209687e+08
1.000000000000000e-02  2.218362567796987e+12  -1.651260617042945e+13  -1.651262986571971e+13  6.456950614865249e-01  9.618337812473752e+08
1.584893192461114e-02  2.218369838957781e+12  -1.651258825366187e+13  -1.651264777988103e+13  6.456951385306502e-01  1.524394422365044e+09
2.511886431509581e-02  2.218388101427101e+12  -1.651254325558821e+13  -1.651269277817650e+13  6.456953320645745e-01  2.415994484727865e+09
3.981071705534975e-02  2.218433974318523e+12  -1.651243022630187e+13  -1.651280580851410e+13  6.456958182091080e-01  3.829093834818239e+09
6.309573444801936e-02  2.218549199554365e+12  -1.651214631411709e+13  -1.651308972618414e+13  6.456970393637518e-01  6.068534851671840e+09
1.000000000000001e-01  2.218838618011727e+12  -1.651143319171613e+13  -1.651380288439243e+13  6.457001071391959e-01  9.617373842484961e+09
1.584893192461115e-01  2.219565514387694e+12  -1.650964211239711e+13  -1.651559418906672e+13  6.457078151245279e-01  1.523913823689631e+10
2.511886431509582e-01  2.221390826915861e+12  -1.650514440933479e+13  -1.652009331514207e+13  6.457271898231155e-01  2.414082948799084e+10
3.981071705534975e-01  2.225972209083864e+12  -1.649385482022596e+13  -1.653139190396895e+13  6.457759411719886e-01  3.821758276226755e+10
6.309573444801937e-01  2.237457206704741e+12  -1.646554842777901e+13  -1.655975551952408e+13  6.458989385283107e-01  6.039727361182230e+10
1.000000000000001e+00  2.266158022977006e+12  -1.639478058296117e+13  -1.663089193084056e+13  6.462115006589506e-01  9.500781707647386e+10
1.584893192461115e+00  2.337239108163306e+12  -1.621929924244037e+13  -1.680885582592408e+13  6.470238554631043e-01  1.473988494517452e+11
2.511886431509582e+00  2.508498977019330e+12  -1.579489681962783e+13  -1.725083543949997e+13  6.492565152711843e-01  2.194381857784048e+11
3.981071705534977e+00  2.895576765164663e+12  -1.482669938202381e+13  -1.832738762376621e+13  6.554852328939045e-01  3.015156959887281e+11
6.309573444801939e+00  3.696674597309304e+12  -1.279266651192694e+13  -2.085562277970335e+13  6.705424603817154e-01  3.790634830789647e+11
1.000000000000001e+01  5.232461218115274e+12  -8.831217145525617e+12  -2.652030136458042e+13  6.993203988017743e-01  4.464203180419018e+11
1.584893192461115e+01  8.030137904912765e+12  -1.542808816657811e+12  -3.862914762362666e+13  7.430624676109377e-01  5.042343202465220e+11
2.511886431509583e+01  1.294856007106855e+13  1.126431337351588e+13  -6.344470621876973e+13  7.975763632672093e-01  5.512102126449957e+11
3.981071705534978e+01  2.132152718082082e+13  3.281106798670968e+13  -1.124413710946206e+14  8.542215731779558e-01  5.834029882292175e+11
6.309573444801942e+01  3.513741327791429e+13  6.766151674087740e+13  -2.060287731744436e+14  9.034866996510976e-01  5.996265466158649e+11
1.000000000000002e+02  5.738963146406892e+13  1.225907235864069e+14  -3.797558236929386e+14  9.398220306376484e-01  6.046792271978773e+11
1.584893192461116e+02  9.278189810567608e+13  2.084760913207315e+14  -6.949176258175999e+14  9.634836169122192e-01  6.051593784441943e+11
2.511886431509585e+02  1.488604413805008e+14  3.431402102158429e+14  -1.256739284573772e+15  9.778938510820691e-01  6.047629178792040e+11
3.981071705534980e+02  2.376872751583131e+14  5.552906850544948e+14  -2.245125696525419e+15  9.865039542528691e-01  6.044910180821393e+11
6.309573444801944e+02  3.784278499686026e+14  8.905747869504449e+14  -3.966206603389102e+15  9.916785080377905e-01  6.043876826184669e+11
1.000000000000002e+03  6.014664925954190e+14  1.421307224600953e+15  -6.938477387211083e+15  9.948285336403528e-01  6.043632599245796e+11
1.584893192461117e+03  9.549542433106514e+14  2.262020732383644e+15  -1.203645902143246e+16  9.967686729510605e-01  6.043643082438341e+11
2.511886431509585e+03  1.515198838670576e+15  3.594167582016648e+15  -2.072974984605896e+16  9.979738320635676e-01  6.043703395087180e+11
3.981071705534981e+03  2.403135140312073e+15  5.705280212668143e+15  -3.547992975387780e+16  9.987266772101761e-01  6.043755068763705e+11
6.309573444801947e+03  3.810429147876422e+15  9.051033702445208e+15  -6.039819259630854e+16  9.991986662249620e-01  6.043789140157894e+11
1.000000000000002e+04  6.040849493337167e+15  1.435360298643412e+16  -1.023329195656007e+17  9.994952492561550e-01  6.043809322900472e+11
1.584893192461117e+04  9.575836307725148e+15  2.275754439949613e+16  -1.726651537744143e+17  9.996818810145427e-01  6.043820626721000e+11
2.511886431509586e+04  1.517842051477009e+16  3.607684849002237e+16  -2.902680082650485e+17  9.997994310836873e-01  6.043826752169829e+11
3.981071705534983e+04  2.405792459911140e+16  5.718649058411781e+16  -4.863773276583068e+17  9.998735137191174e-01  6.043830002663943e+11
6.309573444801949e+04  3.813099561324584e+16  9.064299551874630e+16  -8.125969474780794e+17  9.999202201558889e-01  6.043831699138254e+11
1.000000000000003e+05  6.043531454353388e+16  1.436679657125101e+17  -1.354039106727299e+18  9.999496742623875e-01  6.043832580016244e+11
1.584893192461118e+05  9.578528145060734e+16  2.277068679728625e+17  -2.250868446200645e+18  9.999682518423364e-01  6.043833031646747e+11
2.511886431509587e+05  1.518112063571613e+17  3.608995437797463e+17  -3.733584656656666e+18  9.999799706982567e-01  6.043833265885372e+11
3.981071705534984e+05  2.406063156987913e+17  5.719957011151673e+17  -6.180744859508734e+18  9.999873632707613e-01  6.043833384248344e+11
6.309573444801952e+05  3.813370820731203e+17  9.065605618044278e+17  -1.021330521848116e+19  9.999920273852123e-01  6.043833445359070e+11
1.000000000000003e+06  6.043803170741647e+17  1.436810124028214e+18  -1.684867162870178e+19  9.999949697233255e-01  6.043833474552454e+11
7.943282347242818e-01
0.000000000000000e+00  3.438586868846699e+12  -1.561240345098105e+13  -1.561240344999333e+13  6.671699521927988e-01  2.085944910128881e+08
3.981071705534973e-03  3.438587699210961e+12  -1.561240183047130e+13  -1.561240506887329e+13  6.671699579025854e-01  4.157247969047767e+08
6.309573444801934e-03  3.438588954324271e+12  -1.561239938311884e+13  -1.561240751658257e+13  6.671699664326024e-01  6.609533447420721e+08
1.000000000000000e-02  3.438594325186367e+12  -1.561239087170997e+13  -1.561241130136012e+13  6.671702462166472e-01  1.047533519856294e+09
1.584893192461114e-02  3.438602244387163e+12  -1.561237542710945e+13  -1.561242674535343e+13  6.671703002418593e-01  1.660232037636465e+09
2.511886431509581e-02  3.438622134707355e+12  -1.561233663372068e+13  -1.561246553888273e+13  6.671704357932897e-01  2.631273130079590e+09
3.981071705534975e-02  3.438672096656535e+12  -1.561223918957824e+13  -1.561256298365587e+13  6.671707762872462e-01  4.170254047098589e+09
6.309573444801936e-02  3.438797593654115e+12  -1.561199442406321e+13  -1.561280775280985e+13  6.671716315963213e-01  6.609309817337788e+09
1.000000000000001e-01  3.439112816845484e+12  -1.561137962018638e+13  -1.561342257850560e+13  6.671737801659532e-01  1.047452676463286e+10
1.584893192461115e-01  3.439904552183400e+12  -1.560983542862309e+13  -1.561496690904613e+13  6.671791782041468e-01  1.659898002647682e+10
2.511886431509582e-01  3.441892862411028e+12  -1.560595738646445e+13  -1.561884582819903e+13  6.671927440145611e-01  2.629869685926989e+10
3.981071705534975e-01  3.446884495873927e+12  -1.559622119203178e+13  -1.562858756587966e+13  6.672268614434782e-01  4.164667703156435e+10
6.309573444801937e-01  3.459405277955539e+12  -1.557179677166690e+13  -1.565304714978553e+13  6.673128264894107e-01  6.587221177322244e+10
1.000000000000001e+00  3.490742916948083e+12  -1.551064930761342e+13  -1.571441960826837e+13  6.675305046230103e-01  1.038571121177728e+11
1.584893192461115e+00  3.568707821884646e+12  -1.535840635314031e+13  -1.586814418560722e+13  6.680897506898245e-01  1.622718530425976e+11
2.511886431509582e+00  3.759160053835298e+12  -1.498565522044307e+13  -1.625130220653812e+13  6.695907649487095e-01  2.464793749219711e+11
3.981071705534977e+00  4.201907664421391e+12  -1.411357345461674e+13  -1.719300577664024e+13  6.738219472201602e-01  3.500272110229178e+11
6.309573444801939e+00  5.148523133192281e+12  -1.222645517710489e+13  -1.943767567380718e+13  6.848005087654165e-01  4.535649116948948e+11
1.000000000000001e+01  7.006776865226567e+12  -8.467223379351758e+12  -2.455252468869258e+13  7.077062882654637e-01  5.441112866084875e+11
1.584893192461115e+01  1.043629812946653e+13  -1.451316923799389e+12  -3.565356425345086e+13  7.452272746968165e-01  6.205021246596171e+11
2.511886431509583e+01  1.651045754642604e+13  1.100566048888321e+13  -5.869104363661930e+13  7.948022185757571e-01  6.826464791863724e+11
3.981071705534978e+01  2.691395551742108e+13  3.216774179747375e+13  -1.046517008386100e+14  8.488651797219571e-01  7.268714860905925e+11
6.309573444801942e+01  4.417870419812866e+13  6.670211615064864e+13  -1.932153241999805e+14  8.979504173811973e-01  7.510321407609131e+11
1.000000000000002e+02  7.210363540448067e+13  1.214652140659048e+14  -3.588341336779466e+14  9.355032013064056e-01  7.598186332142134e+11
1.584893192461116e+02  1.166130719351507e+14  2.073150557095250e+14  -6.610864524025112e+14  9.605991263127835e-01  7.614221100377310e+11
2.511886431509585e+02  1.871894428101233e+14  3.420009353750818e+14  -1.202446088256571e+15  9.760966929608420e-01  7.612128416908521e+11
3.981071705534980e+02  2.990025330192998e+14  5.541790706549736e+14  -2.158418252787282e+15  9.854050867788853e-01  7.609461905689053e+11
6.309573444801944e+02  4.761735411969541e+14  8.894796276061856e+14  -3.828139458845189e+15  9.910048240820232e-01  7.608431015565750e+11
1.000000000000002e+03  7.569524480851091e+14  1.420217147987543e+15  -6.719016992981068e+15  9.944122356123368e-01  7.608270756391683e+11
1.584893192461117e+03  1.201957840371821e+15  2.260928420141668e+15  -1.168799981193359e+16  9.965095871577438e-01  7.608374793078141e+11
2.511886431509585e+03  1.907255713226582e+15  3.593069343663560e+15  -2.017683884275080e+16  9.978117715006637e-01  7.608505093584956e+11
3.981071705534981e+03  3.025094156817686e+15  5.704174697795451e+15  -3.460298057844043e+16  9.986249742061067e-01  7.608601107510973e+11
6.309573444801947e+03  4.796766350503645e+15  9.049920854866438e+15  -5.900767321273029e+16  9.991347105419702e-01  7.608660956909797e+11
1.000000000000002e+04  7.604694244515065e+15  1.435248337939147e+16  -1.001284421017658e+17  9.994549800435093e-01  7.608695405451830e+11
1.584893192461117e+04  1.205497492026764e+16  2.275641885689400e+16  -1.691706359530021e+17  9.996565060438226e-01  7.608714369489426e+11
2.511886431509586e+04  1.910820725877431e+16  3.607571788621250e+16  -2.847289110279467e+17  9.997834337491242e-01  7.608724528648790e+11
3.981071705534983e+04  3.028683793756194e+16  5.718535574427850e+16  -4.775977876904993e+17  9.998634253607022e-01  7.608729874927440e+11
6.309573444801949e+04  4.800378252308842e+16  9.064185719703254e+16  -7.986816496109114e+17  9.999138569686045e-01  7.608732657539518e+11
1.000000000000003e+05  7.608325470666277e+16  1.436668245704601e+17  -1.331984179262740e+18  9.999456602604755e-01  7.608734086138665e+11
1.584893192461118e+05  1.205862249844927e+17  2.277057245730013e+17  -2.215913073666038e+18  9.999657195572911e-01  7.608734820129254e+11
2.511886431509587e+05  1.911186844612160e+17  3.608983983117568e+17  -3.678183455281717e+18  9.999783730146038e-01  7.608735204342322e+11
3.981071705534984e+05  3.029051031888460e+17  5.719945542131409e+17  -6.092939202302248e+18  9.999863552874838e-01  7.608735389629541e+11
6.309573444801952e+05  4.800746404830511e+17  9.065594134276635e+17  -1.007414195878427e+19  9.999913913756412e-01  7.608735490922107e+11
1.000000000000003e+06  7.608694364253563e+17  1.436808975075803e+18  -1.662811205412217e+19  9.999945684724491e-01  7.608735534391486e+11
1.000000000000000e+00
0.000000000000000e+00  5.309590997866554e+12  -1.450622492677851e+13  -1.450622492541741e+13  6.877729945268325e-01  2.269894971521505e+08
3.981071705534973e-03  5.309591901473868e+12  -1.450622352984257e+13  -1.450622632035744e+13  6.877729985136718e-01  4.507504658314234e+08
6.309573444801934e-03  5.309593267376317e+12  -1.450622142098619e+13  -1.450622842950244e+13  6.877730044827891e-01  7.192832979638419e+08
1.000000000000000e-02  5.309599868491184e+12  -1.450621361098711e+13  -1.450623121493410e+13  6.877732659470321e-01  1.153729503754414e+09
1.584893192461114e-02  5.309608485024324e+12  -1.450620030392942e+13  -1.450624452273206e+13  6.877733036344271e-01  1.806760329542804e+09
2.511886431509581e-02  5.309630133090662e+12  -1.450616687516035e+13  -1.450627795039462e+13  6.877733986050749e-01  2.863515026439914e+09
3.981071705534975e-02  5.309684506015300e+12  -1.450608290915252e+13  -1.450636191678109e+13  6.877736368732856e-01  4.538328453403756e+09
6.309573444801936e-02  5.309821083274825e+12  -1.450587199797414e+13  -1.450657283015923e+13  6.877742353889561e-01  7.192663442322905e+09
1.000000000000001e-01  5.310164141306994e+12  -1.450534222527799e+13  -1.450710261652017e+13  6.877757388744972e-01  1.139919295297175e+10
1.584893192461115e-01  5.311025810263074e+12  -1.450401157364116e+13  -1.450843335387027e+13  6.877795159665754e-01  1.806491541256673e+10
2.511886431509582e-01  5.313189884761526e+12  -1.450066961722457e+13  -1.451177585197926e+13  6.877890068678978e-01  2.862452302595521e+10
3.981071705534975e-01  5.318623644761167e+12  -1.449227809400676e+13  -1.452017079821920e+13  6.878128676218503e-01  4.534116517803775e+10
6.309573444801937e-01  5.332259010730140e+12  -1.447121913235874e+13  -1.454125143788296e+13  6.878729348956567e-01  7.175725572314943e+10
1.000000000000001e+00  5.366422555542777e+12  -1.441844642687606e+13  -1.459416224804787e+13  6.880246707273099e-01  1.133114293111787e+11
1.584893192461115e+00  5.451670643979954e+12  -1.428670172436051e+13  -1.472680246165319e+13  6.884116540274231e-01  1.778470268220654e+11
2.511886431509582e+00  5.661848755790196e+12  -1.396144128696843e+13  -1.505820561819310e+13  6.894288817303935e-01  2.739913987811381e+11
3.981071705534977e+00  6.161805698639770e+12  -1.318453535580070e+13  -1.587817487998582e+13  6.922675011497716e-01  4.007287971315353e+11
6.309573444801939e+00  7.266383601619687e+12  -1.145234604812542e+13  -1.785831328432696e+13  7.000231189770801e-01  5.367835814894856e+11
1.000000000000001e+01  9.496419289542906e+12  -7.909658209961944e+12  -2.244678871195955e+13  7.176745954921185e-01  6.591123881454064e+11
1.584893192461115e+01  1.368264731950714e+13  -1.181319511529745e+12  -3.256848088756844e+13  7.490531928417441e-01  7.612566711090391e+11
2.511886431509583e+01  2.116715558362382e+13  1.090669208209396e+13  -5.386358910554759e+13  7.933105959372102e-01  8.438744474226484e+11
3.981071705534978e+01  3.407284397799289e+13  3.164943225174700e+13  -9.683017652358530e+13  8.441944259916669e-01  9.042907641603037e+11
6.309573444801942e+01  5.561961484009805e+13  6.581204624351139e+13  -1.804102670530577e+14  8.925649427769794e-01  9.396265801340220e+11
1.000000000000002e+02  9.063399014732883e+13  1.203501305459638e+14  -3.379498842251058e+14  9.310578272102726e-01  9.541762594613070e+11
1.584893192461116e+02  1.465867788577836e+14  2.061244567602459e+14  -6.273087629094585e+14  9.575382244531879e-01  9.577916002200442e+11
2.511886431509585e+02  2.353952963048539e+14  3.408127626805599e+14  -1.148214360020086e+15  9.741632669516836e-01  9.580455347370148e+11
3.981071705534980e+02  3.761345962239089e+14  5.530100883495894e+14  -2.071777035790281e+15  9.842173878306076e-01  9.578586240248893e+11
6.309573444801944e+02  5.991602146714121e+14  8.883222219418811e+14  -3.690142327248575e+15  9.902760482583963e-01  9.577822133971414e+11
1.000000000000002e+03  9.526226669122395e+14  1.419060751557250e+15  -6.499630039444453e+15  9.939620259126405e-01  9.577889813663956e+11
1.584893192461117e+03  1.512835793893130e+15  2.259765931966418e+15  -1.133961715677465e+16  9.962295285898436e-01  9.578177275039420e+11
2.511886431509585e+03  2.400739666748835e+15  3.591897340623282e+15  -1.962400713904203e+16  9.976366593446357e-01  9.578431983040308e+11
3.981071705534981e+03  3.808003339633491e+15  5.702992214289811e+15  -3.372611305395737e+16  9.985151093238722e-01  9.578603599093834e+11
6.309573444801947e+03  6.038396831642867e+15  9.048728275552160e+15  -5.761723745075127e+16  9.990656339052273e-01  9.578706457638213e+11
1.000000000000002e+04  9.573360657829648e+15  1.435128171541358e+16  -9.792404988611440e+16  9.994114910355300e-01  9.578764402307373e+11
1.584893192461117e+04  1.517592560188725e+16  2.275520933314969e+16  -1.656762047083024e+17  9.996291039566745e-01  9.578795876909858e+11
2.511886431509586e+04  2.405541377229441e+16  3.607450172666570e+16  -2.791899014447035e+17  9.997661591355755e-01  9.578812586617052e+11
3.981071705534983e+04  3.812847176653415e+16  5.718413407499791e+16  -4.688183362451873e+17  9.998525317893493e-01  9.578821324602765e+11
6.309573444801949e+04  6.043278012004846e+16  9.064063097608358e+16  -7.847664409652726e+17  9.999069859614262e-01  9.578825848154894e+11
1.000000000000003e+05  9.578273847877744e+16  1.436655947124057e+17  -1.309929341573841e+18  9.999413259524550e-01  9.578828170234102e+11
1.584893192461118e+05  1.518086564838235e+17  2.277044917635260e+17  -2.180957791349606e+18  9.999629852007443e-01  9.578829356979847e+11
2.511886431509587e+05  2.406037603159952e+17  3.608971627842888e+17  -3.622782344508433e+18  9.999766478352538e-01  9.578829966312496e+11
3.981071705534984e+05  3.813345221760125e+17  5.719933169916303e+17  -6.005133635961091e+18  9.999852668879666e-01  9.578830265650916e+11
6.309573444801952e+05  6.043777537285065e+17  9.065581741107270e+17  -9.934978790226770e+18  9.999907046086692e-01  9.578830427750471e+11
1.000000000000003e+06  9.578774570107520e+17  1.436807735334359e+18  -1.640755257079783e+19  9.999941352174333e-01  9.578830498104343e+11
1.258925411794167e+00
0.000000000000000e+00  8.169050868114285e+12  -1.315201322929857e+13  -1.315201322857049e+13  7.074755548818810e-01  2.468227232559020e+08
3.981071705534973e-03  8.169051850712711e+12  -1.315201202655793e+13  -1.315201442999121e+13  7.074755576621903e-01  4.942206470696325e+08
6.309573444801934e-03  8.169053336088354e+12  -1.315201021018966e+13  -1.315201624656788e+13  7.074755618370344e-01  7.805353279377081e+08
1.000000000000000e-02  8.169061594439405e+12  -1.315200295659576e+13  -1.315201811912863e+13  7.074758076247550e-01  1.273232495911641e+09
1.584893192461114e-02  8.169070964247615e+12  -1.315199149584354e+13  -1.315202958094671e+13  7.074758339488418e-01  1.964793305804221e+09
2.511886431509581e-02  8.169094506169064e+12  -1.315196270413686e+13  -1.315205837172379e+13  7.074759003312251e-01  3.113988888646427e+09
3.981071705534975e-02  8.169153636402335e+12  -1.315189038526811e+13  -1.315213069082021e+13  7.074760669122990e-01  4.935311702526890e+09
6.309573444801936e-02  8.169302163783303e+12  -1.315170872963777e+13  -1.315231234777533e+13  7.074764853515467e-01  7.821862492732356e+09
1.000000000000001e-01  8.169675241069778e+12  -1.315125243888229e+13  -1.315276864688246e+13  7.074775364644218e-01  1.239648816772565e+10
1.584893192461115e-01  8.170612327020206e+12  -1.315010633624385e+13  -1.315391480242988e+13  7.074801769969226e-01  1.964585490772896e+10
2.511886431509582e-01  8.172965916504394e+12  -1.314722776017131e+13  -1.315679371409147e+13  7.074868114055375e-01  3.113158347765982e+10
3.981071705534975e-01  8.178876198201118e+12  -1.313999901600420e+13  -1.316402457609634e+13  7.075034865410887e-01  4.932030400238223e+10
6.309573444801937e-01  8.193711598554905e+12  -1.312185333837002e+13  -1.318218365285642e+13  7.075454381608028e-01  7.808838498327434e+10
1.000000000000001e+00  8.230909292446348e+12  -1.307635045072971e+13  -1.322777166079211e+13  7.076512369885286e-01  1.234416200473728e+11
1.584893192461115e+00  8.323912671809388e+12  -1.296254861308219e+13  -1.334212045913489e+13  7.079197866152482e-01  1.943256355230286e+11
2.511886431509582e+00  8.554598369690978e+12  -1.268004116284831e+13  -1.362828359955082e+13  7.086151095148048e-01  3.022055643914555e+11
3.981071705534977e+00  9.112905930306973e+12  -1.199456532020328e+13  -1.433967444810448e+13  7.105143879274688e-01  4.527598854726419e+11
6.309573444801939e+00  1.038485657386470e+13  -1.042266949403701e+13  -1.607621448888860e+13  7.158490369677777e-01  6.274040009970062e+11
1.000000000000001e+01  1.303466377794468e+13  -7.112297115387562e+12  -2.016531469890582e+13  7.290043465803354e-01  7.921988057616794e+11
1.584893192461115e+01  1.811634063799612e+13  -6.908954282962546e+11  -2.933993974658288e+13  7.545166665345342e-01  9.302017691752609e+11
2.511886431509583e+01  2.731208677069620e+13  1.100601647698368e+13  -4.893202909009471e+13  7.932066073257710e-01  1.040858498948770e+12
3.981071705534978e+01  4.329215544542846e+13  3.129368273401939e+13  -8.895098589139044e+13  8.403546876688222e-01  1.123177482058791e+12
6.309573444801942e+01  7.014453907389083e+13  6.502629191742234e+13  -1.675941721798688e+14  8.874430389000207e-01  1.174116417174410e+12
1.000000000000002e+02  1.140054872658840e+14  1.192724008469125e+14  -3.170908257596966e+14  9.265366704869381e-01  1.197367141257186e+12
1.584893192461116e+02  1.843087097683508e+14  2.049208658677235e+14  -5.935780557146744e+14  9.543100332272603e-01  1.204411727571503e+12
2.511886431509585e+02  2.960366164688151e+14  3.395846055527144e+14  -1.094041238255046e+15  9.720888914540722e-01  1.205623254939848e+12
3.981071705534980e+02  4.731713316536832e+14  5.517882702505346e+14  -1.985201414034358e+15  9.829349763127807e-01  1.205665030872790e+12
6.309573444801944e+02  7.539098092887567e+14  8.871045553196045e+14  -3.552216113211428e+15  9.894879174509130e-01  1.205669072041773e+12
1.000000000000002e+03  1.198863531747646e+15  1.417838271006877e+15  -6.280318624393677e+15  9.934751710728449e-01  1.205725650202976e+12
1.584893192461117e+03  1.904104539921882e+15  2.258532124990678e+15  -1.099131413291733e+16  9.959267957023721e-01  1.205788478608534e+12
2.511886431509585e+03  3.021887233529907e+15  3.590649285264554e+15  -1.907125862403798e+16  9.974474394993208e-01  1.205835567667848e+12
3.981071705534981e+03  4.793508570987809e+15  5.701729518296335e+15  -3.284933173944873e+16  9.983964247619538e-01  1.205865455651427e+12
6.309573444801947e+03  7.601392097206146e+15  9.047451928697502e+15  -5.622689041727031e+16  9.989910249609018e-01  1.205882856643893e+12
1.000000000000002e+04  1.205163514489506e+16  1.434999330946909e+16  -9.571974847025658e+16  9.993645242066033e-01  1.205892497123143e+12
1.584893192461117e+04  1.910483615467708e+16  2.275391061538127e+16  -1.621818659508288e+17  9.995995125642868e-01  1.205897678096055e+12
2.511886431509586e+04  3.028344107111776e+16  3.607319437223262e+16  -2.736509857143305e+17  9.997475051574601e-01  1.205900408473058e+12
3.981071705534983e+04  4.800036465148006e+16  5.718281958374126e+16  -4.600389797527741e+17  9.998407686755240e-01  1.205901828733483e+12
6.309573444801949e+04  7.607981981414738e+16  9.063931064676046e+16  -7.708513281568332e+17  9.998995666530570e-01  1.205902560614044e+12
1.000000000000003e+05  1.205827763583466e+17  1.436642696083923e+17  -1.287874600428497e+18  9.999366457499212e-01  1.205902936157612e+12
1.584893192461118e+05  1.911152247858249e+17  2.277031627953634e+17  -2.146002606141955e+18  9.999600326194772e-01  1.205903127458921e+12
2.511886431509587e+05  3.029016346730323e+17  3.608958306291254e+17  -3.567381331313397e+18  9.999747850477196e-01  1.205903224196715e+12
3.981071705534984e+05  4.800711648178357e+17  5.719919826289513e+17  -5.917328167530963e+18  9.999840916700434e-01  1.205903272696258e+12
6.309573444801952e+05  7.608659551456014e+17  9.065568371697715e+17  -9.795815719924050e+18  9.999899630663938e-01  1.205903298445966e+12
1.000000000000003e+06  1.205895713336167e+18  1.436806397722402e+18  -1.618699318587361e+19  9.999936674026487e-01  1.205903310186340e+12
1.584893192461114e+00
0.000000000000000e+00  1.252582629165832e+13  -1.149994873153582e+13  -1.149994873099819e+13  7.262603071307341e-01  2.685481082412204e+08
3.981071705534973e-03  1.252582736074605e+13  -1.149994769608546e+13  -1.149994976530544e+13  7.262603091260936e-01  5.371855634498768e+08
6.309573444801934e-03  1.252582897479706e+13  -1.149994613206410e+13  -1.149995132923833e+13  7.262603120558823e-01  8.485647205713551e+08
1.000000000000000e-02  1.252583949037348e+13  -1.149993930281459e+13  -1.149995235644565e+13  7.262605441534151e-01  1.363061727545409e+09
1.584893192461114e-02  1.252584967347146e+13  -1.149992943573065e+13  -1.149996222419104e+13  7.262605625558558e-01  2.135221979184160e+09
2.511886431509581e-02  1.252587525766141e+13  -1.149990464835226e+13  -1.149998701084166e+13  7.262606089198061e-01  3.384100185163407e+09
3.981071705534975e-02  1.252593951800002e+13  -1.149984238727957e+13  -1.150004927205171e+13  7.262607252740397e-01  5.363415473050515e+09
6.309573444801936e-02  1.252610093185618e+13  -1.149968599522990e+13  -1.150020566489130e+13  7.262610175459306e-01  8.500381723135484e+09
1.000000000000001e-01  1.252650637997346e+13  -1.149929316083431e+13  -1.150059850437097e+13  7.262617517192828e-01  1.347192148860880e+10
1.584893192461115e-01  1.252752478705814e+13  -1.149830643572981e+13  -1.150158526261229e+13  7.262635960435609e-01  2.135057953606181e+10
2.511886431509582e-01  1.253008270460280e+13  -1.149582808146225e+13  -1.150406382466320e+13  7.262682295543579e-01  3.383449966439396e+10
3.981071705534975e-01  1.253650660609398e+13  -1.148960392292143e+13  -1.151028929595160e+13  7.262798735810567e-01  5.360945676100912e+10
6.309573444801937e-01  1.255263451108945e+13  -1.147397704448501e+13  -1.152592447667885e+13  7.263091546799560e-01  8.490447951341534e+10
1.000000000000001e+00  1.259309393300343e+13  -1.143477167891784e+13  -1.156518247319820e+13  7.263829146915288e-01  1.343163133261706e+11
1.584893192461115e+00  1.269439003941486e+13  -1.133659690279454e+13  -1.166369353299410e+13  7.265695567843674e-01  2.118680787516975e+11
2.511886431509582e+00  1.294663388565823e+13  -1.109200168750104e+13  -1.191049199760676e+13  7.270480052248770e-01  3.314991897932803e+11
3.981071705534977e+00  1.356457341046096e+13  -1.049187639463262e+13  -1.252600774646181e+13  7.283248666079924e-01  5.056893765043231e+11
6.309573444801939e+00  1.501028612547603e+13  -9.081641947459533e+12  -1.404116764079247e+13  7.319251527641257e-01  7.236136038475463e+11
1.000000000000001e+01  1.812316428246548e+13  -6.018927350199129e+12  -1.766153407516751e+13  7.414127462237149e-01  9.430979775095634e+11
1.584893192461115e+01  2.424868235937976e+13  7.196473532861874e+10  -2.592602130507193e+13  7.615289598834812e-01  1.130725740267220e+12
2.511886431509583e+01  3.550508377309604e+13  1.135097992667306e+13  -4.385900200177746e+13  7.945613801608459e-01  1.280257179206879e+12
3.981071705534978e+01  5.524848344282684e+13  3.114556258260382e+13  -8.098188590415994e+13  8.374856186024560e-01  1.392454330425878e+12
6.309573444801942e+01  8.865931313919123e+13  6.438732524112855e+13  -1.547417559420572e+14  8.827088313474798e-01  1.465074180172396e+12
1.000000000000002e+02  1.435404904346728e+14  1.182665129951584e+14  -2.962398747933411e+14  9.220041747487221e-01  1.501227129939438e+12
1.584893192461116e+02  2.318208205734091e+14  2.037271235126014e+14  -5.598843066081349e+14  9.509308641315311e-01  1.513908115822133e+12
2.511886431509585e+02  3.723461029496639e+14  3.383297733295321e+14  -1.039921433138564e+15  9.698709650303063e-01  1.516928415290046e+12
3.981071705534980e+02  5.952647096090131e+14  5.505211278766511e+14  -1.898689066034770e+15  9.815521831562215e-01  1.517478141028089e+12
6.309573444801944e+02  9.486345342049324e+14  8.858307084384937e+14  -3.414360526378844e+15  9.886359857987550e-01  1.517665199391117e+12
1.000000000000002e+03  1.508749240207472e+15  1.416551460127184e+15  -6.061084011051888e+15  9.929487510681989e-01  1.517820551985343e+12
1.584893192461117e+03  2.396553117734878e+15  2.257226953594770e+15  -1.064309326337063e+16  9.955995562288370e-01  1.517944577175595e+12
2.511886431509585e+03  3.803722344579654e+15  3.589323657272381e+15  -1.851859685797249e+16  9.972429718554213e-01  1.518028621206439e+12
3.981071705534981e+03  6.034031379469085e+15  5.700383867282503e+15  -3.197264104694564e+16  9.982682099118986e-01  1.518079723114412e+12
6.309573444801947e+03  9.568922395827256e+15  9.046088064240772e+15  -5.483663721901549e+16  9.989104393004756e-01  1.518108816516752e+12
1.000000000000002e+04  1.517142606720046e+16  1.434861358793702e+16  -9.351554352376611e+16  9.993138008223317e-01  1.518124721397173e+12
1.584893192461117e+04  2.405086349618254e+16  2.275251746180494e+16  -1.586876258038168e+17  9.995675566819232e-01  1.518133194954326e+12
2.511886431509586e+04  3.812387992683194e+16  3.607179004209633e+16  -2.681121703243041e+17  9.997273615576286e-01  1.518137633600000e+12
3.981071705534983e+04  6.042815449326774e+16  5.718140606615354e+16  -4.512597249924954e+17  9.998280665828334e-01  1.518139932215051e+12
6.309573444801949e+04  9.577808553128379e+16  9.063788964658523e+16  -7.569363181959625e+17  9.998915552534552e-01  1.518141113175663e+12
1.000000000000003e+05  1.518039815284231e+17  1.436628425007106e+17  -1.265819963028248e+18  9.999315921130210e-01  1.518141716355843e+12
1.584893192461118e+05  2.405990676982151e+17  2.277017307297749e+17  -2.111047525398010e+18  9.999568444647472e-01  1.518142023605497e+12
2.511886431509587e+05  3.813298154136255e+17  3.608943946706705e+17  -3.511980423150624e+18  9.999727736799603e-01  1.518142178860067e+12
3.981071705534984e+05  6.043730356344183e+17  5.719905437929930e+17  -5.829522804560465e+18  9.999828227092398e-01  1.518142257036791e+12
6.309573444801952e+05  9.578727298440820e+17  9.065553952922170e+17  -9.656652755494865e+18  9.999891623927871e-01  1.518142297636833e+12
1.000000000000003e+06  1.518131999273692e+18  1.436804954569809e+18  -1.596643390703697e+19  9.999931622640441e-01  1.518142317185013e+12
1.995262314968880e+00
0.000000000000000e+00  1.914508999201137e+13  -9.491134223528746e+12  -9.491134223764070e+12  7.441199110105213e-01  2.912498775212119e+08
3.981071705534973e-03  1.914509115148457e+13  -9.491133333044385e+12  -9.491135113853887e+12  7.441199123981478e-01  5.866436106948351e+08
6.309573444801934e-03  1.914509290448322e+13  -9.491131987083668e+12  -9.491136459761336e+12  7.441199144425676e-01  9.195833301610985e+08
1.000000000000000e-02  1.914510652785377e+13  -9.491125457490957e+12  -9.491136691377223e+12  7.441201345656517e-01  1.478807114246174e+09
1.584893192461114e-02  1.914511758933342e+13  -9.491116965294506e+12  -9.491145183476080e+12  7.441201474474526e-01  2.338947174202497e+09
2.511886431509581e-02  1.914514537400171e+13  -9.491095634163570e+12  -9.491166514659148e+12  7.441201797619579e-01  3.675357355481318e+09
3.981071705534975e-02  1.914521516592530e+13  -9.491042052762869e+12  -9.491220096143617e+12  7.441202609575768e-01  5.825036864773780e+09
6.309573444801936e-02  1.914539047467514e+13  -9.490907462785621e+12  -9.491354686592299e+12  7.441204649134032e-01  9.232017166651085e+09
1.000000000000001e-01  1.914583082632316e+13  -9.490569390922414e+12  -9.491692761537494e+12  7.441209772366442e-01  1.463153246497230e+10
1.584893192461115e-01  1.914693691428604e+13  -9.489720211892010e+12  -9.492541961243107e+12  7.441222642345207e-01  2.318865414860358e+10
2.511886431509582e-01  1.914971512152234e+13  -9.487587286529727e+12  -9.494675015577674e+12  7.441254973975558e-01  3.674850847386581e+10
3.981071705534975e-01  1.915669265200731e+13  -9.482230356788699e+12  -9.500032760390459e+12  7.441336213343627e-01  5.823280779950849e+10
6.309573444801937e-01  1.917421302225119e+13  -9.468779014562625e+12  -9.513489256905424e+12  7.441540440176565e-01  9.224460751659366e+10
1.000000000000001e+00  1.921818173859655e+13  -9.435020253695678e+12  -9.547280645128834e+12  7.442054478443657e-01  1.460050211549840e+11
1.584893192461115e+00  1.932836812810072e+13  -9.350410037955184e+12  -9.632098545821910e+12  7.443352420462662e-01  2.306236415569294e+11
2.511886431509582e+00  1.960346787016854e+13  -9.139098851030855e+12  -9.844752375547912e+12  7.446658202782438e-01  3.622845712620134e+11
3.981071705534977e+00  2.028289388745656e+13  -8.616732156716833e+12  -1.037626557243651e+13  7.455313206875391e-01  5.596284007044294e+11
6.309573444801939e+00  2.190658599937927e+13  -7.364853899237982e+12  -1.169274823989750e+13  7.479378389098577e-01  8.235211837717666e+11
1.000000000000001e+01  2.551815152340257e+13  -4.562306990876220e+12  -1.487837574514998e+13  7.545777129480157e-01  1.110260906757719e+12
1.584893192461115e+01  3.283865810945713e+13  1.171330679425308e+12  -2.227500844796408e+13  7.699326447896367e-01  1.365371439112743e+12
2.511886431509583e+01  4.655217603196230e+13  1.199987947199649e+13  -3.859844596912585e+13  7.974009238300819e-01  1.569173563169031e+12
3.981071705534978e+01  7.088003975484550e+13  3.125950540968378e+13  -7.288279569028706e+13  8.357132233495618e-01  1.722545153832120e+12
6.309573444801942e+01  1.123754440851152e+14  6.394652085651439e+13  -1.418205981764733e+14  8.784944055302457e-01  1.825254864438785e+12
1.000000000000002e+02  1.809577260727772e+14  1.173759661652968e+14  -2.753738993614106e+14  9.175389790904797e-01  1.880267370653136e+12
1.584893192461116e+02  2.917302929304011e+14  2.025738923213179e+14  -5.262129301875248e+14  9.474257976078467e-01  1.901952802462302e+12
2.511886431509585e+02  4.684159118033124e+14  3.370672813012498e+14  -9.858464369485106e+14  9.675098330940970e-01  1.908203105623635e+12
3.981071705534980e+02  7.489133782839185e+14  5.492201131158561e+14  -1.812235398827421e+15  9.800638263169157e-01  1.909762553343226e+12
6.309573444801944e+02  1.193678944199687e+15  8.845075558867995e+14  -3.276573645892873e+15  9.877156833516124e-01  1.910320401319867e+12
1.000000000000002e+03  1.898740242591642e+15  1.415204115281505e+15  -5.841926296003776e+15  9.923796630465862e-01  1.910661157449950e+12
1.584893192461117e+03  3.016350450549004e+15  2.255851872114254e+15  -1.029495626290979e+16  9.952458412887116e-01  1.910892511776028e+12
2.511886431509585e+03  4.787813551113492e+15  3.587920014599552e+15  -1.796602487882033e+16  9.970220266626558e-01  1.911038956449562e+12
3.981071705534981e+03  7.595557852115382e+15  5.698953258916221e+15  -3.109604509659598e+16  9.981296973934458e-01  1.911125150758144e+12
6.309573444801947e+03  1.204568205751038e+16  9.044633399184484e+15  -5.344648285645046e+16  9.988233968745084e-01  1.911173356193745e+12
1.000000000000002e+04  1.909878370685266e+16  1.434713822383313e+16  -9.131144075913349e+16  9.992590197954161e-01  1.911199423882543e+12
1.584893192461117e+04  3.027730671467669e+16  2.275102469991080e+16  -1.551934905529873e+17  9.995330470906937e-01  1.911213212017513e+12
2.511886431509586e+04  4.799416342456615e+16  3.607028288248814e+16  -2.625734620202391e+17  9.997056092572619e-01  1.911220398093402e+12
3.981071705534983e+04  7.607356436329179e+16  5.717988711633654e+16  -4.424805790778282e+17  9.998143504915743e-01  1.911224105745486e+12
6.309573444801949e+04  1.205764771499052e+17  9.063636110890035e+16  -7.430214184907533e+17  9.998829044571965e-01  1.911226005308590e+12
1.000000000000003e+05  1.911088903896614e+17  1.436613062407798e+17  -1.243765437011413e+18  9.999261352526188e-01  1.911226973037793e+12
1.584893192461118e+05  3.028952720640970e+17  2.277001882013369e+17  -2.076092556942393e+18  9.999534019759887e-01  1.911227464720897e+12
2.511886431509587e+05  4.800647796190499e+17  3.608928471893304e+17  -3.456579627987910e+18  9.999706018635872e-01  1.911227713538851e+12
3.981071705534984e+05  7.608595519384076e+17  5.719889924468278e+17  -5.741717555141498e+18  9.999814524937582e-01  1.911227839833392e+12
6.309573444801952e+05  1.205889295595956e+18  9.065538404811411e+17  -9.517489905106891e+18  9.999882978665372e-01  1.911227903362474e+12
1.000000000000003e+06  1.911213923567518e+18  1.436803397493473e+18  -1.574587474256386e+19  9.999926168080362e-01  1.911227935541365e+12
2.511886431509581e+00
0.000000000000000e+00  2.917517615078049e+13  -7.056042208814241e+12  -7.056042208812553e+12  7.610559231022955e-01  3.160891045327076e+08
3.981071705534973e-03  2.917517740914708e+13  -7.056041442451889e+12  -7.056042974517427e+12  7.610559240882306e-01  6.363063923691332e+08
6.309573444801934e-03  2.917517931195464e+13  -7.056040284556400e+12  -7.056044132387112e+12  7.610559255135581e-01  9.989077927622131e+08
1.000000000000000e-02  2.917519725267313e+13  -7.056033936817065e+12  -7.056043601249285e+12  7.610561350645548e-01  1.603638178591146e+09
1.584893192461114e-02  2.917520925822830e+13  -7.056026631462634e+12  -7.056050906909111e+12  7.610561440262864e-01  2.551052810736982e+09
2.511886431509581e-02  2.917523941459457e+13  -7.056008281366207e+12  -7.056069257894023e+12  7.610561665293422e-01  3.989406593502438e+09
3.981071705534975e-02  2.917531517451523e+13  -7.055962184624827e+12  -7.056115353470343e+12  7.610562231823133e-01  6.322774570062819e+09
6.309573444801936e-02  2.917550546467104e+13  -7.055846398149858e+12  -7.056231140224279e+12  7.610563653755358e-01  1.002088551788269e+10
1.000000000000001e-01  2.917598344878957e+13  -7.055555557444979e+12  -7.056521982792649e+12  7.610567225531556e-01  1.588184521489222e+10
1.584893192461115e-01  2.917718407080158e+13  -7.054825010700023e+12  -7.057252542459607e+12  7.610576198062752e-01  2.517043291388317e+10
2.511886431509582e-01  2.918019977190823e+13  -7.052990032133240e+12  -7.059087601179983e+12  7.610598737759735e-01  3.989007953283664e+10
3.981071705534975e-01  2.918777408165865e+13  -7.048381232533415e+12  -7.063696907586322e+12  7.610655367998522e-01  6.321524442950374e+10
6.309573444801937e-01  2.920679489460740e+13  -7.036807348001486e+12  -7.075273997727687e+12  7.610797697997975e-01  1.001518239906997e+11
1.000000000000001e+00  2.925454147602343e+13  -7.007753375837557e+12  -7.104348240212840e+12  7.611155737223071e-01  1.585797285432775e+11
1.584893192461115e+00  2.937427494102641e+13  -6.934889488086904e+12  -7.177340824112241e+12  7.612058437029466e-01  2.507278940014138e+11
2.511886431509582e+00  2.967374125216081e+13  -6.752612458623238e+12  -7.360443499024122e+12  7.614348019314430e-01  3.949048433306300e+11
3.981071705534977e+00  3.041730078473431e+13  -6.299774616951718e+12  -7.818769011615457e+12  7.620261217400434e-01  6.151245050007937e+11
6.309573444801939e+00  3.222247502237036e+13  -5.198490468424202e+12  -8.958917767126324e+12  7.636337469671520e-01  9.256956557286425e+11
1.000000000000001e+01  3.635907453230909e+13  -2.663345346548020e+12  -1.174642861063284e+13  7.681675515013588e-01  1.290911131549598e+12
1.584893192461115e+01  4.501931174027068e+13  2.685282212931879e+12  -1.832324866155866e+13  7.795065765300591e-01  1.635196024134338e+12
2.511886431509583e+01  6.162633514200266e+13  1.302453474443258e+13  -3.309356552749527e+13  8.016961149601864e-01  1.914677971714382e+12
3.981071705534978e+01  9.150403057791106e+13  3.170164436038206e+13  -6.460404667504248e+13  8.351404209266450e-01  2.125357604073717e+12
6.309573444801942e+01  1.429315689214489e+14  6.376596291344484e+13  -1.287895845434827e+14  8.749349376333088e-01  2.269912781234808e+12
1.000000000000002e+02  2.285097314314648e+14  1.166549686541043e+14  -2.544622478956309e+14  9.132336058793590e-01  2.352194918211011e+12
1.584893192461116e+02  3.673823986374002e+14  2.015014949288994e+14  -4.925434925377999e+14  9.438302470074806e-01  2.387937384968743e+12
2.511886431509585e+02  5.894388164286937e+14  3.358234777923589e+14  -9.318035204094732e+14  9.650098407084088e-01  2.399731976983696e+12
3.981071705534980e+02  9.423239320412805e+14  5.479018442541678e+14  -1.725832801181207e+15  9.784655844137136e-01  2.403175016472062e+12
6.309573444801944e+02  1.502080363620356e+15  8.831456635990386e+14  -3.138851359486268e+15  9.867224065293997e-01  2.404437681034852e+12
1.000000000000002e+03  2.389565210660464e+15  1.413802749545621e+15  -5.622843980577837e+15  9.917646331758961e-01  2.405114421002789e+12
1.584893192461117e+03  3.796441103758172e+15  2.254410352903542e+15  -9.946903708474162e+15  9.948635411392215e-01  2.405530840876931e+12
2.511886431509585e+03  6.026487290690503e+15  3.586439394689213e+15  -1.741354494988155e+16  9.967832790323506e-01  2.405781660864475e+12
3.981071705534981e+03  9.561150141570294e+15  5.697436740879674e+15  -3.021954752555793e+16  9.979800589271841e-01  2.405925553222950e+12
6.309573444801947e+03  1.516346067551032e+16  9.043085354637292e+15  -5.205643208165357e+16  9.987293792420525e-01  2.406004863906153e+12
1.000000000000002e+04  2.404273752424173e+16  1.434556331561631e+16  -8.910744582880802e+16  9.991998559204875e-01  2.406047365087848e+12
1.584893192461117e+04  3.811562209524624e+16  2.274942735870213e+16  -1.516994665748680e+17  9.994957794197189e-01  2.406069709456972e+12
2.511886431509586e+04  6.041978931791670e+16  3.606866706158355e+16  -2.570348677591123e+17  9.996821196491463e-01  2.406081304992899e+12
3.981071705534983e+04  9.576963349957982e+16  5.717825621441309e+16  -4.337015494300874e+17  9.997995394032402e-01  2.406087268801145e+12
6.309573444801949e+04  1.517954595265869e+17  9.063471798031902e+16  -7.291066368336242e+17  9.998735632400305e-01  2.406090316716877e+12
1.000000000000003e+05  2.405904895075226e+17  1.436596532529617e+17  -1.221711030463474e+18  9.999202429313453e-01  2.406091867893501e+12
1.584893192461118e+05  3.813211922134236e+17  2.276985273271753e+17  -2.041137709090155e+18  9.999496848382299e-01  2.406092653500837e+12
2.511886431509587e+05  6.043643764102623e+17  3.608911800180332e+17  -3.401178954327496e+18  9.999682567846799e-01  2.406093051167890e+12
3.981071705534984e+05  9.578640419249302e+17  5.719873199857203e+17  -5.653912427952456e+18  9.999799729129150e-01  2.406093253440917e+12
6.309573444801952e+05  1.518123288230199e+18  9.065521640544436e+17  -9.378327177522932e+18  9.999873643769230e-01  2.406093353766727e+12
1.000000000000003e+06  2.406074380299006e+18  1.436801717543049e+18  -1.552531570136647e+19  9.999920278070693e-01  2.406093405572284e+12
3.162277660168380e+00
0.000000000000000e+00  4.433634794000598e+13  -4.112701226603366e+12  -4.112701226402684e+12  7.770776680027039e-01  3.428612432554339e+08
3.981071705534973e-03  4.433634930495988e+13  -4.112700567230090e+12  -4.112701884886156e+12  7.770776687101754e-01  6.898461911206001e+08
6.309573444801934e-03  4.433635136933908e+13  -4.112699571487649e+12  -4.112702880670418e+12  7.770776697013140e-01  1.088965618285774e+09
1.000000000000000e-02  4.433637535422394e+13  -4.112693291236517e+12  -4.112701603146069e+12  7.770778698951655e-01  1.738171183816728e+09
1.584893192461114e-02  4.433638837963331e+13  -4.112687008755559e+12  -4.112707886116481e+12  7.770778761283571e-01  2.754920461539150e+09
2.511886431509581e-02  4.433642109542716e+13  -4.112671227440009e+12  -4.112723668222220e+12  7.770778918005804e-01  4.328014382619870e+09
3.981071705534975e-02  4.433650328560074e+13  -4.112631583665879e+12  -4.112763311071446e+12  7.770779312587457e-01  6.859434846982854e+09
6.309573444801936e-02  4.433670972828618e+13  -4.112532005557281e+12  -4.112862889344684e+12  7.770780303001902e-01  1.087144464343706e+10
1.000000000000001e-01  4.433722828640902e+13  -4.112281877744240e+12  -4.113113018279245e+12  7.770782790830577e-01  1.722992578406500e+10
1.584893192461115e-01  4.433853083002584e+13  -4.111653592747423e+12  -4.113741311366783e+12  7.770789040389506e-01  2.730712587960159e+10
2.511886431509582e-01  4.434180257385898e+13  -4.110075456862672e+12  -4.115319497173317e+12  7.770804739360206e-01  4.327702518120197e+10
3.981071705534975e-01  4.435002020584649e+13  -4.106111643947793e+12  -4.119283625552172e+12  7.770844179890256e-01  6.858585974093806e+10
6.309573444801937e-01  4.437065805740297e+13  -4.096156801031527e+12  -4.129240465291942e+12  7.770943290676469e-01  1.086718796972762e+11
1.000000000000001e+00  4.442247335884755e+13  -4.071162760511714e+12  -4.154247122174843e+12  7.771192507963525e-01  1.721160247873715e+11
1.584893192461115e+00  4.455247118908738e+13  -4.008452847810167e+12  -4.217036993640049e+12  7.771820183295084e-01  2.723152292537086e+11
2.511886431509582e+00  4.487801095755880e+13  -3.851394925561891e+12  -4.374605306767724e+12  7.773407707811968e-01  4.296821261558973e+11
3.981071705534977e+00  4.568915863816316e+13  -3.459918451548309e+12  -4.769413977756495e+12  7.777471343249008e-01  6.729380477403683e+11
6.309573444801939e+00  4.768015705416238e+13  -2.498018564284040e+12  -5.754475370460590e+12  7.788272563567008e-01  1.029595461306789e+12
1.000000000000001e+01  5.235953207238140e+13  -2.304052768678179e+11  -8.182011815142269e+12  7.818715193663708e-01  1.481494936923177e+12
1.584893192461115e+01  6.248786848248192e+13  4.707676462319707e+12  -1.399273784518890e+13  7.899805867910110e-01  1.939161094848429e+12
2.511886431509583e+01  8.245030665071469e+13  1.451313935147705e+13  -2.727437144757668e+13  8.073561275146997e-01  2.323046171497611e+12
3.981071705534978e+01  1.189922795080058e+14  3.255269374985904e+13  -5.608420794090759e+13  8.358366964170455e-01  2.614055645363484e+12
6.309573444801942e+01  1.825704538551952e+14  6.392075677327394e+13  -1.155970010048543e+14  8.721622405173557e-01  2.817073392133514e+12
1.000000000000002e+02  2.891764394106289e+14  1.161704755805229e+14  -2.334649780936382e+14  9.091930574227980e-01  2.938491924958541e+12
1.584893192461116e+02  4.630949477534440e+14  2.005620793340429e+14  -4.588481242140999e+14  9.401913370170741e-01  2.995766553040866e+12
2.511886431509585e+02  7.420246185856495e+14  3.346340473169616e+14  -8.777744640743571e+14  9.623805661115852e-01  3.016793989867274e+12
3.981071705534980e+02  1.185875000100894e+15  5.465896617866546e+14  -1.639469688020932e+15  9.767544913003385e-01  3.023605474437415e+12
6.309573444801944e+02  1.890281059216671e+15  8.817604383271802e+14  -3.001186643348204e+15  9.856516512824386e-01  3.026154409814020e+12
1.000000000000002e+03  3.007336082905420e+15  1.412357457005403e+15  -5.403833419556472e+15  9.911002401139647e-01  3.027425332986766e+12
1.584893192461117e+03  4.778305686649916e+15  2.252908550880510e+15  -9.598934613847028e+15  9.944504035400008e-01  3.028156812706998e+12
2.511886431509585e+03  7.585616317226860e+15  3.584884830244644e+15  -1.686115823227330e+16  9.965253038002369e-01  3.028580924279533e+12
3.981071705534981e+03  1.203536836368911e+16  5.695834810800068e+15  -2.934315123798990e+16  9.978184010993940e-01  3.028819217511135e+12
6.309573444801947e+03  1.908815724225538e+16  9.041442363750142e+15  -5.066648921013930e+16  9.986278266623331e-01  3.028948973972439e+12
1.000000000000002e+04  3.026642144785574e+16  1.434388562161728e+16  -8.690356418641189e+16  9.991359579856025e-01  3.029017977042005e+12
1.584893192461117e+04  4.798306636028002e+16  2.274772084437973e+16  -1.482055602374372e+17  9.994555329446653e-01  3.029054067243520e+12
2.511886431509586e+04  7.606229530608032e+16  3.606693689849597e+16  -2.514963946413693e+17  9.996567538396082e-01  3.029072727502896e+12
3.981071705534983e+04  1.205650691865562e+17  5.717650680701817e+16  -4.249226437351675e+17  9.997835458350357e-01  3.029082298798563e+12
6.309573444801949e+04  1.910973706809492e+17  9.063295300560168e+16  -7.151919813771738e+17  9.998634764584783e-01  3.029087180628731e+12
1.000000000000003e+05  3.028836627232854e+17  1.436578757222117e+17  -1.199656751913209e+18  9.999138803922264e-01  3.029089660294396e+12
1.584893192461118e+05  4.800530985370352e+17  2.276967397502737e+17  -2.006182990662967e+18  9.999456710804850e-01  3.029090916638154e+12
2.511886431509587e+05  7.608478134831530e+17  3.608893843920013e+17  -3.345778411229205e+18  9.999657245706929e-01  3.029091551331840e+12
3.981071705534984e+05  1.205877511426205e+18  5.719855176738372e+17  -5.566107432263566e+18  9.999783752770861e-01  3.029091871627547e+12
6.309573444801952e+05  1.911202102716072e+18  9.065503568425546e+17  -9.239164582136267e+18  9.999863564162719e-01  3.029092031880025e+12
1.000000000000003e+06  3.029066287975601e+18  1.436799905673090e+18  -1.530475679299982e+19  9.999913918080958e-01  3.029092114224455e+12
3.981071705534974e+00
0.000000000000000e+00  6.720139368868165e+13  -5.645772888694360e+11  -5.645772897156393e+11  7.922011093052621e-01  3.717156512545781e+08
3.981071705534973e-03  6.720139516852126e+13  -5.645767228810950e+11  -5.645778558187410e+11  7.922011097546038e-01  7.475769878343512e+08
6.309573444801934e-03  6.720139740702466e+13  -5.645758667861599e+11  -5.645787119588402e+11  7.922011104445461e-01  1.185993716122920e+09
1.000000000000000e-02  6.720142991092768e+13  -5.645695417100090e+11  -5.645766880097408e+11  7.922013023128779e-01  1.883279031552169e+09
1.584893192461114e-02  6.720144403513543e+13  -5.645641402316746e+11  -5.645820898855549e+11  7.922013066504793e-01  2.984948214321647e+09
2.511886431509581e-02  6.720147951446941e+13  -5.645505712699946e+11  -5.645956587826821e+11  7.922013175809612e-01  4.721368763517790e+09
3.981071705534975e-02  6.720156863437862e+13  -5.645164877073823e+11  -5.646297423049573e+11  7.922013450149850e-01  7.438066729205018e+09
6.309573444801936e-02  6.720179249236777e+13  -5.644308739053201e+11  -5.647153562041366e+11  7.922014139363632e-01  1.178851795517056e+10
1.000000000000001e-01  6.720235479628827e+13  -5.642158224214412e+11  -5.649304083595034e+11  7.922015870599133e-01  1.868342565088947e+10
1.584893192461115e-01  6.720376722773831e+13  -5.636756423958057e+11  -5.654705934597308e+11  7.922020219544688e-01  2.961086947128752e+10
2.511886431509582e-01  6.720731501851256e+13  -5.623187992675277e+11  -5.668274676785172e+11  7.922031143931316e-01  4.692861313476737e+10
3.981071705534975e-01  6.721622618242766e+13  -5.589107413673212e+11  -5.702357222685045e+11  7.922058587983737e-01  7.437349849239153e+10
6.309573444801937e-01  6.723860695309994e+13  -5.503512130338822e+11  -5.787964961312826e+11  7.922127544731443e-01  1.178539432059459e+11
1.000000000000001e+00  6.729480562494222e+13  -5.288577517687244e+11  -6.002978222504366e+11  7.922300888124599e-01  1.866941342444351e+11
1.584893192461115e+00  6.743584813540794e+13  -4.749136044319903e+11  -6.542917528592000e+11  7.922737143226857e-01  2.955230534714603e+11
2.511886431509582e+00  6.778935254324558e+13  -3.396985940319166e+11  -7.898234548012463e+11  7.923838362058137e-01  4.668906208130677e+11
3.981071705534977e+00  6.867227176823797e+13  -1.909928127740881e+09  -1.129655652829221e+12  7.926640745386068e-01  7.338491160971030e+11
6.309573444801939e+00  7.085541735863689e+13  8.338453080082094e+11  -1.979256161937057e+12  7.933957513703982e-01  1.135679649126510e+12
1.000000000000001e+01  7.608975330106097e+13  2.841541129629795e+12  -4.085153335959192e+12  7.954243437470468e-01  1.678560494217655e+12
1.584893192461115e+01  8.778993723460428e+13  7.349611802078109e+12  -9.188472071420129e+12  8.010585448526928e-01  2.273789792505164e+12
2.511886431509583e+01  1.115729688938578e+14  1.657323862116377e+13  -2.105476772879336e+13  8.142279431086508e-01  2.798713031431550e+12
3.981071705534978e+01  1.560353371299913e+14  3.391140500647064e+13  -4.724740476230669e+13  8.378277742989241e-01  3.202514129914291e+12
6.309573444801942e+01  2.343993980328684e+14  6.450196893472964e+13  -1.021781911597105e+14  8.702967367619078e-01  3.487680954913635e+12
1.000000000000002e+02  3.669410355398595e+14  1.160046647421467e+14  -2.123307117329561e+14  9.055320647150825e-01  3.665029935308451e+12
1.584893192461116e+02  5.844801884962454e+14  1.998221721568175e+14  -4.250895795282838e+14  9.365688886252620e-01  3.754778386560244e+12
2.511886431509585e+02  9.346193265998149e+14  3.335464558519999e+14  -8.237339635937852e+14  9.596382005294624e-01  3.790809855950378e+12
3.981071705534980e+02  1.492716897826946e+15  5.453155913674462e+14  -1.553129282074761e+15  9.749295737666920e-01  3.803461155450003e+12
6.309573444801944e+02  2.379036003656828e+15  8.803735955153595e+14  -2.863568640098733e+15  9.844992025996828e-01  3.808291073242164e+12
1.000000000000002e+03  3.784959912511623e+15  1.410883018378876e+15  -5.184888114195903e+15  9.903829547985976e-01  3.810594109970065e+12
1.584893192461117e+03  6.014182804467473e+15  2.251356153896144e+15  -9.251045882840180e+15  9.940040360785307e-01  3.811856684634469e+12
2.511886431509585e+03  9.548134021946842e+15  3.583262010299903e+15  -1.630886436203261e+16  9.962465711118075e-01  3.812566801139246e+12
3.981071705534981e+03  1.514983986518304e+16  5.694149930522544e+15  -2.846685808009613e+16  9.976437611028421e-01  3.812958927154972e+12
6.309573444801947e+03  2.402861167712926e+16  9.039704269697506e+15  -4.927665787393978e+16  9.985181350428500e-01  3.813170256752804e+12
1.000000000000002e+04  3.810108009773482e+16  1.434210286525415e+16  -8.469980090211019e+16  9.990669467580228e-01  3.813281903202120e+12
1.584893192461117e+04  6.040490775460686e+16  2.274590117141806e+16  -1.447117777651954e+17  9.994120692958742e-01  3.813340037261664e+12
2.511886431509586e+04  9.575447678203837e+16  3.606508703500751e+16  -2.459580498156140e+17  9.996293618292337e-01  3.813369999956136e+12
3.981071705534983e+04  1.517800809487022e+17  5.717463243714220e+16  -4.161438698800238e+17  9.997662753167353e-01  3.813385332547931e+12
6.309573444801949e+04  2.405749326748765e+17  9.063105884742850e+16  -7.012774605977747e+17  9.998525845785732e-01  3.813393138744401e+12
1.000000000000003e+05  3.813054925336559e+17  1.436559656548651e+17  -1.177602610305474e+18  9.999070101305888e-01  3.813397098457790e+12
1.584893192461118e+05  6.043485624674467e+17  2.276948168725895e+17  -1.971228410987190e+18  9.999413370419641e-01  3.813399102091369e+12
2.511886431509587e+05  9.578481367176740e+17  3.608874512451391e+17  -3.290378008324514e+18  9.999629902952749e-01  3.813400113962902e+12
3.981071705534984e+05  1.518107310272633e+18  5.719835763564281e+17  -5.478302577925462e+18  9.999766502059177e-01  3.813400623234629e+12
6.309573444801952e+05  2.406058344216023e+18  9.065484092767066e+17  -9.100002128981267e+18  9.999852680533319e-01  3.813400879072489e+12
1.000000000000003e+06  3.813365959792160e+18  1.436797952362986e+18  -1.508419802765619e+19  9.999907050855580e-01  3.813401009510618e+12
5.011872336272725e+00
0.000000000000000e+00  1.016122958580150e+14  3.701900801160419e+12  3.701900800204209e+12  8.064477538778003e-01  4.028211789897158e+08
3.981071705534973e-03  1.016122974616926e+14  3.701901287534746e+12  3.701900313659619e+12  8.064477541881205e-01  8.098176918070420e+08
6.309573444801934e-03  1.016122998879500e+14  3.701902023356912e+12  3.701899577773792e+12  8.064477546676674e-01  1.283479316428429e+09
1.000000000000000e-02  1.016123444702199e+14  3.701908507480585e+12  3.701902364937439e+12  8.064479391502950e-01  2.039768077706632e+09
1.584893192461114e-02  1.016123597791754e+14  3.701913150279683e+12  3.701897721814650e+12  8.064479421660743e-01  3.232974166372396e+09
2.511886431509581e-02  1.016123982324364e+14  3.701924812951889e+12  3.701886058818661e+12  8.064479497552037e-01  5.136865783933799e+09
3.981071705534975e-02  1.016124948212102e+14  3.701954107951445e+12  3.701856762701631e+12  8.064479688083995e-01  8.061969439158701e+09
6.309573444801936e-02  1.016127374650998e+14  3.702027697903463e+12  3.701783174204225e+12  8.064480167566488e-01  1.277734419969953e+10
1.000000000000001e-01  1.016133469359445e+14  3.702212543297986e+12  3.701598328405974e+12  8.064481371209583e-01  2.025062984335529e+10
1.584893192461115e-01  1.016148778479577e+14  3.702676850838914e+12  3.701134017684688e+12  8.064484394801851e-01  3.209479965966146e+10
2.511886431509582e-01  1.016187232649722e+14  3.703843121393113e+12  3.699967727758285e+12  8.064491989848782e-01  5.086568965342050e+10
3.981071705534975e-01  1.016283821364458e+14  3.706772549460367e+12  3.697038176984527e+12  8.064511069363897e-01  8.061482046774480e+10
6.309573444801937e-01  1.016526417312258e+14  3.714130238169661e+12  3.689679712085268e+12  8.064559005484710e-01  1.277509677680511e+11
1.000000000000001e+00  1.017135639287964e+14  3.732607478037382e+12  3.671197560930507e+12  8.064679480803699e-01  2.023997040161484e+11
1.584893192461115e+00  1.018664979164522e+14  3.778992159336026e+12  3.624781830072474e+12  8.064982521805658e-01  3.204944955436906e+11
2.511886431509582e+00  1.022500428602081e+14  3.895327018936272e+12  3.508249916861660e+12  8.065746418278171e-01  5.067941298174567e+11
3.981071705534977e+00  1.032095575538795e+14  4.186402081004188e+12  3.215912067449195e+12  8.067682964873113e-01  7.984971839605477e+11
6.309573444801939e+00  1.055936489982514e+14  4.909907756788763e+12  2.484046428638852e+12  8.072676053068855e-01  1.245142083757803e+12
1.000000000000001e+01  1.113941038322618e+14  6.672269452471879e+12  6.625783688658966e+11  8.086205031834602e-01  1.879693277583991e+12
1.584893192461115e+01  1.247417830624963e+14  1.074058765745032e+13  -3.795622676541762e+12  8.124455880285778e-01  2.633398275595773e+12
2.511886431509583e+01  1.527854633938910e+14  1.933462102077366e+13  -1.432918999785912e+13  8.221038195711905e-01  3.343056541919147e+12
3.981071705534978e+01  2.065407514402195e+14  3.589854515451909e+13  -3.800004809935531e+13  8.410871016710189e-01  3.904316610137951e+12
6.309573444801942e+01  3.027765188811683e+14  6.562031511189080e+13  -8.845267204022380e+13  8.694380775115318e-01  4.305504044319345e+12
1.000000000000002e+02  4.671874873073759e+14  1.162579974113556e+14  -1.909940327268273e+14  9.023707649585101e-01  4.562670039249429e+12
1.584893192461116e+02  7.388922492312115e+14  1.993656800071990e+14  -3.912188585665705e+14  9.330357382414145e-01  4.700790367205128e+12
2.511886431509585e+02  1.178066481524516e+15  3.326229100333677e+14  -7.696476358909675e+14  9.568070089864298e-01  4.760710576592429e+12
3.981071705534980e+02  1.879551855292992e+15  5.441228052675277e+14  -1.466788066134162e+15  9.729926505182492e-01  4.783241712268263e+12
6.309573444801944e+02  2.994574328816629e+15  8.790150277129341e+14  -2.725981481247104e+15  9.832613966626885e-01  4.792029456164374e+12
1.000000000000002e+03  4.763929950019870e+15  1.409400312466157e+15  -4.965997807861103e+15  9.896092027643874e-01  4.796100651893585e+12
1.584893192461117e+03  7.569876233750741e+15  2.249767468652272e+15  -8.903231608420562e+15  9.935219143148767e-01  4.798251500305134e+12
2.511886431509585e+03  1.201846566359256e+16  3.581580125357018e+15  -1.575666090619286e+16  9.959454432352685e-01  4.799431372620481e+12
3.981071705534981e+03  1.907027514198509e+16  5.692387185290285e+15  -2.759066841996275e+16  9.974551025874212e-01  4.800073351686480e+12
6.309573444801947e+03  3.024772581949766e+16  9.037872837911856e+15  -4.788694069991328e+16  9.983996527706271e-01  4.800416268034161e+12
1.000000000000002e+04  4.796370284049398e+16  1.434021413017941e+16  -8.249616041946069e+16  9.989924128455548e-01  4.800596402119386e+12
1.584893192461117e+04  7.604238821564933e+16  2.274396526427772e+16  -1.412181250586558e+17  9.993651310751839e-01  4.800689834723460e+12
2.511886431509586e+04  1.205447224685560e+17  3.606311266278548e+16  -2.404198403480230e+17  9.995997816323966e-01  4.800737857632078e+12
3.981071705534983e+04  1.910766699921892e+17  5.717262690915906e+16  -4.073652358617498e+17  9.997476258267569e-01  4.800762381888948e+12
6.309573444801949e+04  3.028626779521665e+17  9.062902820422123e+16  -6.873630832347944e+17  9.998408233089345e-01  4.800774848507902e+12
1.000000000000003e+05  4.800318863022632e+17  1.436539148333138e+17  -1.155548614970473e+18  9.998995915881492e-01  4.800781164863748e+12
1.584893192461118e+05  7.608264194381550e+17  2.276927498949853e+17  -1.936273979863860e+18  9.999366572024259e-01  4.800784356520010e+12
2.511886431509587e+05  1.205855972277030e+18  3.608853712988073e+17  -3.234977755792347e+18  9.999600378857133e-01  4.800785967181213e+12
3.981071705534984e+05  1.911180447867725e+18  5.719814861373950e+17  -5.390497875398221e+18  9.999747875258888e-01  4.800786778302792e+12
6.309573444801952e+05  3.029044540959499e+18  9.065463110144403e+17  -8.960839828758680e+18  9.999840928592663e-01  4.800787186966783e+12
1.000000000000003e+06  4.800739838059248e+18  1.436795847207961e+18  -1.486363941620847e+19  9.999899635973005e-01  4.800787392593005e+12
6.309573444801935e+00
0.000000000000000e+00  1.532983809024612e+14  8.820231990716258e+12  8.820231989686977e+12  8.198436155705993e-01  4.363557174753390e+08
3.981071705534973e-03  1.532983826396477e+14  8.820232408596219e+12  8.820231571631135e+12  8.198436157844544e-01  8.769254075247524e+08
6.309573444801934e-03  1.532983852683333e+14  8.820233040887205e+12  8.820230939258383e+12  8.198436161174459e-01  1.389856479150077e+09
1.000000000000000e-02  1.532984470660388e+14  8.820239802437193e+12  8.820234523969332e+12  8.198437940634229e-01  2.208548134711109e+09
1.584893192461114e-02  1.532984636524699e+14  8.820243792601350e+12  8.820230533969730e+12  8.198437961709754e-01  3.500365490878851e+09
2.511886431509581e-02  1.532985053156924e+14  8.820253814451852e+12  8.820220511545125e+12  8.198438014331492e-01  5.547782690858407e+09
3.981071705534975e-02  1.532986099641548e+14  8.820278988701469e+12  8.820195336355555e+12  8.198438146684128e-01  8.734711167333027e+09
6.309573444801936e-02  1.532988728544541e+14  8.820342227056613e+12  8.820132099151900e+12  8.198438479730858e-01  1.384357053302309e+10
1.000000000000001e-01  1.532995331832433e+14  8.820501071396832e+12  8.819973254571854e+12  8.198439315814109e-01  2.194050559344753e+10
1.584893192461115e-01  1.533011918466838e+14  8.820900068629574e+12  8.819574255608846e+12  8.198441415975518e-01  3.477313388012630e+10
2.511886431509582e-01  1.533053581736672e+14  8.821902292693355e+12  8.818572019200639e+12  8.198446691747863e-01  5.511080759443624e+10
3.981071705534975e-01  1.533158232159554e+14  8.824419696945570e+12  8.816054538341510e+12  8.198459944433156e-01  8.734102307264514e+10
6.309573444801937e-01  1.533421083340757e+14  8.830742691756002e+12  8.809731058586486e+12  8.198493239000703e-01  1.384200600674003e+11
1.000000000000001e+00  1.534081216649896e+14  8.846622561631861e+12  8.793848118822775e+12  8.198576903860237e-01  2.193245434220754e+11
1.584893192461115e+00  1.535738646191353e+14  8.886493477022355e+12  8.753957809771008e+12  8.198787272261845e-01  3.473805896591233e+11
2.511886431509582e+00  1.539897161490818e+14  8.986533622370893e+12  8.653794787000371e+12  8.199317042117431e-01  5.496578576662065e+11
3.981071705534977e+00  1.550312458920284e+14  9.237113339552049e+12  8.402431253972346e+12  8.200656526927544e-01  8.674873465831732e+11
6.309573444801939e+00  1.576275242943537e+14  9.861894519961395e+12  7.772545569391965e+12  8.204082001660998e-01  1.359470950531802e+12
1.000000000000001e+01  1.640087264271995e+14  1.139859120752529e+13  6.200509934890931e+12  8.213161806737518e-01  2.084281321268898e+12
1.584893192461115e+01  1.790548707561165e+14  1.502956972592273e+13  2.323428658757769e+12  8.238739487009430e-01  3.011094153056456e+12
2.511886431509583e+01  2.117444698633474e+14  2.295189424889628e+13  -6.968835832318780e+12  8.307370532314405e-01  3.953294888047468e+12
3.981071705534978e+01  2.762339131784245e+14  3.866125945464787e+13  -2.822691115773713e+13  8.455310987720003e-01  4.731226297300824e+12
6.309573444801942e+01  3.938875218157558e+14  6.741067497889149e+13  -7.432058550556689e+13  8.696550912320737e-01  5.296614527280596e+12
1.000000000000002e+02  5.972793710990981e+14  1.170530295588564e+14  -1.693723184983307e+14  8.998286852575978e-01  5.667755170708340e+12
1.584893192461116e+02  9.360568439250019e+14  1.992974684429531e+14  -3.571723196051638e+14  9.296770891916055e-01  5.877250211218790e+12
2.511886431509585e+02  1.486367633152892e+15  3.319439159809918e+14  -7.154695376988267e+14  9.539207410654678e-01  5.974549492124810e+12
3.981071705534980e+02  2.367657539610129e+15  5.430686888837069e+14  -1.380413824271946e+15  9.709493012284959e-01  6.013458004620579e+12
6.309573444801944e+02  3.770092298413480e+15  8.777251748226597e+14  -2.588402786940536e+15  9.819354744989676e-01  6.028993846441060e+12
1.000000000000002e+03  5.996603316803083e+15  1.407938114460462e+15  -4.747147331681682e+15  9.887754570361615e-01  6.036060570517733e+12
1.584893192461117e+03  9.528305749671448e+15  2.248162804915001e+15  -8.555482176668706e+15  9.930013982774615e-01  6.039687651961512e+12
2.511886431509585e+03  1.512811906579222e+16  3.579852945609650e+15  -1.520454266546909e+16  9.956201733158863e-01  6.041636026602311e+12
3.981071705534981e+03  2.400530874649354e+16  5.690555126430476e+15  -2.671458060659751e+16  9.972513117933793e-01  6.042682696779656e+12
6.309573444801947e+03  3.807646935005594e+16  9.035952413107720e+15  -4.649733889302765e+16  9.982716774696753e-01  6.043237444104596e+12
1.000000000000002e+04  6.037922679730326e+16  1.433822036957196e+16  -8.029264623772206e+16  9.989119144390998e-01  6.043527399440437e+12
1.584893192461117e+04  9.572792681298203e+16  2.274191134885617e+16  -1.377246074555969e+17  9.993144403767213e-01  6.043677284068896e+12
2.511886431509586e+04  1.517528293181559e+17  3.606100982084067e+16  -2.348817730464988e+17  9.995678383304089e-01  6.043754135916424e+12
3.981071705534983e+04  2.405471168065472e+17  5.717048451273706e+16  -3.985867496618382e+17  9.997274871949727e-01  6.043793312205373e+12
6.309573444801949e+04  3.812772242680224e+17  9.062685396794174e+16  -6.734488582055309e+17  9.998281232226816e-01  6.043813199856842e+12
1.000000000000003e+05  6.043199322617473e+17  1.436517150469167e+17  -1.133494775571754e+18  9.998915810082359e-01  6.043823265200942e+12
1.584893192461118e+05  9.578192173980128e+17  2.276905296606536e+17  -1.901319707545207e+18  9.999316039323614e-01  6.043828348743468e+12
2.511886431509587e+05  1.518078160314740e+18  3.608831347558033e+17  -3.179577664350646e+18  9.999568499313054e-01  6.043830910530814e+12
3.981071705534984e+05  2.406029010372739e+18  5.719792366067804e+17  -5.302693335773472e+18  9.999727762469512e-01  6.043832200798250e+12
6.309573444801952e+05  3.813336479579773e+18  9.065440509120088e+17  -8.821677692887632e+18  9.999828238753736e-01  6.043832851709537e+12
1.000000000000003e+06  6.043768675786729e+18  1.436793578895123e+18  -1.464308097027043e+19  9.999891629623329e-01  6.043833176834119e+12
7.943282347242818e+00
0.000000000000000e+00  2.307925910044909e+14  1.494721900170211e+13  1.494721900062592e+13  8.324182552874845e-01  4.725157522119746e+08
3.981071705534973e-03  2.307925928856393e+14  1.494721936068021e+13  1.494721864150873e+13  8.324182554345286e-01  9.492498468562547e+08
6.309573444801934e-03  2.307925957325821e+14  1.494721990388144e+13  1.494721809820437e+13  8.324182556654927e-01  1.504600845044174e+09
1.000000000000000e-02  2.307926821849297e+14  1.494722706868433e+13  1.494722253362392e+13  8.324184278591461e-01  2.390773533729728e+09
1.584893192461114e-02  2.307927001488462e+14  1.494723049679146e+13  1.494721910560795e+13  8.324184293211555e-01  3.788757379586547e+09
2.511886431509581e-02  2.307927452722531e+14  1.494723910711912e+13  1.494721049482202e+13  8.324184329732821e-01  6.004834457923992e+09
3.981071705534975e-02  2.307928586189364e+14  1.494726073642312e+13  1.494718886550723e+13  8.324184421730819e-01  9.499356517499132e+09
6.309573444801936e-02  2.307931433352263e+14  1.494731506697459e+13  1.494713453513433e+13  8.324184652728905e-01  1.499332282379110e+10
1.000000000000001e-01  2.307938585050670e+14  1.494745153849679e+13  1.494699806346608e+13  8.324185232986372e-01  2.376277442970591e+10
1.584893192461115e-01  2.307956549246035e+14  1.494779433841407e+13  1.494665526249871e+13  8.324186690534257e-01  3.766125545912894e+10
2.511886431509582e-01  2.308001672893406e+14  1.494865540547736e+13  1.494579418769904e+13  8.324190351992855e-01  5.968836309857079e+10
3.981071705534975e-01  2.308115016028193e+14  1.495081826518321e+13  1.494363128009742e+13  8.324199549389570e-01  9.459688202865442e+10
6.309573444801937e-01  2.308399706332571e+14  1.495625084872291e+13  1.493819839336766e+13  8.324222654844442e-01  1.499228566945277e+11
1.000000000000001e+00  2.309114722428891e+14  1.496989514452779e+13  1.492455217659397e+13  8.324280709531904e-01  2.375673306751531e+11
1.584893192461115e+00  2.310910172169758e+14  1.500415711541333e+13  1.489027807778767e+13  8.324426643216595e-01  3.763418168539165e+11
2.511886431509582e+00  2.315416403713153e+14  1.509014993842464e+13  1.480420849917754e+13  8.324793888915881e-01  5.957534514131786e+11
3.981071705534977e+00  2.326711766963833e+14  1.530571256460381e+13  1.458815780810125e+13  8.325720731829326e-01  9.413496872218727e+11
6.309573444801939e+00  2.354930605400019e+14  1.584432558490360e+13  1.404639951174340e+13  8.328078064944836e-01  1.480169699029858e+12
1.000000000000001e+01  2.424761837138769e+14  1.717776465017915e+13  1.269173669570360e+13  8.334221538803029e-01  2.293547722963528e+12
1.584893192461115e+01  2.592573202974883e+14  2.038640812711594e+13  9.332213448613049e+12  8.351219368866198e-01  3.400487159950375e+12
2.511886431509583e+01  2.969002893053690e+14  2.760660130276036e+13  1.182442730473523e+12  8.398639335845457e-01  4.621990418310749e+12
3.981071705534978e+01  3.735628783306828e+14  4.237757632869341e+13  -1.778651934633744e+13  8.510205530124807e-01  5.691117047050232e+12
6.309573444801942e+01  5.166109267347601e+14  7.003746051905579e+13  -5.965836151615081e+13  8.709761579949694e-01  6.488220823950673e+12
1.000000000000002e+02  7.674105287670211e+14  1.185391577963604e+14  -1.473618702992994e+14  8.980170879292400e-01  7.022334492742723e+12
1.584893192461116e+02  1.188968009586473e+15  1.997476472511758e+14  -3.228681622658618e+14  9.265885859167399e-01  7.336439006804214e+12
2.511886431509585e+02  1.877725371424144e+15  3.316125470129208e+14  -6.611391026338934e+14  9.510238189644900e-01  7.491366294767100e+12
3.981071705534980e+02  2.984242411669071e+15  5.422286354238951e+14  -1.293963172611571e+15  9.688099935616041e-01  7.556949723208258e+12
6.309573444801944e+02  4.747683308090196e+15  8.765580195443336e+14  -2.450801759117088e+15  9.805200472479386e-01  7.583821222036117e+12
1.000000000000002e+03  7.549106211338295e+15  1.406535382665494e+15  -4.528315133976741e+15  9.878783718129088e-01  7.595915603374826e+12
1.584893192461117e+03  1.199400549719849e+16  2.246570237194704e+15  -8.207783123693777e+15  9.924397607249934e-01  7.601983068184033e+12
2.511886431509585e+03  1.904274354488602e+16  3.578100194037694e+15  -1.465250078270685e+16  9.952689070630329e-01  7.605184527430105e+12
3.981071705534981e+03  3.021764406694583e+16  5.688666846228271e+15  -2.583859027587666e+16  9.970311942555534e-01  7.606885167719736e+12
6.309573444801947e+03  4.793152221951695e+16  9.033950759610050e+15  -4.510785169904730e+16  9.981334527513693e-01  7.607780336190671e+12
1.000000000000002e+04  7.600849502559168e+16  1.433612506008812e+16  -7.808926049937730e+16  9.988249749485856e-01  7.608246156100913e+12
1.584893192461117e+04  1.205094414961223e+17  2.273973945788791e+16  -1.342312294180678e+17  9.992596972113563e-01  7.608486226543129e+12
2.511886431509586e+04  1.910402701536506e+17  3.605877578250642e+16  -2.293438542269173e+17  9.995333430558484e-01  7.608609057121713e+12
3.981071705534983e+04  3.028253793878479e+17  5.716820031497070e+16  -3.898084190755134e+17  9.997057404553619e-01  7.608671572880256e+12
6.309573444801949e+04  4.799938677736868e+17  9.062452944442802e+16  -6.595347944843378e+17  9.998144093481129e-01  7.608703270549112e+12
1.000000000000003e+05  7.607878252800721e+17  1.436493581952387e+17  -1.111441102022243e+18  9.998829311226495e-01  7.608719298482912e+12
1.584893192461118e+05  1.205816918568597e+18  2.276881469370136e+17  -1.866365604695234e+18  9.999261474261490e-01  7.608727386351889e+12
2.511886431509587e+05  1.911141027676853e+18  3.608807313813136e+17  -3.124177745253604e+18  9.999534075958983e-01  7.608731462622204e+12
3.981071705534984e+05  3.029004828659414e+18  5.719768167565643e+17  -5.214888970781200e+18  9.999706044767547e-01  7.608733514003020e+12
6.309573444801952e+05  4.800699893311903e+18  9.065416177407822e+17  -8.682515733503555e+18  9.999814536439333e-01  7.608734545160396e+12
1.000000000000003e+06  7.608647608516963e+18  1.436791135509591e+18  -1.442252270223872e+19  9.999882984562474e-01  7.608735062297512e+12
1.000000000000000e+01
0.000000000000000e+00  3.467886093291235e+14  2.226691207408566e+13  2.226691207220404e+13  8.442039360376603e-01  1.775653673790890e+08
3.981071705534973e-03  3.467886113600148e+14  2.226691238166020e+13  2.226691176379248e+13  8.442039361548705e-01  1.027514664895825e+09
6.309573444801934e-03  3.467886144422756e+14  2.226691284822054e+13  2.226691129710082e+13  8.442039363148521e-01  1.628335633276063e+09
1.000000000000000e-02  3.467887185179799e+14  2.226691953199215e+13  2.226691563639553e+13  8.442040774222555e-01  2.586731222523544e+09
1.584893192461114e-02  3.467887379673972e+14  2.226692247666873e+13  2.226691269177340e+13  8.442040784361140e-01  4.099782290410462e+09
2.511886431509581e-02  3.467887868222550e+14  2.226692987285146e+13  2.226690529521803e+13  8.442040809686492e-01  6.497733144171309e+09
3.981071705534975e-02  3.467889095417633e+14  2.226694845201600e+13  2.226688671591218e+13  8.442040873451329e-01  1.027982683283585e+10
6.309573444801936e-02  3.467892177835848e+14  2.226699511954176e+13  2.226684004681255e+13  8.442041033454769e-01  1.623322556781268e+10
1.000000000000001e-01  3.467899921123238e+14  2.226711234874099e+13  2.226672281936829e+13  8.442041436025417e-01  2.572789505028585e+10
1.584893192461115e-01  3.467919370864765e+14  2.226740680989644e+13  2.226642835757242e+13  8.442042446724533e-01  4.077580611048020e+10
2.511886431509582e-01  3.467968226114401e+14  2.226814645820023e+13  2.226568870442234e+13  8.442044985659940e-01  6.462474292190576e+10
3.981071705534975e-01  3.468090943108909e+14  2.227000434389090e+13  2.226383078879598e+13  8.442051363252662e-01  1.024211123535121e+11
6.309573444801937e-01  3.468399182624183e+14  2.227467096983773e+13  2.225916397307123e+13  8.442067384358842e-01  1.623225168848864e+11
1.000000000000001e+00  3.469173371567298e+14  2.228639191599732e+13  2.224744182377532e+13  8.442107635807329e-01  2.572343134127380e+11
1.584893192461115e+00  3.471117582558751e+14  2.231582674710074e+13  2.221799940017711e+13  8.442208796850453e-01  4.075496751614531e+11
2.511886431509582e+00  3.475998284885862e+14  2.238972032507045e+13  2.214405780970946e+13  8.442463242506670e-01  6.453664970638068e+11
3.981071705534977e+00  3.488239415428383e+14  2.257505715421744e+13  2.195841635548181e+13  8.443104564137315e-01  1.020602035695597e+12
6.309573444801939e+00  3.518868071199874e+14  2.303883407345371e+13  2.149268881523839e+13  8.444729836418144e-01  1.608433057287778e+12
1.000000000000001e+01  3.595007084145856e+14  2.419202630696596e+13  2.032661921395786e+13  8.448915792867766e-01  2.509998415156849e+12
1.584893192461115e+01  3.780529011165861e+14  2.700419436320759e+13  1.742356511956796e+13  8.460231734813229e-01  3.797481519397475e+12
2.511886431509583e+01  4.208713382987098e+14  3.350892965864045e+13  1.031250814533768e+13  8.492279556648844e-01  5.337678054792249e+12
3.981071705534978e+01  5.110558915287899e+14  4.726072869822605e+13  -6.505866900348178e+12  8.573691562313872e-01  6.785654056764459e+12
6.309573444801942e+01  6.838192777731790e+14  7.370075373685852e+13  -4.431347219767627e+13  8.733816374196878e-01  7.906631578781485e+12
1.000000000000002e+02  9.918651780612418e+14  1.208984769119183e+14  -1.248331850620413e+14  8.970299806992583e-01  8.673880994120747e+12
1.584893192461116e+02  1.515179537278829e+15  2.008767628755883e+14  -2.882021518294542e+14  9.238728360582398e-01  9.140620939059754e+12
2.511886431509585e+02  2.375991736687719e+15  3.317595168038502e+14  -6.065773532592621e+14  9.481720519182988e-01  9.383295380219076e+12
3.981071705534980e+02  3.764259477815142e+15  5.417007058966586e+14  -1.207378459297533e+15  9.665913348980758e-01  9.491653066421098e+12
6.309573444801944e+02  5.980849775603109e+15  8.755848571208445e+14  -2.313136763798078e+15  9.790156921887561e-01  9.537318429760732e+12
1.000000000000002e+03  9.505053409432826e+15  1.405244160342320e+15  -4.309471410134311e+15  9.869149695857401e-01  9.557782574751662e+12
1.584893192461117e+03  1.509883377926739e+16  2.245027843559604e+15  -7.860113680091414e+15  9.918342317163378e-01  9.567866007688057e+12
2.511886431509585e+03  2.397105131068819e+16  3.576349292342102e+15  -1.410052160557088e+16  9.948896887375884e-01  9.573104977552934e+12
3.981071705534981e+03  3.803810909062026e+16  5.686741346412957e+15  -2.496268946265385e+16  9.967934724479270e-01  9.575860348742674e+12
6.309573444801947e+03  6.033750297046479e+16  9.031880133607426e+15  -4.371847571435072e+16  9.979841650567721e-01  9.577301784619982e+12
1.000000000000002e+04  9.568346562251458e+16  1.433393503900763e+16  -7.588600345731230e+16  9.987310805537339e-01  9.578048906955859e+12
1.584893192461117e+04  1.517061539342451e+17  2.273745208081659e+16  -1.307379941249191e+17  9.992005778359567e-01  9.578432923870641e+12
2.511886431509586e+04  2.404986586461006e+17  3.605640955605354e+16  -2.238060894054884e+17  9.994960919039912e-01  9.578629030760996e+12
3.981071705534983e+04  3.812273355213282e+17  5.716577054220167e+16  -3.810302514835476e+17  9.996822571507202e-01  9.578728701454467e+12
6.309573444801949e+04  6.042688983546685e+17  9.062204864054885e+16  -6.456209009378324e+17  9.997996007296946e-01  9.578779184373650e+12
1.000000000000003e+05  9.577672684513764e+17  1.436468365169203e+17  -1.089387604371936e+18  9.998735908969232e-01  9.578804690021455e+12
1.584893192461118e+05  1.518025481176099e+18  2.276855925864474e+17  -1.831411682304068e+18  9.999202555136010e-01  9.578817552738111e+12
2.511886431509587e+05  2.405975749111207e+18  3.608781509167654e+17  -3.068778010248961e+18  9.999496905984631e-01  9.578824030031199e+12
3.981071705534984e+05  3.813282754584903e+18  5.719742154363263e+17  -5.127084792774500e+18  9.999682594254438e-01  9.578827289514840e+12
6.309573444801952e+05  6.043714581737851e+18  9.065389998757601e+17  -8.543353963408458e+18  9.999799741137125e-01  9.578828927303623e+12
1.000000000000003e+06  9.578711226716066e+18  1.436788504700262e+18  -1.420196462528621e+19  9.999873649887431e-01  9.578829749720664e+12
1.258925411794167e+01
0.000000000000000e+00  5.201493908110625e+14  3.099520910485918e+13  3.099520910291099e+13  8.552347418393249e-01  1.907636563636283e+08
3.981071705534973e-03  5.201493930077707e+14  3.099520936889038e+13  3.099520883810955e+13  8.552347419232175e-01  1.111281233016514e+09
6.309573444801934e-03  5.201493963437232e+14  3.099520976953479e+13  3.099520843729618e+13  8.552347420338472e-01  1.761774501052129e+09
1.000000000000000e-02  5.201495437334428e+14  3.099521701013147e+13  3.099521366436493e+13  8.552348794492837e-01  2.783734022478992e+09
1.584893192461114e-02  5.201495647845584e+14  3.099521953901184e+13  3.099521113540704e+13  8.552348801493574e-01  4.435197096346810e+09
2.511886431509581e-02  5.201496176636790e+14  3.099522589123274e+13  3.099520478295248e+13  8.552348819057111e-01  7.029300996214537e+09
3.981071705534975e-02  5.201497504901294e+14  3.099524184762611e+13  3.099518882630948e+13  8.552348863220527e-01  1.114067625476228e+10
6.309573444801936e-02  5.201500841261417e+14  3.099528192780088e+13  3.099514874503833e+13  8.552348974104809e-01  1.757044088784175e+10
1.000000000000001e-01  5.201509222350037e+14  3.099538260876104e+13  3.099504806545843e+13  8.552349253014938e-01  2.784724556339972e+10
1.584893192461115e-01  5.201530274208832e+14  3.099563550389746e+13  3.099479516993246e+13  8.552349953277198e-01  4.413478382712151e+10
2.511886431509582e-01  5.201583153857043e+14  3.099627074479702e+13  3.099415992599507e+13  8.552351712366502e-01  6.994848130688338e+10
3.981071705534975e-01  5.201715980074861e+14  3.099786638101511e+13  3.099256427106340e+13  8.552356131013780e-01  1.108591350190074e+11
6.309573444801937e-01  5.202049615279631e+14  3.100187433023169e+13  3.098855620302676e+13  8.552367230815767e-01  1.756977561110031e+11
1.000000000000001e+00  5.202887611167294e+14  3.101194116310850e+13  3.097848861808712e+13  8.552395116581164e-01  2.784400196934791e+11
1.584893192461115e+00  5.204992195567046e+14  3.103722360193196e+13  3.095320141957186e+13  8.552465189055848e-01  4.411880489782661e+11
2.511886431509582e+00  5.210276363413380e+14  3.110070306303253e+13  3.088969189069763e+13  8.552641375300698e-01  6.987983526131415e+11
3.981071705534977e+00  5.223534950238087e+14  3.125998410155559e+13  3.073022037662806e+13  8.553085030937321e-01  1.105766833894475e+12
6.309573444801939e+00  5.256745481366226e+14  3.165898042293286e+13  3.033000962491484e+13  8.554206556719387e-01  1.745423100798860e+12
1.000000000000001e+01  5.339555330062258e+14  3.265403084858411e+13  2.932706494293357e+13  8.557072877488763e-01  2.736542097321742e+12
1.584893192461115e+01  5.543274874028151e+14  3.510313373500113e+13  2.682347396254157e+13  8.564656725824800e-01  4.201506451823660e+12
2.511886431509583e+01  6.024717895329314e+14  4.089939821601231e+13  2.064552840782604e+13  8.586012962517066e-01  6.086982146827893e+12
3.981071705534978e+01  7.073479384341219e+14  5.356296810779678e+13  5.825475038965653e+12  8.643590237625505e-01  8.008286013690975e+12
6.309573444801942e+01  9.143365089571469e+14  7.864297544645137e+13  -2.809818506080829e+13  8.768003815937163e-01  9.574141911615178e+12
1.000000000000002e+02  1.290896252244140e+15  1.243528689570313e+14  -1.016251851038718e+14  8.969345379001216e-01  1.067414590491541e+13
1.584893192461116e+02  1.938684012415205e+15  2.028821274804186e+14  -2.530424157743583e+14  9.216342134463293e-01  1.136294684306005e+13
2.511886431509585e+02  3.012704935175046e+15  3.325492554819044e+14  -5.516822660065002e+14  9.454325777185054e-01  1.173786668039116e+13
3.981071705534980e+02  4.752861485681296e+15  5.416113167206404e+14  -1.120583885712920e+15  9.643173563962752e-01  1.191386264376915e+13
6.309573444801944e+02  7.537798459946435e+15  8.748990175892864e+14  -2.175352273585302e+15  9.774256939613518e-01  1.199031402906066e+13
1.000000000000002e+03  1.197033214905883e+16  1.404133249799762e+15  -4.090575728396996e+15  9.858828966316502e-01  1.202460896839701e+13
1.584893192461117e+03  1.900923805267017e+16  2.243586546878349e+15  -7.512444920523947e+15  9.911820654387059e-01  1.204127480799942e+13
2.511886431509585e+03  3.017610662424922e+16  3.574637577987090e+15  -1.354858523850564e+16  9.944804733066784e-01  1.204981881905889e+13
3.981071705534981e+03  4.788339435716295e+16  5.684805277666266e+15  -2.408686546764087e+16  9.965367849102147e-01  1.205427243166851e+13
6.309573444801947e+03  7.595498342183138e+16  9.029758648604440e+15  -4.232920400216246e+16  9.978229407403566e-01  1.205658935011470e+13
1.000000000000002e+04  1.204515587488760e+17  1.433166157314968e+16  -7.368287278938734e+16  9.986296777043139e-01  1.205778598562237e+13
1.584893192461117e+04  1.909788574622798e+17  2.273505499667424e+16  -1.272449029443143e+17  9.991367329924911e-01  1.205839957721344e+13
2.511886431509586e+04  3.027611279026765e+17  3.605391252953635e+16  -2.182684828970180e+17  9.994558647710535e-01  1.205871239048662e+13
3.981071705534983e+04  4.799273403260669e+17  5.716319307511561e+16  -3.722522535506036e+17  9.996568985856663e-01  1.205887117863892e+13
6.309573444801949e+04  7.607194772026612e+17  9.061940663918626e+16  -6.317071861027956e+17  9.997836099514174e-01  1.205895152860594e+13
1.000000000000003e+05  1.205747116494189e+18  1.436441428641275e+17  -1.067334292647936e+18  9.998635052185818e-01  1.205899209438319e+13
1.584893192461118e+05  1.911070065810340e+18  2.276828576626334e+17  -1.796457951585076e+18  9.999138934313060e-01  1.205901254008787e+13
2.511886431509587e+05  3.028932942521097e+18  3.608753830828157e+17  -3.013378471488721e+18  9.999456770313532e-01  1.205902283256145e+13
3.981071705534984e+05  4.800627271163257e+18  5.719714213602387e+17  -5.039280814654383e+18  9.999657272946247e-01  1.205902800767730e+13
6.309573444801952e+05  7.608574400538627e+18  9.065361849478185e+17  -8.404192396084913e+18  9.999783765575373e-01  1.205903060874199e+13
1.000000000000003e+06  1.205887136659915e+19  1.436785673111362e+18  -1.398140675338658e+19  9.999863570358936e-01  1.205903191711187e+13
1.584893192461114e+01
0.000000000000000e+00  7.788781238117769e+14  4.138523725326398e+13  4.138523725126415e+13  8.655460561378940e-01  2.046801159154936e+08
3.981071705534973e-03  7.788781261872857e+14  4.138523747991849e+13  4.138523702396323e+13  8.655460561984513e-01  1.201622302129926e+09
6.309573444801934e-03  7.788781297966550e+14  4.138523782387328e+13  4.138523667978171e+13  8.655460562747576e-01  1.906073189527227e+09
1.000000000000000e-02  7.788783399428697e+14  4.138524576818713e+13  4.138524289510715e+13  8.655461905394015e-01  3.014031264872681e+09
1.584893192461114e-02  7.788783627219909e+14  4.138524793976023e+13  4.138524072347216e+13  8.655461910245631e-01  4.796848835218503e+09
2.511886431509581e-02  7.788784199414949e+14  4.138525339476777e+13  4.138523526857234e+13  8.655461922459641e-01  7.602713448317852e+09
3.981071705534975e-02  7.788785636706212e+14  4.138526709632441e+13  4.138522156648422e+13  8.655461952974404e-01  1.204933570418519e+10
6.309573444801936e-02  7.788789247050939e+14  4.138530151429298e+13  4.138518714839762e+13  8.655462029819311e-01  1.906614739772756e+10
1.000000000000001e-01  7.788798315933372e+14  4.138538796894866e+13  4.138510069408693e+13  8.655462222824263e-01  3.013310360535231e+10
1.584893192461115e-01  7.788821095764287e+14  4.138560513203270e+13  4.138488353076734e+13  8.655462707607667e-01  4.775764758167706e+10
2.511886431509582e-01  7.788878315930986e+14  4.138615061936613e+13  4.138433804173781e+13  8.655463925334697e-01  7.569042644135123e+10
3.981071705534975e-01  7.789022045345400e+14  4.138752081037534e+13  4.138296783881864e+13  8.655466984353665e-01  1.199598726251135e+11
6.309573444801937e-01  7.789383070080711e+14  4.139096250749335e+13  4.137952606723972e+13  8.655474668435451e-01  1.901179843669917e+11
1.000000000000001e+00  7.790289877594797e+14  4.139960723316352e+13  4.137088087015938e+13  8.655493972124925e-01  3.013079941123397e+11
1.584893192461115e+00  7.792567386338947e+14  4.142131910337679e+13  4.134916601472915e+13  8.655542474187217e-01  4.774545618129178e+11
2.511886431509582e+00  7.798286410279510e+14  4.147583983660668e+13  4.129462643331376e+13  8.655664392781731e-01  7.563697926117333e+11
3.981071705534977e+00  7.812640426265986e+14  4.161268195876261e+13  4.115766504164161e+13  8.655971189798751e-01  1.197386791990010e+12
6.309573444801939e+00  7.848622740550139e+14  4.195572792179438e+13  4.081386090535892e+13  8.656745378399135e-01  1.892174049520760e+12
1.000000000000001e+01  7.938532288918306e+14  4.281298919012005e+13  3.995171811868870e+13  8.658713757436716e-01  2.976033007096256e+12
1.584893192461115e+01  8.161148166824421e+14  4.493618698684418e+13  3.779567780161476e+13  8.663837483334335e-01  4.615437223958453e+12
2.511886431509583e+01  8.696970459379556e+14  5.005124840709838e+13  3.244684227833557e+13  8.677994893227110e-01  6.857957726232800e+12
3.981071705534978e+01  9.901896242409578e+14  6.157869260692452e+13  1.946175406726098e+13  8.717608388862707e-01  9.343496398617939e+12
6.309573444801942e+01  1.235877146257804e+15  8.515572908107711e+13  -1.078226975067362e+13  8.811118430109999e-01  1.150500838579896e+13
1.000000000000002e+02  1.693537641708248e+15  1.291723544701955e+14  -7.753822045134598e+13  8.977620839944088e-01  1.307672347667252e+13
1.584893192461116e+02  2.492671847366256e+15  2.060055464664380e+14  -2.172231088808515e+14  9.199719785224717e-01  1.408778894313247e+13
2.511886431509585e+02  3.829987672129985e+15  3.341871660162991e+14  -4.963230917413221e+14  9.428827019431189e-01  1.466038369427028e+13
3.981071705534980e+02  6.008765314750596e+15  5.421221555636286e+14  -1.033480691597102e+15  9.620207011791463e-01  1.494199978106059e+13
6.309573444801944e+02  9.505803337545850e+15  8.746217517933140e+14  -2.037375011859392e+15  9.757569311688713e-01  1.506831821769192e+13
1.000000000000002e+03  1.507928920960876e+16  1.403292852587081e+15  -3.871574020708576e+15  9.847807637189515e-01  1.512530862458312e+13
1.584893192461117e+03  2.393552658248056e+16  2.242313715657422e+15  -7.164737414677543e+15  9.904806369457477e-01  1.515272412218442e+13
2.511886431509585e+03  3.798963329474014e+16  3.573015116082886e+15  -1.299666370208544e+16  9.940391472868761e-01  1.516661796454917e+13
3.981071705534981e+03  6.027845518219827e+16  5.682895147736003e+15  -2.321109941426972e+16  9.962596876012387e-01  1.517380200820865e+13
6.309573444801947e+03  9.561580961214746e+16  9.027612011302300e+15  -4.094002496385074e+16  9.976488435928241e-01  1.517752050945304e+13
1.000000000000002e+04  1.516315236962520e+17  1.432932172081449e+16  -7.147986271969674e+16  9.985201706227650e-01  1.517943484581375e+13
1.584893192461117e+04  2.404184046393705e+17  2.273255833853012e+16  -1.237519547539715e+17  9.990677860669711e-01  1.518041433021167e+13
2.511886431509586e+04  3.811425636818462e+17  3.605128929833239e+16  -2.127310372935506e+17  9.994124241174248e-01  1.518091291893280e+13
3.981071705534983e+04  6.041805072908543e+17  5.716046808763578e+16  -3.634744308299235e+17  9.996295150252998e-01  1.518116572706148e+13
6.309573444801949e+04  9.576759839926630e+17  9.061660008850808e+16  -6.177936578911254e+17  9.997663426262766e-01  1.518129354541053e+13
1.000000000000003e+05  1.517931887075025e+18  1.436412710771742e+17  -1.045281176639620e+18  9.998526145799598e-01  1.518135803444511e+13
1.584893192461118e+05  2.405880313414291e+18  2.276799337815344e+17  -1.761504423821198e+18  9.999070236589056e-01  1.518139052157695e+13
2.511886431509587e+05  3.813185851714484e+18  3.608724176397101e+17  -2.957979141444708e+18  9.999413432093083e-01  1.518140686832872e+13
3.981071705534984e+05  6.043616510757391e+18  5.719684228256504e+17  -4.951477049827833e+18  9.999629931306000e-01  1.518141508764649e+13
6.309573444801952e+05  9.578612226026861e+18  9.065331600627680e+17  -8.265031045691905e+18  9.999766515354747e-01  1.518141921699477e+13
1.000000000000003e+06  1.518120394312639e+19  1.436782627031922e+18  -1.376084910134454e+19  9.999852686552063e-01  1.518142129032025e+13
1.995262314968880e+01
0.000000000000000e+00  1.164509691268392e+15  5.373362555908274e+13  5.373362555704270e+13  8.751738700499629e-01  2.193267144541205e+08
3.981071705534973e-03  1.164509693836974e+15  5.373362575368704e+13  5.373362536198389e+13  8.751738700942038e-01  1.297351767859064e+09
6.309573444801934e-03  1.164509697740842e+15  5.373362604888409e+13  5.373362506647323e+13  8.751738701466024e-01  2.061199565987633e+09
1.000000000000000e-02  1.164509999156432e+15  5.373363486366152e+13  5.373363239680979e+13  8.751740017717792e-01  3.261988139047571e+09
1.584893192461114e-02  1.164510023799383e+15  5.373363672812640e+13  5.373363053226692e+13  8.751740021073140e-01  5.186181794867407e+09
2.511886431509581e-02  1.164510085700627e+15  5.373364141171231e+13  5.373362584874751e+13  8.751740029522693e-01  8.221175876934704e+09
3.981071705534975e-02  1.164510241189867e+15  5.373365317575804e+13  5.373361408427960e+13  8.751740050631750e-01  1.302954484664572e+10
6.309573444801936e-02  1.164510631764098e+15  5.373368272654832e+13  5.373358453327380e+13  8.751740103771030e-01  2.061906423497177e+10
1.000000000000001e-01  1.164511612813880e+15  5.373375695353437e+13  5.373351030451273e+13  8.751740237163094e-01  3.259874032206396e+10
1.584893192461115e-01  1.164514077223566e+15  5.373394340971686e+13  5.373332385034991e+13  8.751740572646842e-01  5.166545166585583e+10
2.511886431509582e-01  1.164520267425347e+15  5.373441175999989e+13  5.373285549902524e+13  8.751741415004652e-01  8.188392866474942e+10
3.981071705534975e-01  1.164535816418777e+15  5.373558819562775e+13  5.373167905593033e+13  8.751743531058535e-01  1.297762006207064e+11
6.309573444801937e-01  1.164574873153760e+15  5.373854322626785e+13  5.372872397863230e+13  8.751748846401700e-01  2.056771169095957e+11
1.000000000000001e+00  1.164672975636413e+15  5.374596565988420e+13  5.372130124934855e+13  8.751762199023270e-01  3.259715705582750e+11
1.584893192461115e+00  1.164919375136395e+15  5.376460827574032e+13  5.370265675985837e+13  8.751795746011921e-01  5.165619351834172e+11
2.511886431509582e+00  1.165538159207472e+15  5.381142573408923e+13  5.365582747705891e+13  8.751880056239545e-01  8.184236791351924e+11
3.981071705534977e+00  1.167091566529171e+15  5.392895832781268e+13  5.353822011525316e+13  8.752092111591464e-01  1.296028413749212e+12
6.309573444801939e+00  1.170987784077515e+15  5.422375801508624e+13  5.324294613629671e+13  8.752626549235598e-01  2.049706087180989e+12
1.000000000000001e+01  1.180737650351492e+15  5.496151030924318e+13  5.250215845217385e+13  8.753980668352380e-01  3.230802901023705e+12
1.584893192461115e+01  1.204982586057000e+15  5.679640195041098e+13  5.064726806478894e+13  8.757465859129728e-01  5.044337723084508e+12
2.511886431509583e+01  1.264119524489167e+15  6.127445057242678e+13  4.602828706779840e+13  8.766873549637939e-01  7.643494041196792e+12
3.981071705534978e+01  1.400892651954128e+15  7.164704049032148e+13  3.470783061133613e+13  8.793549222637979e-01  1.076831533911820e+13
6.309573444801942e+01  1.689443853062238e+15  9.358630853827359e+13  7.915315155435770e+12  8.861547666014677e-01  1.370096201182845e+13
1.000000000000002e+02  2.241824434855992e+15  1.356845676219325e+14  -5.232566485125919e+13  8.995012180191210e-01  1.593289441301738e+13
1.584893192461116e+02  3.223613815445816e+15  2.105426956082062e+14  -1.805367096152570e+14  9.189720242080370e-01  1.741002895852219e+13
2.511886431509585e+02  4.884718462746918e+15  3.369283398015809e+14  -4.403334239870135e+14  9.406073216458622e-01  1.827615380992541e+13
3.981071705534980e+02  7.608919784839745e+15  5.434384945467581e+14  -9.459411621194841e+14  9.597435074340213e-01  1.872086412591475e+13
6.309573444801944e+02  1.199704167259879e+16  8.749095214238407e+14  -1.899109104846354e+15  9.740208961772804e-01  1.892709495768971e+13
1.000000000000002e+03  1.900278595511518e+16  1.402840412823978e+15  -3.652394775398351e+15  9.836085892610271e-01  1.902107603801907e+13
1.584893192461117e+03  3.014374499832866e+16  2.241297720955284e+15  -6.816938249171554e+15  9.897275783965293e-01  1.906598611315976e+13
2.511886431509585e+03  4.783018283434537e+16  3.571548261807244e+15  -1.244471859661147e+16  9.935635616446764e-01  1.908852333556433e+13
3.981071705534981e+03  7.588483259846882e+16  5.681060121067470e+15  -2.233536441387849e+16  9.959606585052919e-01  1.910009184464114e+13
6.309573444801947e+03  1.203676564024879e+17  9.025475725266684e+15  -3.955092090055198e+16  9.974608731099355e-01  1.910605206424396e+13
1.000000000000002e+04  1.908838356055410e+17  1.432694006397053e+16  -6.927696289517897e+16  9.984019188877946e-01  1.910911145239442e+13
1.584893192461117e+04  3.026571516697820e+17  2.272997795079472e+16  -1.202591450684458e+17  9.989933311857999e-01  1.911067375014441e+13
2.511886431509586e+04  4.798161775502255e+17  3.604854872397438e+16  -2.071937527911638e+17  9.993655136576737e-01  1.911146792002088e+13
3.981071705534983e+04  7.606025614269674e+17  5.715759886816571e+16  -3.546967872488657e+17  9.995999448378550e-01  1.911187019899709e+13
6.309573444801949e+04  1.205625603984673e+18  9.061362783402974e+16  -6.038803232016343e+17  9.997476968464607e-01  1.911207343591435e+13
1.000000000000003e+05  1.910944885531610e+18  1.436382164626871e+17  -1.023228265610688e+18  9.998408547254789e-01  1.911217591688319e+13
1.584893192461118e+05  3.028804838695240e+18  2.276768134293534e+17  -1.726551110157508e+18  9.998996056744431e-01  1.911222751950080e+13
2.511886431509587e+05  4.800496838805896e+18  3.608692448778096e+17  -2.902580032758044e+18  9.999366635879287e-01  1.911225347599699e+13
3.981071705534984e+05  7.608442114608137e+18  5.719652082879398e+17  -4.863673512133773e+18  9.999600408159502e-01  1.911226652116638e+13
6.309573444801952e+05  1.205873760574486e+19  9.065299122327031e+17  -8.125869927025871e+18  9.999747888797158e-01  1.911227307461725e+13
1.000000000000003e+06  1.911198233635875e+19  1.436779352777385e+18  -1.354029168468852e+19  9.999840934569646e-01  1.911227636436500e+13
2.511886431509581e+01
0.000000000000000e+00  1.738598577216985e+15  6.838783278636157e+13  6.838783278428891e+13  8.841543136874016e-01  2.347275196207779e+08
3.981071705534973e-03  1.738598579994783e+15  6.838783295355077e+13  6.838783261694884e+13  8.841543137203683e-01  1.401140829257942e+09
6.309573444801934e-03  1.738598584215280e+15  6.838783320677289e+13  6.838783236325750e+13  8.841543137559825e-01  2.228343577380232e+09
1.000000000000000e-02  1.738599018841282e+15  6.838784308378320e+13  6.838784096596188e+13  8.841544432266500e-01  3.528980686232743e+09
1.584893192461114e-02  1.738599045495502e+15  6.838784468439995e+13  6.838783936528107e+13  8.841544434590497e-01  5.583098503647118e+09
2.511886431509581e-02  1.738599112446423e+15  6.838784870505118e+13  6.838783534455352e+13  8.841544440412539e-01  8.888348779795502e+09
3.981071705534975e-02  1.738599280621514e+15  6.838785880439808e+13  6.838782524494342e+13  8.841544455017286e-01  1.408696806980574e+10
6.309573444801936e-02  1.738599703057228e+15  6.838788417310737e+13  6.838779987587062e+13  8.841544491735522e-01  2.234539593817239e+10
1.000000000000001e-01  1.738600764156722e+15  6.838794789615393e+13  6.838773615164702e+13  8.841544583958911e-01  3.525850035473705e+10
1.584893192461115e-01  1.738603429624434e+15  6.838810796571162e+13  6.838757608366852e+13  8.841544815846595e-01  5.588090441106863e+10
2.511886431509582e-01  1.738610124869585e+15  6.838851003742610e+13  6.838717401131028e+13  8.841545398105328e-01  8.856503058799411e+10
3.981071705534975e-01  1.738626942493642e+15  6.838951999143989e+13  6.838616405261754e+13  8.841546860765233e-01  1.403652621797783e+11
6.309573444801937e-01  1.738669186004654e+15  6.839205685484679e+13  6.838362715996739e+13  8.841550534810536e-01  2.224605515771319e+11
1.000000000000001e+00  1.738775294062975e+15  6.839842899943985e+13  6.837725482981584e+13  8.841559764137995e-01  3.525697858917217e+11
1.584893192461115e+00  1.739041807447162e+15  6.841443403855008e+13  6.836124861403584e+13  8.841582950538639e-01  5.587393820475607e+11
2.511886431509582e+00  1.739711145535504e+15  6.845463017763544e+13  6.832104505146468e+13  8.841641214404339e-01  8.853276987762788e+11
3.981071705534977e+00  1.741391730491228e+15  6.855555593836852e+13  6.822007237656761e+13  8.841787706674173e-01  1.402293684126207e+12
6.309573444801939e+00  1.745608628872047e+15  6.880880141224070e+13  6.796652974281666e+13  8.842156572476515e-01  2.219055176239851e+12
1.000000000000001e+01  1.756172010000567e+15  6.944321060484491e+13  6.733022656645863e+13  8.843088919279303e-01  3.503086960896112e+12
1.584893192461115e+01  1.782516905585875e+15  7.102559101979298e+13  6.573555167653243e+13  8.845470752072784e-01  5.493908450983815e+12
2.511886431509583e+01  1.847368802184848e+15  7.492215176733687e+13  6.175431654829687e+13  8.851765722749222e-01  8.443396986940755e+12
3.981071705534978e+01  2.000875050963369e+15  8.415460173274756e+13  5.192633076932381e+13  8.869490798836073e-01  1.225669077291325e+13
6.309573444801942e+01  2.335875813267842e+15  1.043434173881137e+14  2.833565490607811e+13  8.917416679745952e-01  1.614749542103672e+13
1.000000000000002e+02  2.997127157888696e+15  1.442849907166743e+14  -2.568397156498045e+13  9.020948659800740e-01  1.928542040281110e+13
1.584893192461116e+02  4.197338476072339e+15  2.168543217471841e+14  -1.427246730884721e+14  9.186979954379426e-01  2.143260434843989e+13
2.511886431509585e+02  6.254596918405204e+15  3.410880443216296e+14  -3.835027496715396e+14  9.386947132815503e-01  2.273217565906299e+13
3.981071705534980e+02  9.655064049579544e+15  5.458192242853255e+14  -8.578012526408040e+14  9.575377197515355e-01  2.342625026951327e+13
6.309573444801944e+02  1.515648943022105e+16  8.759629809365231e+14  -1.760430000443205e+15  9.722347861647502e-01  2.375923626215862e+13
1.000000000000002e+03  2.395876726462496e+16  1.402927951499307e+15  -3.432944228901871e+15  9.823683601888954e-01  2.391309804546738e+13
1.584893192461117e+03  3.797095872973254e+16  2.240653694098967e+15  -6.468977256717355e+15  9.889209664160976e-01  2.398638346342984e+13
2.511886431509585e+03  6.022626106753828e+16  3.570324168940384e+15  -1.189269814011654e+16  9.930515811894933e-01  2.402286083111758e+13
3.981071705534981e+03  9.553650139929426e+16  5.679365564699290e+15  -2.145962323634379e+16  9.956381068916050e-01  2.404146196753005e+13
6.309573444801947e+03  1.515302647925147e+17  9.023397884988884e+15  -3.816186618352688e+16  9.972579639089271e-01  2.405100467776452e+13
1.000000000000002e+04  2.402994281199562e+17  1.432455090796883e+16  -6.707415695284818e+16  9.982742352125166e-01  2.405588975850016e+13
1.584893192461117e+04  3.810093368121068e+17  2.272733711658140e+16  -1.167664649221221e+17  9.989129312772297e-01  2.405837991811728e+13
2.511886431509586e+04  6.040358534279917e+17  3.604570528554359e+16  -2.016566263242425e+17  9.993148569815076e-01  2.405964418397627e+13
3.981071705534983e+04  9.575221884521702e+17  5.715459287168723e+16  -3.459193244430936e+17  9.995680135791348e-01  2.406028400867748e+13
6.309573444801949e+04  1.517770790782832e+18  9.061049173260654e+16  -5.899671874132275e+17  9.997275625929433e-01  2.406060703848104e+13
1.000000000000003e+05  2.405713394011507e+18  1.436349764195053e+17  -1.001175567918753e+18  9.998281562766146e-01  2.406076983978514e+13
1.584893192461118e+05  3.813014292160677e+18  2.276734904571973e+17  -1.691598021320867e+18  9.998915957245280e-01  2.406085178248465e+13
2.511886431509587e+05  6.043441256287364e+18  3.608658558068124e+17  -2.847181158039663e+18  9.999316105658930e-01  2.406089298681629e+13
3.981071705534984e+05  9.578434030883054e+18  5.719617665805903e+17  -4.775870215676499e+18  9.999568529494599e-01  2.406091369164702e+13
6.309573444801952e+05  1.518102340868555e+19  9.065264286508270e+17  -7.986709055378793e+18  9.999727776284839e-01  2.406092408890996e+13
1.000000000000003e+06  2.406053187451385e+19  1.436775835909904e+18  -1.331973451963573e+19  9.999828245089335e-01  2.406092930845225e+13
3.162277660168380e+01
0.000000000000000e+00  2.592299018156168e+15  8.575469998847102e+13  8.575469998637002e+13  8.925232443291616e-01  2.509041138111691e+08
3.981071705534973e-03  2.592299021162629e+15  8.575470013232420e+13  8.575469984285997e+13  8.925232443545913e-01  1.509197895049400e+09
6.309573444801934e-03  2.592299025721949e+15  8.575470034933345e+13  8.575469962509367e+13  8.925232443781862e-01  2.408618466754632e+09
1.000000000000000e-02  2.592299655434913e+15  8.575471151156709e+13  8.575470969356200e+13  8.925233721570273e-01  3.803493063290527e+09
1.584893192461114e-02  2.592299684257560e+15  8.575471288547428e+13  8.575470831955270e+13  8.925233723173365e-01  6.039810379694773e+09
2.511886431509581e-02  2.592299756656930e+15  8.575471633676998e+13  8.575470486819792e+13  8.925233727198568e-01  9.607231062431139e+09
3.981071705534975e-02  2.592299938517848e+15  8.575472500630402e+13  8.575469619878723e+13  8.925233737331185e-01  1.522786379919798e+10
6.309573444801936e-02  2.592300395332374e+15  8.575474678227353e+13  8.575467442221325e+13  8.925233762648653e-01  2.413411340871904e+10
1.000000000000001e-01  2.592301542803958e+15  8.575480148230084e+13  8.575461972193597e+13  8.925233826390986e-01  3.819966578924834e+10
1.584893192461115e-01  2.592304425156004e+15  8.575493888368658e+13  8.575448232107423e+13  8.925233986515110e-01  6.042859461149638e+10
2.511886431509582e-01  2.592311665247505e+15  8.575528401851075e+13  8.575413718585423e+13  8.925234388692952e-01  9.577268731177040e+10
3.981071705534975e-01  2.592329851478679e+15  8.575615095536133e+13  8.575327024626336e+13  8.925235398923502e-01  1.517887983064417e+11
6.309573444801937e-01  2.592375532869871e+15  8.575832858505083e+13  8.575109259805255e+13  8.925237936692260e-01  2.405663506743768e+11
1.000000000000001e+00  2.592490277089354e+15  8.576379843831092e+13  8.574562262829412e+13  8.925244311421384e-01  3.812611471651535e+11
1.584893192461115e+00  2.592778487357170e+15  8.577753742151000e+13  8.573188290782200e+13  8.925260325773231e-01  6.042340599669547e+11
2.511886431509582e+00  2.593502349140250e+15  8.581204397018180e+13  8.569737169372552e+13  8.925300562977044e-01  9.574769741271429e+11
3.981071705534977e+00  2.595320042263095e+15  8.589869389995122e+13  8.561069230453714e+13  8.925401705201311e-01  1.516822870336437e+12
6.309573444801939e+00  2.599882300398181e+15  8.611618025893869e+13  8.539301954295362e+13  8.925656213090259e-01  2.401299574353100e+12
1.000000000000001e+01  2.611319390053818e+15  8.666140960069648e+13  8.484660552842250e+13  8.926298404245113e-01  3.794915888302745e+12
1.584893192461115e+01  2.639900947939323e+15  8.802404540545897e+13  8.347634705762736e+13  8.927930829337505e-01  5.969786901845638e+12
2.511886431509583e+01  2.710695733473727e+15  9.139988549323003e+13  8.004933153108205e+13  8.932176956932256e-01  9.263911268179922e+12
3.981071705534978e+01  2.881283430198087e+15  9.953941788010758e+13  7.154526521545375e+13  8.943900646253988e-01  1.378601922646020e+13
6.309573444801942e+01  3.265550163981386e+15  1.179018734662157e+14  5.088987511045349e+13  8.976768232770435e-01  1.881272238358381e+13
1.000000000000002e+02  4.049642098328014e+15  1.554473879504232e+14  2.758873296901254e+12  9.054425691610807e-01  2.316059010165616e+13
1.584893192461116e+02  5.508117342051870e+15  2.253793008011486e+14  -1.034661641690445e+14  9.191829225797730e-01  2.626148498625038e+13
2.511886431509585e+02  8.047042924252204e+15  3.470543440265516e+14  -3.255661689438632e+14  9.372306675110755e-01  2.819763250592655e+13
3.981071705534980e+02  1.228305373288735e+16  5.495888740409821e+14  -7.688515050261046e+14  9.554645137568071e-01  2.926968056296817e+13
6.309573444801944e+02  1.917273290508587e+16  8.780380065548675e+14  -1.621176896914592e+15  9.704225771066494e-01  2.980175802806481e+13
1.000000000000002e+03  3.022625395661695e+16  1.403751238680160e+15  -3.213100305772224e+15  9.810647162572305e-01  3.005189446431752e+13
1.584893192461117e+03  4.784502603248046e+16  2.240530788639892e+15  -6.120762247467408e+15  9.880595740400748e-01  3.017104271559499e+13
2.511886431509585e+03  7.584585511054368e+16  3.569456489796298e+15  -1.134053341746386e+16  9.925011562022936e-01  3.022996509916243e+13
3.981071705534981e+03  1.202853169242403e+17  5.677897535104431e+15  -2.058382535660441e+16  9.952903891191801e-01  3.025983506773651e+13
6.309573444801947e+03  1.907664815753474e+17  9.021442714731180e+15  -3.677282493044134e+16  9.970389868651922e-01  3.027509877251672e+13
1.000000000000002e+04  3.025115820219772e+17  1.432220107136276e+16  -6.487142069605739e+16  9.981363835787793e-01  3.028289312449304e+13
1.584893192461117e+04  4.796479392083558e+17  2.272466875244270e+16  -1.132738994431956e+17  9.988261161401343e-01  3.028685981435752e+13
2.511886431509586e+04  7.604161599937682e+17  3.604278080083987e+16  -1.961196504559251e+17  9.992601561139675e-01  3.028887145783044e+13
3.981071705534983e+04  1.205424680421068e+18  5.715146306404723e+16  -3.371420408987725e+17  9.995335330194051e-01  3.028988869048109e+13
6.309573444801949e+04  1.910732369397416e+18  9.060719769683026e+16  -5.760542537273070e+17  9.997058211025645e-01  3.029040195065379e+13
1.000000000000003e+05  3.028583079441244e+18  1.436315512444765e+17  -9.791230905169236e+17  9.998144443271746e-01  3.029066050425136e+13
1.584893192461118e+05  4.800267716132254e+18  2.276699606936433e+17  -1.656645167248262e+18  9.998829465666526e-01  3.029079059456743e+13
2.511886431509587e+05  7.608207129774138e+18  3.608622427057401e+17  -2.791782529598859e+18  9.999261543469111e-01  3.029085599098618e+13
3.981071705534984e+05  1.205849795623885e+19  5.719580871215244e+17  -4.688067174653336e+18  9.999534107315147e-01  3.029088884398127e+13
6.309573444801952e+05  1.911173897640583e+19  9.065226963596919e+17  -7.847548446441819e+18  9.999706059059656e-01  3.029090533994182e+13
1.000000000000003e+06  3.029037693849324e+19  1.436772061577410e+18  -1.309917762307583e+19  9.999814543127599e-01  3.029091362003851e+13
3.981071705534973e+01
0.000000000000000e+00  3.860504636962974e+15  1.063104328142692e+14  1.063104328121425e+14  9.003159108176618e-01  2.679696410997385e+08
3.981071705534973e-03  3.860504640225954e+15  1.063104329385510e+14  1.063104326891210e+14  9.003159108387720e-01  1.609882057178851e+09
6.309573444801934e-03  3.860504645141914e+15  1.063104331240672e+14  1.063104325022103e+14  9.003159108530813e-01  2.599988471215644e+09
1.000000000000000e-02  3.860505561492700e+15  1.063104458331626e+14  1.063104442726546e+14  9.003160373836147e-01  4.114222008362376e+09
1.584893192461114e-02  3.860505592654924e+15  1.063104470123442e+14  1.063104430933320e+14  9.003160374941761e-01  6.532195340129191e+09
2.511886431509581e-02  3.860505670932573e+15  1.063104499745935e+14  1.063104401310087e+14  9.003160377719556e-01  1.038194120788448e+10
3.981071705534975e-02  3.860505867558975e+15  1.063104574156929e+14  1.063104326899890e+14  9.003160384713927e-01  1.645867609718975e+10
6.309573444801936e-02  3.860506361463042e+15  1.063104761062158e+14  1.063104139989936e+14  9.003160402189475e-01  2.608505837815092e+10
1.000000000000001e-01  3.860507602098666e+15  1.063105230555678e+14  1.063103670493381e+14  9.003160446175711e-01  4.129139917235351e+10
1.584893192461115e-01  3.860510718384583e+15  1.063106409858035e+14  1.063102491171503e+14  9.003160556620117e-01  6.533507644821529e+10
2.511886431509582e-01  3.860518546392398e+15  1.063109372202048e+14  1.063099528849742e+14  9.003160834307188e-01  1.035489890141638e+11
3.981071705534975e-01  3.860538209200014e+15  1.063116813195272e+14  1.063092087839484e+14  9.003161531603199e-01  1.641135208335435e+11
6.309573444801937e-01  3.860587599658064e+15  1.063135504016632e+14  1.063073396901888e+14  9.003163283248874e-01  2.601002809357799e+11
1.000000000000001e+00  3.860711661102645e+15  1.063182452576226e+14  1.063026447610856e+14  9.003167683231966e-01  4.122227172685368e+11
1.584893192461115e+00  3.861023278150622e+15  1.063300377833392e+14  1.062908517721478e+14  9.003178736376111e-01  6.533126001580471e+11
2.511886431509582e+00  3.861805953869280e+15  1.063596566175755e+14  1.062612300053557e+14  9.003206506137775e-01  1.035296729193961e+12
3.981071705534977e+00  3.863771499549556e+15  1.064340390525267e+14  1.061868290601193e+14  9.003276296539964e-01  1.640300744058366e+12
6.309573444801939e+00  3.868705900091172e+15  1.066207735532862e+14  1.059999775223180e+14  9.003451828896289e-01  2.597568750485827e+12
1.000000000000001e+01  3.881082607244408e+15  1.070891582470974e+14  1.055308505023491e+14  9.003894198657119e-01  4.108306179156133e+12
1.584893192461115e+01  3.912056401253261e+15  1.082613837898701e+14  1.043538760327269e+14  9.005014904679975e-01  6.476368280693478e+12
2.511886431509583e+01  3.989096219578624e+15  1.111773664598116e+14  1.014066491463812e+14  9.007898159216657e-01  1.011529982238125e+13
3.981071705534978e+01  4.177142332349480e+15  1.182976695890476e+14  9.406643490080673e+13  9.015674378900267e-01  1.534365699416024e+13
6.309573444801942e+01  4.612689554946339e+15  1.348066104860817e+14  7.606975574053831e+13  9.037744205564916e-01  2.165074664758177e+13
1.000000000000002e+02  5.532560653535436e+15  1.697336857890322e+14  3.345645495455514e+13  9.094085894825806e-01  2.755953746997894e+13
1.584893192461116e+02  7.292275872352586e+15  2.366493344368654e+14  -6.236460554240371e+13  9.204228726907766e-01  3.199724835950438e+13
2.511886431509585e+02  1.041235306350258e+16  3.553031964180279e+14  -2.661919229108978e+14  9.362912240307708e-01  3.486224017642422e+13
3.981071705534980e+02  1.567627455667764e+16  5.551520247202876e+14  -6.788259175134116e+14  9.535925120501173e-01  3.650278131598868e+13
6.309573444801944e+02  2.429295769899749e+16  8.814590697210679e+14  -1.481143281364227e+15  9.686159171648843e-01  3.734466336141954e+13
1.000000000000002e+03  3.816405591823950e+16  1.405561204224730e+15  -2.992704998424528e+15  9.797057576710744e-01  3.774849936071803e+13
1.584893192461117e+03  6.031034871705428e+16  2.241121320217451e+15  -5.772172986344612e+15  9.871432016469051e-01  3.794150763433555e+13
2.511886431509585e+03  9.553427168708778e+16  3.569092573460428e+15  -1.078813363533258e+16  9.919104235714543e-01  3.803650770028041e+13
3.981071705534981e+03  1.514587436583252e+17  5.676768450671678e+15  -1.970790321400144e+16  9.949158335172431e-01  3.808441739440928e+13
6.309573444801947e+03  2.401720873327754e+17  9.019695046511820e+15  -3.538374805807740e+16  9.968027527509696e-01  3.810881112907242e+13
1.000000000000002e+04  3.808370835211341e+17  1.431995342019368e+16  -6.266871977698023e+16  9.979875779594860e-01  3.812123911738134e+13
1.584893192461117e+04  6.038275537325581e+17  2.272201819309098e+16  -1.097814260370473e+17  9.987323805822400e-01  3.812755451516478e+13
2.511886431509586e+04  9.572850276271761e+17  3.603980661467862e+16  -1.905828119600092e+17  9.992010900290259e-01  3.813075399332259e+13
3.981071705534983e+04  1.517510566492443e+18  5.714822963559517e+16  -3.283649308514964e+17  9.994963001132670e-01  3.813237069078541e+13
6.309573444801949e+04  2.405434766222274e+18  9.060375703104888e+16  -5.621415223187943e+17  9.996823441909172e-01  3.813318597242259e+13
1.000000000000003e+05  3.812720995211859e+18  1.436279451681184e+17  -9.570708383052385e+17  9.997996380081572e-01  3.813359649638557e+13
1.584893192461118e+05  6.043136276150648e+18  2.276662227409963e+17  -1.621692556597458e+18  9.998736071918256e-01  3.813380298269317e+13
2.511886431509587e+05  9.578119751296008e+18  3.608583997008418e+17  -2.736384159081027e+18  9.999202627567800e-01  3.813390675687834e+13
3.981071705534984e+05  1.518070173034268e+19  5.719541604838100e+17  -4.600264403083440e+18  9.999496938668752e-01  3.813395887882039e+13
6.309573444801952e+05  2.406020431165358e+19  9.065187031863876e+17  -7.708388116125834e+18  9.999682609203707e-01  3.813398504616608e+13
1.000000000000003e+06  3.813327430101256e+19  1.436768015480881e+18  -1.287862101242852e+19  9.999799748082523e-01  3.813399817746691e+13
5.011872336272724e+01
0.000000000000000e+00  5.742708599993539e+15  1.306122515770913e+14  1.306122515749403e+14  9.075666862004216e-01  2.860627520285800e+08
3.981071705534973e-03  5.742708603575361e+15  1.306122516860192e+14  1.306122514695379e+14  9.075666862217254e-01  1.629819124657036e+09
6.309573444801934e-03  5.742708608836863e+15  1.306122518431820e+14  1.306122513091247e+14  9.075666862264846e-01  2.808672825677289e+09
1.000000000000000e-02  5.742709947559990e+15  1.306122664059630e+14  1.306122650689671e+14  9.075668119291733e-01  4.449730159749540e+09
1.584893192461114e-02  5.742709981348507e+15  1.306122674203137e+14  1.306122640568321e+14  9.075668120125768e-01  7.071853904896241e+09
2.511886431509581e-02  5.742710065969836e+15  1.306122699626186e+14  1.306122615144664e+14  9.075668122044684e-01  1.119425874306540e+10
3.981071705534975e-02  5.742710278527273e+15  1.306122763486925e+14  1.306122551283332e+14  9.075668126855964e-01  1.778677918168615e+10
6.309573444801936e-02  5.742710812449325e+15  1.306122923896376e+14  1.306122390870920e+14  9.075668138921025e-01  2.819018149802665e+10
1.000000000000001e-01  5.742712153600824e+15  1.306123326830236e+14  1.306121987933178e+14  9.075668169255783e-01  4.470045760386704e+10
1.584893192461115e-01  5.742715522397512e+15  1.306124338950639e+14  1.306120975799422e+14  9.075668245446971e-01  7.062903545850238e+10
2.511886431509582e-01  5.742723984653254e+15  1.306126881332490e+14  1.306118433434917e+14  9.075668436982672e-01  1.119393709625721e+11
3.981071705534975e-01  5.742745240641251e+15  1.306133267449290e+14  1.306112047307523e+14  9.075668917956735e-01  1.774114963459236e+11
6.309573444801937e-01  5.742798633046393e+15  1.306149308581035e+14  1.306096006102853e+14  9.075670126182156e-01  2.811765941430992e+11
1.000000000000001e+00  5.742932747298725e+15  1.306189601666776e+14  1.306055712557810e+14  9.075673161117176e-01  4.456281889680483e+11
1.584893192461115e+00  5.743269618199478e+15  1.306290810684951e+14  1.305954500627775e+14  9.075680784982414e-01  7.062561501515515e+11
2.511886431509582e+00  5.744115743534594e+15  1.306545019570314e+14  1.305700273301255e+14  9.075699938018081e-01  1.119245042604669e+12
3.981071705534977e+00  5.746240760953100e+15  1.307183458356890e+14  1.305061718144308e+14  9.075748066457033e-01  1.773461642159729e+12
6.309573444801939e+00  5.751576329319180e+15  1.308786479837139e+14  1.303457961268853e+14  9.075869074078103e-01  2.809062506236279e+12
1.000000000000001e+01  5.764964512578964e+15  1.312808878183650e+14  1.299430905232439e+14  9.076173761685760e-01  4.445316395393908e+12
1.584893192461115e+01  5.798503734898342e+15  1.322885818307373e+14  1.289324285892567e+14  9.076943836413313e-01  7.018056381147964e+12
2.511886431509583e+01  5.882161540922361e+15  1.348022898780817e+14  1.263994726101369e+14  9.078910516918133e-01  1.100914748548795e+13
3.981071705534978e+01  6.088187901513346e+15  1.409942717404988e+14  1.200751475653422e+14  9.084105477997130e-01  1.693056987662667e+13
6.309573444801942e+01  6.576396705490628e+15  1.556770505395044e+14  1.044589264406566e+14  9.098734370188822e-01  2.461055489730579e+13
1.000000000000002e+02  7.643128760901459e+15  1.878026345231521e+14  6.695843690733382e+13  9.138349274804569e-01  3.245122468883680e+13
1.584893192461116e+02  9.748587177353224e+15  2.513047306133182e+14  -1.893184519758017e+13  9.223742208545432e-01  3.872270389870467e+13
2.511886431509585e+02  1.356326540100156e+16  3.664162606720814e+14  -2.049663159120689e+14  9.359346975957761e-01  4.293108546499074e+13
3.981071705534980e+02  2.008513442650216e+16  5.630105501816060e+14  -5.873883453050942e+14  9.519945346876114e-01  4.542049284209270e+13
6.309573444801944e+02  3.084399322540509e+16  8.866354993336145e+14  -1.340065241990244e+15  9.668546187667917e-01  4.674021551403919e+13
1.000000000000002e+03  4.823607874150560e+16  1.408678073711326e+15  -2.771554799181783e+15  9.783039350104430e-01  4.738766802851562e+13
1.584893192461117e+03  7.606166578595141e+16  2.242672242065755e+15  -5.423053597257948e+15  9.861731008185529e-01  4.769915435715200e+13
2.511886431509585e+03  1.203628452219430e+17  3.569422545162712e+15  -1.023538012557345e+16  9.912778463718002e-01  4.785204338628730e+13
3.981071705534981e+03  1.907333634772569e+17  5.676124257057507e+15  -1.883176747929086e+16  9.945127776824096e-01  4.792880561490205e+13
6.309573444801947e+03  3.023895249173370e+17  9.018265981690010e+15  -3.399456954842274e+16  9.965480194412989e-01  4.796776098871828e+13
1.000000000000002e+04  4.794544222456751e+17  1.431789134109001e+16  -6.046600675578831e+16  9.978269819386355e-01  4.798756568408433e+13
1.584893192461117e+04  7.601653434196424e+17  2.271944672053536e+16  -1.062890120761839e+17  9.986311827174352e-01  4.799761583346803e+13
2.511886431509586e+04  1.205128015963812e+18  3.603682637695302e+16  -1.850460900127345e+17  9.991373131388424e-01  4.800270265037389e+13
3.981071705534983e+04  1.910399084567734e+18  5.714492218154379e+16  -3.195879828772589e+17  9.994560959162671e-01  4.800527130706716e+13
6.309573444801949e+04  3.028220583930134e+18  9.060018813623747e+16  -5.482289892445340e+17  9.996569935302148e-01  4.800656600863556e+13
1.000000000000003e+05  4.799881943697431e+18  1.436241676813237e+17  -9.350188132914189e+17  9.997836500206456e-01  4.800721769163109e+13
1.584893192461118e+05  7.607802822570487e+18  2.276622790016995e+17  -1.586740196108321e+18  9.998635225267214e-01  4.800754538030261e+13
2.511886431509587e+05  1.205807889846974e+19  3.608543235571412e+17  -2.680986056988060e+18  9.999139010550958e-01  4.800771002945273e+13
3.981071705534984e+05  1.911130818457552e+19  5.719499789537864e+17  -4.512461914459181e+18  9.999456804417127e-01  4.800779271171976e+13
6.309573444801952e+05  3.028993681516513e+19  9.065144378104457e+17  -7.569228080298300e+18  9.999657288419548e-01  4.800783421486902e+13
1.000000000000003e+06  4.800688001088906e+19  1.436763683408160e+18  -1.265806470544044e+19  9.999783772646412e-01  4.800785504059752e+13
6.309573444801935e+01
0.000000000000000e+00  8.533766400199853e+15  1.593119866512159e+14  1.593119866490400e+14  9.143088605076100e-01  3.055052204972693e+08
3.981071705534973e-03  8.533766404541833e+15  1.593119867574287e+14  1.593119865587947e+14  9.143088605537949e-01  -6.003199527149317e+08
6.309573444801934e-03  8.533766409768300e+15  1.593119868800486e+14  1.593119864211331e+14  9.143088605274524e-01  3.024538323386322e+09
1.000000000000000e-02  8.533768373047831e+15  1.593120036668355e+14  1.593120025193698e+14  9.143089858259417e-01  4.828649011051861e+09
1.584893192461114e-02  8.533768409568793e+15  1.593120045372919e+14  1.593120016507875e+14  9.143089858837301e-01  7.643587214055461e+09
2.511886431509581e-02  8.533768501033314e+15  1.593120067189796e+14  1.593119994690100e+14  9.143089860159531e-01  1.210145604614891e+10
3.981071705534975e-02  8.533768730781849e+15  1.593120121992939e+14  1.593119939886328e+14  9.143089863476254e-01  1.921994022927227e+10
6.309573444801936e-02  8.533769307885752e+15  1.593120259655360e+14  1.593119802225487e+14  9.143089871831978e-01  3.046161525181650e+10
1.000000000000001e-01  8.533770757507151e+15  1.593120605437000e+14  1.593119456437098e+14  9.143089892705045e-01  4.827763531136993e+10
1.584893192461115e-01  8.533774398765388e+15  1.593121474007679e+14  1.593118587855993e+14  9.143089945226658e-01  7.634145632081757e+10
2.511886431509582e-01  8.533783545404118e+15  1.593123655797848e+14  1.593116406079244e+14  9.143090077253853e-01  1.209929683416666e+11
3.981071705534975e-01  8.533806520503585e+15  1.593129136164458e+14  1.593110925706040e+14  9.143090408800334e-01  1.917605791577964e+11
6.309573444801937e-01  8.533864231167997e+15  1.593142902181557e+14  1.593097159644845e+14  9.143091241612321e-01  3.039186968333478e+11
1.000000000000001e+00  8.534009192690370e+15  1.593177480586172e+14  1.593062580950154e+14  9.143093333685595e-01  4.816733790521387e+11
1.584893192461115e+00  8.534373312551537e+15  1.593264335956605e+14  1.592975723749179e+14  9.143098588858406e-01  7.633796844655955e+11
2.511886431509582e+00  8.535287895990893e+15  1.593482496313245e+14  1.592757551814391e+14  9.143111790693004e-01  1.209815727006109e+12
3.981071705534977e+00  8.537584945745661e+15  1.594030424193886e+14  1.592209550717553e+14  9.143144961203892e-01  1.917094685730924e+12
6.309573444801939e+00  8.543353107358814e+15  1.595406339275242e+14  1.590833173276904e+14  9.143228339754174e-01  3.037058278757958e+12
1.000000000000001e+01  8.557830890530488e+15  1.598859838451111e+14  1.587376748670220e+14  9.143438144776224e-01  4.808086864532146e+12
1.584893192461115e+01  8.594126284542686e+15  1.607517820125623e+14  1.578700177393548e+14  9.143967517080731e-01  7.598856159848653e+12
2.511886431509583e+01  8.684837045638204e+15  1.629157186976876e+14  1.556941251505933e+14  9.145313001663298e-01  1.195528529244869e+13
3.981071705534978e+01  8.909580868042187e+15  1.682777901579374e+14  1.502519096082852e+14  9.148811327123996e-01  1.855987187535700e+13
6.309573444801942e+01  9.451541362570494e+15  1.812137215442156e+14  1.367448410708061e+14  9.158467343951785e-01  2.764892108072833e+13
1.000000000000002e+02  1.067379520018380e+16  2.104169694520817e+14  1.039262390848544e+14  9.185570700196221e-01  3.777073572149465e+13
1.584893192461116e+02  1.316877448076636e+16  2.701104058231788e+14  2.743014454255100e+13  9.249556836450059e-01  4.648716101248070e+13
2.511886431509585e+02  1.780417203936615e+16  3.811014430881956e+14  -1.413756187861824e+14  9.361940639295814e-01  5.261434682047504e+13
3.981071705534980e+02  2.585564452304934e+16  5.737841836920469e+14  -4.941159413242431e+14  9.507428081706074e-01  5.636179704826959e+13
6.309573444801944e+02  3.926221802685398e+16  8.940810549935845e+14  -1.197607018049264e+15  9.651864712067967e-01  5.841239703631234e+13
1.000000000000002e+03  6.104595980314066e+16  1.413508835364706e+15  -2.549388772477738e+15  9.768769638682711e-01  5.944314452743820e+13
1.584893192461117e+03  9.598879583588472e+16  2.245499514119657e+15  -5.073202998430337e+15  9.851524985093552e-01  5.994387813250951e+13
2.511886431509585e+03  1.516919797133557e+17  3.570690742516856e+15  -9.682118774310566e+15  9.906024024056262e-01  6.018947262465288e+13
3.981071705534981e+03  2.402287587755226e+17  5.676153470529361e+15  -1.795530107144410e+16  9.940796225345794e-01  6.031233866577523e+13
6.309573444801947e+03  3.807521148644280e+17  9.017300043499458e+15  -3.260520172291177e+16  9.962735041265071e-01  6.037450539319555e+13
1.000000000000002e+04  6.036289287540849e+17  1.431612439776221e+16  -5.826321737339569e+16  9.976537096799266e-01  6.040604885780302e+13
1.584893192461117e+04  9.569953459109844e+17  2.271703603210219e+16  -1.027966119671735e+17  9.985219425495938e-01  6.042203584757245e+13
2.511886431509586e+04  1.517148069656847e+18  3.603389956497927e+16  -1.795094538916025e+17  9.990684537924992e-01  6.043012068387755e+13
3.981071705534983e+04  2.405014134506633e+18  5.714158247172056e+16  -3.108111780939027e+17  9.994126844551797e-01  6.043420076334246e+13
6.309573444801949e+04  3.812254006656188e+18  9.059651868099926e+16  -5.343166450444241e+17  9.996296198816201e-01  6.043625635885422e+13
1.000000000000003e+05  6.042632356816604e+18  1.436202352302579e+17  -9.129670135097230e+17  9.997663861353373e-01  6.043729068188298e+13
1.584893192461118e+05  9.577586430783824e+18  2.276581369948057e+17  -1.551788089774189e+18  9.998526331132138e-01  6.043781063758380e+13
2.511886431509587e+05  1.518014501505539e+19  3.608500146950393e+17  -2.625588232050451e+18  9.999070317321388e-01  6.043807183820576e+13
3.981071705534984e+05  2.405962898808850e+19  5.719455373069900e+17  -4.424659721276172e+18  9.999413467933171e-01  6.043820298439668e+13
6.309573444801952e+05  3.813268418066658e+19  9.065098905344900e+17  -7.430068354446793e+18  9.999629947444182e-01  6.043826880578299e+13
1.000000000000003e+06  6.043699064498479e+19  1.436759052137684e+18  -1.243750871998088e+19  9.999766522690980e-01  6.043830183103851e+13
7.943282347242818e+01
0.000000000000000e+00  1.266924572806040e+16  1.931719428721357e+14  1.931719428699328e+14  9.205744857447280e-01  3.268448469494750e+08
3.981071705534973e-03  1.266924573406290e+16  1.931719429880581e+14  1.931719427927338e+14  9.205744857484462e-01  3.043050990223437e+09
6.309573444801934e-03  1.266924573843907e+16  1.931719430696252e+14  1.931719426746048e+14  9.205744857610841e-01  3.229026767359307e+09
1.000000000000000e-02  1.266924862771035e+16  1.931719625193901e+14  1.931719615345462e+14  9.205746110581836e-01  5.219455184302744e+09
1.584893192461114e-02  1.266924866717708e+16  1.931719632662372e+14  1.931719607892070e+14  9.205746110980936e-01  8.260468135844086e+09
2.511886431509581e-02  1.266924876602580e+16  1.931719651383171e+14  1.931719589170007e+14  9.205746111891270e-01  1.307985639605866e+10
3.981071705534975e-02  1.266924901432522e+16  1.931719698410258e+14  1.931719542142320e+14  9.205746114177514e-01  2.076109788746831e+10
6.309573444801936e-02  1.266924963802740e+16  1.931719816539392e+14  1.931719424014112e+14  9.205746119932320e-01  3.291290430393188e+10
1.000000000000001e-01  1.266925120469855e+16  1.931720113258787e+14  1.931719127289482e+14  9.205746134312088e-01  5.216309020379278e+10
1.584893192461115e-01  1.266925514000571e+16  1.931720858593347e+14  1.931718381950945e+14  9.205746170502631e-01  8.259539962199239e+10
2.511886431509582e-01  1.266926502496376e+16  1.931722730777806e+14  1.931716509745414e+14  9.205746261388067e-01  1.307628324620353e+11
3.981071705534975e-01  1.266928985535900e+16  1.931727433567472e+14  1.931711806979106e+14  9.205746489847423e-01  2.072448454729515e+11
6.309573444801937e-01  1.266935222590293e+16  1.931739246346032e+14  1.931699994172992e+14  9.205747063566780e-01  3.284598606598059e+11
1.000000000000001e+00  1.266950889274504e+16  1.931768918536013e+14  1.931670321800753e+14  9.205748504775124e-01  5.205696088407266e+11
1.584893192461115e+00  1.266990241650189e+16  1.931843450666198e+14  1.931595788519592e+14  9.205752124971234e-01  8.250305550854310e+11
2.511886431509582e+00  1.267089086841450e+16  1.932030660324043e+14  1.931408571578186e+14  9.205761219218468e-01  1.307541376751889e+12
3.981071705534977e+00  1.267337352568622e+16  1.932500868087641e+14  1.930938317743709e+14  9.205784067469251e-01  2.072049030288969e+12
6.309573444801939e+00  1.267960828093876e+16  1.933681713968462e+14  1.929757181018883e+14  9.205841489000894e-01  3.282922504379793e+12
1.000000000000001e+01  1.269526043565607e+16  1.936646203537104e+14  1.926790852573539e+14  9.205985910692055e-01  5.198872599081639e+12
1.584893192461115e+01  1.273452074317879e+16  1.944082120631510e+14  1.919343273210598e+14  9.206349868096324e-01  8.222763087309640e+12
2.511886431509583e+01  1.283277836582905e+16  1.962692711591340e+14  1.900658094911105e+14  9.207271863694435e-01  1.296345596287401e+13
3.981071705534978e+01  1.307720851775275e+16  2.008993110046037e+14  1.853867461544112e+14  9.209643375676304e-01  2.025226093587157e+13
6.309573444801942e+01  1.367413211638802e+16  2.122092639790522e+14  1.737320640494177e+14  9.216036814540137e-01  3.074279248528366e+13
1.000000000000002e+02  1.505808578978725e+16  2.384496395104677e+14  1.451496806755661e+14  9.234195124118465e-01  4.342644160087058e+13
1.584893192461116e+02  1.798297901748807e+16  2.939709904479134e+14  7.744996116930316e+13  9.280554712237575e-01  5.528949241510857e+13
2.511886431509585e+02  2.357482721517812e+16  4.002158327546539e+14  -7.478455913768070e+13  9.370711062043563e-01  6.411028327569898e+13
3.981071705534980e+02  3.347164272247204e+16  5.882348649145267e+14  -3.984790800914217e+14  9.499028044601748e-01  6.970606991287432e+13
6.309573444801944e+02  5.013654571150862e+16  9.044374359554500e+14  -1.053343237445939e+15  9.636660704486246e-01  7.286556965672911e+13
1.000000000000002e+03  7.738505847207301e+16  1.420568546597950e+15  -2.325873614826686e+15  9.754486409956675e-01  7.449487529440156e+13
1.584893192461117e+03  1.212364687079732e+17  2.250006015343172e+15  -4.722362880068644e+15  9.840872273295734e-01  7.529648015678687e+13
2.511886431509585e+03  1.912532716825474e+17  3.573210096908083e+15  -9.128150473446506e+15  9.898838333430930e-01  7.569022223449817e+13
3.981071705534981e+03  3.026278612475979e+17  5.677098581198723e+15  -1.707835160034946e+16  9.936149086611691e-01  7.588668621047894e+13
6.309573444801947e+03  4.794672903576244e+17  9.016984206592018e+15  -3.121552926662941e+16  9.959779024549743e-01  7.598583134942395e+13
1.000000000000002e+04  7.599975036592977e+17  1.431479547859832e+16  -5.606026583238444e+16  9.974668288387778e-01  7.603604779556775e+13
1.584893192461117e+04  1.204815513476681e+18  2.271489389217666e+16  -9.930416343137070e+16  9.984040410214255e-01  7.606146934349633e+13
2.511886431509586e+04  1.909970962411770e+18  3.603110594472561e+16  -1.739728600516500e+17  9.989941128332339e-01  7.607431542077495e+13
3.981071705534983e+04  3.027700188364988e+18  5.713826796426202e+16  -3.020344878702365e+17  9.993658115630546e-01  7.608079475094541e+13
6.309573444801949e+04  4.799287990903227e+18  9.059278836143525e+16  -5.204044729537628e+17  9.996000622834661e-01  7.608405779825755e+13
1.000000000000003e+05  7.607150282773990e+18  1.436161733767195e+17  -8.909154316333366e+17  9.997477446571154e-01  7.608569917454977e+13
1.584893192461118e+05  1.205737972490877e+19  2.276538110396992e+17  -1.516836237772218e+18  9.998408747636431e-01  7.608652409990527e+13
2.511886431509587e+05  1.911057190930928e+19  3.608454784946314e+17  -2.570190690410299e+18  9.998996142891570e-01  7.608693842496966e+13
3.981071705534984e+05  3.028917103236352e+19  5.719408338178040e+17  -4.336857834417260e+18  9.999366673722661e-01  7.608714642259881e+13
6.309573444801952e+05  4.800609076665975e+19  9.065050539859039e+17  -7.290908953221667e+18  9.999600425097509e-01  7.608725080278030e+13
1.000000000000003e+06  7.608554334909453e+19  1.436754109787662e+18  -1.221695307369301e+19  9.999747896514577e-01  7.608730316973527e+13
1.000000000000000e+02
0.000000000000000e+00  1.879225800874606e+16  2.330834103876503e+14  2.330834103851474e+14  9.263942655992098e-01  3.491147400576907e+08
3.981071705534973e-03  1.879225801523844e+16  2.330834104867829e+14  2.330834103191848e+14  9.263942655955628e-01  3.292704605131551e+09
6.309573444801934e-03  1.879225802012598e+16  2.330834105601299e+14  2.330834102178227e+14  9.263942656093094e-01  3.236688864773379e+09
1.000000000000000e-02  1.879226228606066e+16  2.330834331981132e+14  2.330834323527095e+14  9.263943912971455e-01  5.602486463004522e+09
1.584893192461114e-02  1.879226232869944e+16  2.330834338387222e+14  2.330834317131640e+14  9.263943913244572e-01  8.925679055358252e+09
2.511886431509581e-02  1.879226243551614e+16  2.330834354450105e+14  2.330834301067000e+14  9.263943913870697e-01  1.413562944598618e+10
3.981071705534975e-02  1.879226270383512e+16  2.330834394801876e+14  2.330834260714452e+14  9.263943915444648e-01  2.243000785820782e+10
6.309573444801936e-02  1.879226337782691e+16  2.330834496162636e+14  2.330834159353437e+14  9.263943919398143e-01  3.555849386399977e+10
1.000000000000001e-01  1.879226507081401e+16  2.330834750766711e+14  2.330833904746091e+14  9.263943929307226e-01  5.635639534210786e+10
1.584893192461115e-01  1.879226932340798e+16  2.330835390307210e+14  2.330833265201375e+14  9.263943954221572e-01  8.934386377899292e+10
2.511886431509582e-01  1.879228000539406e+16  2.330836996756025e+14  2.330831658737819e+14  9.263944016800012e-01  1.413062565312022e+11
3.981071705534975e-01  1.879230683778117e+16  2.330841032027432e+14  2.330827623484676e+14  9.263944174088119e-01  2.239550897743640e+11
6.309573444801937e-01  1.879237423715741e+16  2.330851168102316e+14  2.330817487392572e+14  9.263944569085776e-01  3.549440353704081e+11
1.000000000000001e+00  1.879254353603853e+16  2.330876628665324e+14  2.330792026715076e+14  9.263945561331189e-01  5.625450720120378e+11
1.584893192461115e+00  1.879296879119840e+16  2.330940582052797e+14  2.330728072603843e+14  9.263948053750773e-01  8.915606484328993e+11
2.511886431509582e+00  1.879403695608450e+16  2.331101221551117e+14  2.330567428522178e+14  9.263954314795946e-01  1.412988242028706e+12
3.981071705534977e+00  1.879671988937980e+16  2.331504703516156e+14  2.330163917558029e+14  9.263970044098994e-01  2.239239321463369e+12
6.309573444801939e+00  1.880345800639513e+16  2.332518039130139e+14  2.329150398914698e+14  9.264009569161183e-01  3.548120851834795e+12
1.000000000000001e+01  1.882037639454594e+16  2.335062378411056e+14  2.326604903024566e+14  9.264108945139934e-01  5.620063497277859e+12
1.584893192461115e+01  1.886282912641109e+16  2.341446849546302e+14  2.320213106838890e+14  9.264359162779333e-01  8.893868608682145e+12
2.511886431509583e+01  1.896918262216578e+16  2.357441670778848e+14  2.304171617645903e+14  9.264991547046497e-01  1.404192186948147e+13
3.981071705534978e+01  1.923448799710841e+16  2.397343782944790e+14  2.263967012628140e+14  9.266606406539807e-01  2.203056573735004e+13
6.309573444801942e+01  1.988806049711959e+16  2.495656717567772e+14  2.163577016269328e+14  9.270870693149994e-01  3.389596021394094e+13
1.000000000000002e+02  2.143797050746551e+16  2.728908435954787e+14  1.915645620239851e+14  9.282882159285853e-01  4.931799837928923e+13
1.584893192461116e+02  2.482723954187691e+16  3.239440562430998e+14  1.320096218079506e+14  9.315426481762521e-01  6.506477935867961e+13
2.511886431509585e+02  3.151574852207785e+16  4.247901781939894e+14  -4.411112186341344e+12  9.385337690486522e-01  7.758054655718334e+13
3.981071705534980e+02  4.361753187263167e+16  6.072951715509044e+14  -2.998171354894530e+14  9.495263026927628e-01  8.586236831577711e+13
6.309573444801944e+02  6.427085458968087e+16  9.185023577488779e+14  -9.067371622141559e+14  9.623523985647794e-01  9.069068337767230e+13
1.000000000000002e+03  9.829979290220294e+16  1.430506394911707e+15  -2.100585158493122e+15  9.740493877674388e-01  9.324762660603317e+13
1.584893192461117e+03  1.532852194350991e+17  2.256703798938708e+15  -4.370202606372235e+15  9.829864345325169e-01  9.452513510562900e+13
2.511886431509585e+03  2.412573035564077e+17  3.577380183697406e+15  -8.573219091679078e+15  9.891229662632819e-01  9.515503220309322e+13
3.981071705534981e+03  3.813319208463531e+17  5.679270417515749e+15  -1.620072182908706e+16  9.931174217996860e-01  9.546885984405825e+13
6.309573444801947e+03  6.038499779689423e+17  9.017559288013684e+15  -2.982540167782742e+16  9.956599171488619e-01  9.562688251375552e+13
1.000000000000002e+04  9.569291687145837e+17  1.431408982223143e+16  -5.385703882759170e+16  9.972653662411863e-01  9.570679116090031e+13
1.584893192461117e+04  1.516852120942459e+18  2.271316127578752e+16  -9.581158279387704e+16  9.982768197766455e-01  9.574720157496827e+13
2.511886431509586e+04  2.404534633725338e+18  3.602855121598182e+16  -1.684362484158975e+17  9.989138622854724e-01  9.576760753775330e+13
3.981071705534983e+04  3.811628069021073e+18  5.713505625796658e+16  -2.932578709132172e+17  9.993152036972993e-01  9.577789484875938e+13
6.309573444801949e+04  6.041889715791617e+18  9.058905240441042e+16  -5.064924466240074e+17  9.995681471981676e-01  9.578307373782069e+13
1.000000000000003e+05  9.576750856694880e+18  1.436120195466281e+17  -8.688640531987944e+17  9.997276158543852e-01  9.578567809644728e+13
1.584893192461118e+05  1.517923548046958e+19  2.276493244045472e+17  -1.481884635088083e+18  9.998281781910295e-01  9.578698671728823e+13
2.511886431509587e+05  2.405866061815558e+19  3.608407269674900e+17  -2.514793434564101e+18  9.998916050022608e-01  9.578764387081212e+13
3.981071705534984e+05  3.813166902280778e+19  5.719358715497151e+17  -4.249056262348090e+18  9.999316145921781e-01  9.578797372809725e+13
6.309573444801952e+05  6.043593828900759e+19  9.064999241157103e+17  -7.151749889831887e+18  9.999568547339587e-01  9.578813924392891e+13
1.000000000000003e+06  9.578586578913400e+19  1.436748846658676e+18  -1.199639778355455e+19  9.999727784317589e-01  9.578822227535955e+13
1.258925411794167e+02
0.000000000000000e+00  2.785191692847710e+16  2.800882621046732e+14  2.800882621021588e+14  9.317974828683814e-01  3.773471296855291e+08
3.981071705534973e-03  2.785191693550089e+16  2.800882621896883e+14  2.800882620458881e+14  9.317974828652099e-01  3.562439854256322e+09
6.309573444801934e-03  2.785191694271458e+16  2.800882622781818e+14  2.800882619589179e+14  9.317974829139999e-01  -5.364662282954543e+09
1.000000000000000e-02  2.785192325950748e+16  2.800882887197147e+14  2.800882879910063e+14  9.317976093525363e-01  8.948349023850920e+09
1.584893192461114e-02  2.785192330527360e+16  2.800882892661877e+14  2.800882874422677e+14  9.317976093656770e-01  9.626411202708948e+09
2.511886431509581e-02  2.785192342068744e+16  2.800882906443078e+14  2.800882860638985e+14  9.317976094086576e-01  1.527494484912300e+10
3.981071705534975e-02  2.785192371061329e+16  2.800882941065292e+14  2.800882826015924e+14  9.317976095170188e-01  2.420835747845580e+10
6.309573444801936e-02  2.785192443887622e+16  2.800883028033995e+14  2.800882739046726e+14  9.317976097889805e-01  3.841389553312704e+10
1.000000000000001e-01  2.785192626819035e+16  2.800883246492456e+14  2.800882520589985e+14  9.317976104739609e-01  6.088194903604691e+10
1.584893192461115e-01  2.785193086322452e+16  2.800883795223505e+14  2.800881971851477e+14  9.317976121852397e-01  9.649028321152757e+10
2.511886431509582e-01  2.785194240538180e+16  2.800885173580998e+14  2.800880593482758e+14  9.317976164913391e-01  1.526850991334184e+11
3.981071705534975e-01  2.785197139839764e+16  2.800888635900289e+14  2.800877131177613e+14  9.317976273140615e-01  2.419894003312375e+11
6.309573444801937e-01  2.785204422507684e+16  2.800897332803385e+14  2.800868434263774e+14  9.317976544936192e-01  3.835266880727653e+11
1.000000000000001e+00  2.785222715687149e+16  2.800919178370818e+14  2.800846588625774e+14  9.317977227660030e-01  6.078461924361406e+11
1.584893192461115e+00  2.785268665727624e+16  2.800974051538064e+14  2.800791715002068e+14  9.317978942694580e-01  9.633608239230900e+11
2.511886431509582e+00  2.785384084809811e+16  2.801111884093855e+14  2.800653879561832e+14  9.317983250774188e-01  1.526782262147486e+12
3.981071705534977e+00  2.785673990546468e+16  2.801458087337885e+14  2.800307658083457e+14  9.317994073356617e-01  2.419651426633587e+12
6.309573444801939e+00  2.786402113086993e+16  2.802327606453169e+14  2.799438023723024e+14  9.318021265834080e-01  3.834228292113518e+12
1.000000000000001e+01  2.788230520338224e+16  2.804511082428237e+14  2.797253819909927e+14  9.318089617584111e-01  6.074207275953876e+12
1.584893192461115e+01  2.792819765497029e+16  2.809991565371559e+14  2.791768731998417e+14  9.318261609623759e-01  9.616434423029262e+12
2.511886431509583e+01  2.804325124010566e+16  2.823731449257485e+14  2.777999589015600e+14  9.318695565910086e-01  1.519860790240122e+13
3.981071705534978e+01  2.833081409207607e+16  2.858073772418381e+14  2.743469145914802e+14  9.319798477622295e-01  2.391405701845787e+13
6.309573444801942e+01  2.904340410718853e+16  2.943183025172173e+14  2.657100246168961e+14  9.322665562672485e-01  3.713570651943066e+13
1.000000000000002e+02  3.076269416076387e+16  3.148588612791754e+14  2.442715329351641e+14  9.330579328848312e-01  5.536178820634634e+13
1.584893192461116e+02  3.464317369323290e+16  3.612511075579001e+14  1.921692232149136e+14  9.352806909660472e-01  7.568157591914689e+13
2.511886431509585e+02  4.256590671471134e+16  4.560535886792230e+14  7.070253173331344e+13  9.405177366817714e-01  9.311900372442662e+13
3.981071705534980e+02  5.727186829519790e+16  6.321008181601837e+14  -1.973094890929794e+14  9.496446262115317e-01  1.052485147744345e+14
6.309573444801944e+02  8.277547621621861e+16  9.372628960138758e+14  -7.571141649156825e+14  9.613050334482721e-01  1.125663707958919e+14
1.000000000000002e+03  1.251872718158404e+17  1.444137203444824e+15  -1.872985445352767e+15  9.727162885784986e-01  1.165499235399109e+14
1.584893192461117e+03  1.940620645959033e+17  2.266241694600330e+15  -4.016300386893556e+15  9.818633335077916e-01  1.185760069317300e+14
2.511886431509585e+03  3.045363734512342e+17  3.583709830119498e+15  -8.016996340275814e+15  9.883221148093239e-01  1.195812967100623e+14
3.981071705534981e+03  4.806611344983011e+17  5.683066220177584e+15  -1.532215764677198e+16  9.925863356244136e-01  1.200820430538288e+14
6.309573444801947e+03  7.606207436992934e+17  9.019334306652910e+15  -2.843462373481875e+16  9.953182994027052e-01  1.203337547313678e+14
1.000000000000002e+04  1.204982355530500e+18  1.431424640722303e+16  -5.165338800109460e+16  9.970483174349623e-01  1.204608598796941e+14
1.584893192461117e+04  1.909772933643082e+18  2.271202139169048e+16  -9.231875902194222e+16  9.981395819808737e-01  1.205250771662245e+14
2.511886431509586e+04  3.027210811655229e+18  3.602637414997499e+16  -1.628995376743174e+17  9.988272442718057e-01  1.205574843581611e+14
3.981071705534983e+04  4.798566252201856e+18  5.713205072850831e+16  -2.844812695699143e+17  9.992605667673554e-01  1.205738146223072e+14
6.309573444801949e+04  7.606243406679474e+18  9.058538600898262e+16  -4.925805272223933e+17  9.995336876232835e-01  1.205820329892392e+14
1.000000000000003e+05  1.205632544775110e+19  1.436078265212128e+17  -8.468128543397133e+17  9.997058813528175e-01  1.205861648072845e+14
1.584893192461118e+05  1.910940034044044e+19  2.276447120420112e+17  -1.446933269753698e+18  9.998144686127491e-01  1.205882405331491e+14
2.511886431509587e+05  3.028790616895676e+19  3.608357808918648e+17  -2.459396462000945e+18  9.998829566681990e-01  1.205892827466131e+14
3.981071705534984e+05  4.800475171889824e+19  5.719306600142825e+17  -4.161255010073487e+18  9.999261586682747e-01  1.205898058211789e+14
6.309573444801952e+05  7.608414532629353e+19  9.064945014814790e+17  -7.012591175254479e+18  9.999534126253683e-01  1.205900682644370e+14
1.000000000000003e+06  1.205870532456464e+20  1.436743256195227e+18  -1.177584286528786e+19  9.999706067545102e-01  1.205901999096103e+14
1.584893192461114e+02
0.000000000000000e+00  4.124834987269027e+16  3.354041509934411e+14  3.354041509909104e+14  9.368119584085777e-01  4.124147294337917e+08
3.981071705534973e-03  4.124834988029247e+16  3.354041510663859e+14  3.354041509430110e+14  9.368119584058165e-01  3.853570980674754e+09
6.309573444801934e-03  4.124834989188939e+16  3.354041511783138e+14  3.354041508683924e+14  9.368119584058165e-01  6.107255516314997e+09
1.000000000000000e-02  4.124835927233728e+16  3.354041821789631e+14  3.354041815522452e+14  9.368120860554011e-01  9.679544893989853e+09
1.584893192461114e-02  4.124835932168826e+16  3.354041826465528e+14  3.354041810814412e+14  9.368120860629298e-01  1.039110797000023e+10
2.511886431509581e-02  4.124835944637654e+16  3.354041838287918e+14  3.354041798988354e+14  9.368120860923678e-01  1.650394309757197e+10
3.981071705534975e-02  4.124835975961991e+16  3.354041867992416e+14  3.354041769282647e+14  9.368120861668597e-01  2.615598160702219e+10
6.309573444801936e-02  4.124836054645819e+16  3.354041942609368e+14  3.354041694665290e+14  9.368120863540386e-01  4.149175011358427e+10
1.000000000000001e-01  4.124836252290999e+16  3.354042130040716e+14  3.354041507234962e+14  9.368120868249664e-01  6.576672587937668e+10
1.584893192461115e-01  4.124836748753616e+16  3.354042600838634e+14  3.354041036431284e+14  9.368120880018794e-01  1.042327092324070e+11
2.511886431509582e-01  4.124837995812321e+16  3.354043783439041e+14  3.354039853825960e+14  9.368120909636865e-01  1.650836558496436e+11
3.981071705534975e-01  4.124841128267159e+16  3.354046753986455e+14  3.354036883256050e+14  9.368120984024602e-01  2.614537135467345e+11
6.309573444801937e-01  4.124848996737214e+16  3.354054215741700e+14  3.354029421523962e+14  9.368121170982032e-01  4.143756734295125e+11
1.000000000000001e+00  4.124868761303218e+16  3.354072958707267e+14  3.354010678514166e+14  9.368121640504538e-01  6.567390531649846e+11
1.584893192461115e+00  4.124918407371929e+16  3.354120038645282e+14  3.353963598289070e+14  9.368122819959802e-01  1.040852975101968e+12
2.511886431509582e+00  4.125043110913938e+16  3.354238296460075e+14  3.353845338658808e+14  9.368125782659421e-01  1.649607771207634e+12
3.981071705534977e+00  4.125356341041410e+16  3.354535336279528e+14  3.353548287358222e+14  9.368133225222245e-01  2.614348497216947e+12
6.309573444801939e+00  4.126143070012014e+16  3.355281401002209e+14  3.352802150063142e+14  9.368151923800188e-01  4.142939580428935e+12
1.000000000000001e+01  4.128118805104521e+16  3.357155017092459e+14  3.350928075768479e+14  9.368198916432462e-01  6.564029866359484e+12
1.584893192461115e+01  4.133078852299528e+16  3.361858710953360e+14  3.346221484968246e+14  9.368317107895446e-01  1.039495226071940e+13
2.511886431509583e+01  4.145520314816219e+16  3.373657246237519e+14  3.334404578344916e+14  9.368614959951522e-01  1.644144323458585e+13
3.981071705534978e+01  4.176658975535163e+16  3.403187382453638e+14  3.304756968873389e+14  9.369369476118071e-01  2.592187448060530e+13
6.309573444801942e+01  4.254129205659304e+16  3.476659883565591e+14  3.230512904933032e+14  9.371310038365744e-01  4.050339536483867e+13
1.000000000000002e+02  4.443383850273957e+16  3.656179815510536e+14  3.045571114479201e+14  9.376541188452903e-01  6.151500888677256e+13
1.584893192461116e+02  4.882463209709512e+16  4.072873213664022e+14  2.591931133435019e+14  9.391406684019460e-01  8.695703598523442e+13
2.511886431509585e+02  5.810816516482049e+16  4.954567844040763e+14  1.517226986531097e+14  9.429324816938277e-01  1.107185195982465e+14
3.981071705534980e+02  7.584724878391786e+16  6.640266601362719e+14  -8.994118034124137e+13  9.502633224712393e-01  1.282568397151184e+14
6.309573444801944e+02  1.072022722138217e+17  9.619347043741565e+14  -6.036295657865982e+14  9.605790784357496e-01  1.392511550809105e+14
1.000000000000002e+03  1.599326791598232e+17  1.462479374110047e+15  -1.642394479444216e+15  9.714923563076959e-01  1.454112807688302e+14
1.584893192461117e+03  2.460937819184184e+17  2.279439104119074e+15  -3.660119663855320e+15  9.807359065927276e-01  1.486077827624487e+14
2.511886431509585e+03  3.847353551865508e+17  3.592845319173670e+15  -7.459062760629105e+15  9.874855680255941e-01  1.502078232380978e+14
3.981071705534981e+03  6.061160603711809e+17  5.688992352150936e+15  -1.444233291551180e+16  9.920214010258714e-01  1.510058449784584e+14
6.309573444801947e+03  9.582880839718264e+17  9.022704570500972e+15  -2.704294346808660e+16  9.949519072928444e-01  1.514065395849990e+14
1.000000000000002e+04  1.517486033393038e+18  1.431557231621825e+16  -4.944912041251956e+16  9.968146615913804e-01  1.516086360184762e+14
1.584893192461117e+04  2.404589262143857e+18  2.271171107245721e+16  -8.882554618704645e+16  9.979915946630942e-01  1.517106561337429e+14
2.511886431509586e+04  3.811220320892771e+18  3.602475560772727e+16  -1.573626193323160e+17  9.987337703008008e-01  1.517621116047852e+14
3.981071705534983e+04  6.041113307476182e+18  5.712938765730320e+16  -2.757046051385278e+17  9.992015850114105e-01  1.517880302109307e+14
6.309573444801949e+04  9.575680776510349e+18  9.058188997130438e+16  -4.786686597471229e+17  9.994964821760796e-01  1.518010701886856e+14
1.000000000000003e+05  1.517793162600487e+19  1.436036668656072e+17  -8.247617989003092e+17  9.996824134944037e-01  1.518076246239327e+14
1.584893192461118e+05  2.405717076632051e+19  2.276400240667650e+17  -1.411982120595223e+18  9.997996653269601e-01  1.518109168398844e+14
2.511886431509587e+05  3.813003124279724e+19  3.608306725342580e+17  -2.403999763454712e+18  9.998736183313122e-01  1.518125696208772e+14
3.981071705534984e+05  6.043418289164263e+19  5.719252172917213e+17  -4.073454077790261e+18  9.999202674433035e-01  1.518133990417663e+14
6.309573444801952e+05  9.578401689449741e+19  9.064887928894084e+17  -6.873432817205523e+18  9.999496958941022e-01  1.518138151527688e+14
1.000000000000003e+06  1.518098361983946e+20  1.436737336245022e+18  -1.155528833258337e+19  9.999682618184658e-01  1.518140238653029e+14
1.995262314968880e+02
0.000000000000000e+00  6.104621761142865e+16  4.004539057504737e+14  4.004539057479218e+14  9.414640358260203e-01  4.582730038240954e+08
3.981071705534973e-03  6.104621761966347e+16  4.004539058131139e+14  4.004539057072688e+14  9.414640358236136e-01  4.167517366910016e+09
6.309573444801934e-03  6.104621763220619e+16  4.004539059091416e+14  4.004539056432502e+14  9.414640358236134e-01  6.605457694494112e+09
1.000000000000000e-02  6.104623160803253e+16  4.004539424364518e+14  4.004539418940944e+14  9.414641650161161e-01  1.046904724115114e+10
1.584893192461114e-02  6.104623166046510e+16  4.004539428305742e+14  4.004539414901736e+14  9.414641650138974e-01  1.123722625804988e+10
2.511886431509581e-02  6.104623179557643e+16  4.004539438473367e+14  4.004539404755688e+14  9.414641650368709e-01  1.783755466873921e+10
3.981071705534975e-02  6.104623213398630e+16  4.004539463957468e+14  4.004539379269986e+14  9.414641650880486e-01  2.825820277722298e+10
6.309573444801936e-02  6.104623298404815e+16  4.004539527974026e+14  4.004539315252799e+14  9.414641652166760e-01  4.481314661634925e+10
1.000000000000001e-01  6.104623511931580e+16  4.004539688777738e+14  4.004539154448901e+14  9.414641655397104e-01  7.103944798590385e+10
1.584893192461115e-01  6.104624048285436e+16  4.004540092695261e+14  4.004538750527785e+14  9.414641663493858e-01  1.125898584915700e+11
2.511886431509582e-01  6.104625395546389e+16  4.004541107294592e+14  4.004537735923846e+14  9.414641683851385e-01  1.784706051711096e+11
3.981071705534975e-01  6.104628779703808e+16  4.004543655848282e+14  4.004535187354200e+14  9.414641734985506e-01  2.824623412322985e+11
6.309573444801937e-01  6.104637280413338e+16  4.004550057582771e+14  4.004528785638046e+14  9.414641863491442e-01  4.476722365306710e+11
1.000000000000001e+00  6.104658633108057e+16  4.004566137930311e+14  4.004512705262791e+14  9.414642186224241e-01  7.095110233003101e+11
1.584893192461115e+00  6.104712268433040e+16  4.004606529772994e+14  4.004472313241130e+14  9.414642996899534e-01  1.124492606652031e+12
2.511886431509582e+00  6.104846992895250e+16  4.004707988454461e+14  4.004370853415412e+14  9.414645033359653e-01  1.782174502616797e+12
3.981071705534977e+00  6.105185396717721e+16  4.004962834604162e+14  4.004116000035553e+14  9.414650148930747e-01  2.824467264895076e+12
6.309573444801939e+00  6.106035373564054e+16  4.005602937884403e+14  4.003475851043871e+14  9.414663000530025e-01  4.476080090753867e+12
1.000000000000001e+01  6.108170071203439e+16  4.007210544073948e+14  4.001867956301602e+14  9.414695294382084e-01  7.092455353092796e+12
1.584893192461115e+01  6.113529991580382e+16  4.011247021287437e+14  3.997829655690206e+14  9.414776489219758e-01  1.123418645727506e+13
2.511886431509583e+01  6.126979576876978e+16  4.021375757407594e+14  3.987689372058618e+14  9.414980927974524e-01  1.777856611890310e+13
3.981071705534978e+01  6.160674551576236e+16  4.046751405323200e+14  3.962240163671456e+14  9.415497608928783e-01  2.807032148756323e+13
6.309573444801942e+01  6.244734153740155e+16  4.110058790381191e+14  3.898456155499054e+14  9.416816963794306e-01  4.404422054499782e+13
1.000000000000002e+02  6.451855670692326e+16  4.266063509980298e+14  3.739181861329406e+14  9.420300654775203e-01  6.778784410881999e+13
1.584893192461116e+02  6.943287544548095e+16  4.636328273212880e+14  3.345775740337032e+14  9.430117114768793e-01  9.869281398062588e+13
2.511886431509585e+02  8.018488861960435e+16  5.446924398425272e+14  2.400602955132087e+14  9.456709404920417e-01  1.302451887987860e+14
3.981071705534980e+02  1.013994088982197e+17  7.047248875864326e+14  2.353722274477369e+13  9.513595872329441e-01  1.552049046670528e+14
6.309573444801944e+02  1.397452077363801e+17  9.940074779736241e+14  -4.452298606701360e+14  9.602192906444735e-01  1.715614420193003e+14
1.000000000000002e+03  2.051086982522262e+17  1.486800225294305e+15  -1.407955563935619e+15  9.704247688981125e-01  1.810143671152316e+14
1.584893192461117e+03  3.127218764593097e+17  2.297327509324808e+15  -3.300979844022110e+15  9.796274256529741e-01  1.860290084820197e+14
2.511886431509585e+03  4.865697100207170e+17  3.605605482090873e+15  -6.898883851028176e+15  9.866201480753165e-01  1.885677878436848e+14
3.981071705534981e+03  7.647208052518063e+17  5.697692787590212e+15  -1.356083039758158e+16  9.914231915314498e-01  1.898377582382540e+14
6.309573444801947e+03  1.207640808537022e+18  9.028174439485542e+15  -2.565003699525935e+16  9.945597864609412e-01  1.904751843491017e+14
1.000000000000002e+04  1.911280021875198e+18  1.431846084016636e+16  -4.724398651047222e+16  9.965633837097501e-01  1.907963866343732e+14
1.584893192461117e+04  3.027798388285851e+18  2.271253514436627e+16  -8.533175394076146e+16  9.978320932239214e-01  1.909584180503960e+14
2.511886431509586e+04  4.798420134278630e+18  3.602392992768226e+16  -1.518253501826273e+17  9.986329211203909e-01  1.910401013688851e+14
3.981071705534983e+04  7.605512447161474e+18  5.712724524177598e+16  -2.669277719293425e+17  9.991379199782072e-01  1.910812317782807e+14
6.309573444801949e+04  1.205512869610056e+19  9.057869780195270e+16  -4.647567683523969e+17  9.994563141657410e-01  1.911019196602258e+14
1.000000000000003e+05  1.910783285495176e+19  1.435996385402686e+17  -8.027108347654637e+17  9.996570746644263e-01  1.911123161794288e+14
1.584893192461118e+05  3.028604375175666e+19  2.276353301695221e+17  -1.377031154361942e+18  9.997836812610448e-01  1.911175374134429e+14
2.511886431509587e+05  4.800265475723568e+19  3.608254491117507e+17  -2.348603320667725e+18  9.998635349904135e-01  1.911201582894987e+14
3.981071705534984e+05  7.608186189267881e+19  5.719195727369723e+17  -3.985653459155203e+18  9.999139062001313e-01  1.911214734037742e+14
6.309573444801952e+05  1.205846215891131e+20  9.064828134996576e+17  -6.734274818808880e+18  9.999456826331388e-01  1.911221331298764e+14
1.000000000000003e+06  1.911169137622135e+20  1.436731090689030e+18  -1.133473419608678e+19  9.999657298015195e-01  1.911224640139429e+14
2.511886431509581e+02
0.000000000000000e+00  9.028902834630272e+16  4.768998146397764e+14  4.768998146386442e+14  9.457785624518151e-01  7.273869043033016e+08
3.981071705534973e-03  9.028902835543741e+16  4.768998146950842e+14  4.768998146042817e+14  9.457785624509919e-01  4.506697220223799e+09
6.309573444801934e-03  9.028902836900141e+16  4.768998147774682e+14  4.768998145493589e+14  9.457785624509921e-01  7.143861007157454e+09
1.000000000000000e-02  9.028903214089662e+16  4.769056986694471e+14  4.769056979415362e+14  9.457785845361779e-01  5.129446391633057e+10
1.584893192461114e-02  9.028903221504803e+16  4.769056989479633e+14  4.769056976981511e+14  9.457785853698883e-01  3.948090719116846e+10
2.511886431509581e-02  9.028903237292968e+16  4.769056998141648e+14  4.769056968762506e+14  9.457785858265068e-01  2.592157501018570e+10
3.981071705534975e-02  9.028903274442986e+16  4.769057019965886e+14  4.769056947126507e+14  9.457785860872940e-01  3.318095781379311e+10
6.309573444801936e-02  9.028903366539968e+16  4.769057074801991e+14  4.769056892313079e+14  9.457785862704666e-01  4.912384925535725e+10
1.000000000000001e-01  9.028903597407136e+16  4.769057212621171e+14  4.769056754408582e+14  9.457785864828249e-01  7.678630681110904e+10
1.584893192461115e-01  9.028904177016749e+16  4.769057558796787e+14  4.769056407904886e+14  9.457785868864261e-01  1.213753435797554e+11
2.511886431509582e-01  9.028905632719293e+16  4.769058428306085e+14  4.769055537478392e+14  9.457785878321491e-01  1.922520923580320e+11
3.981071705534975e-01  9.028909289295298e+16  4.769060612470343e+14  4.769053351043153e+14  9.457785901716136e-01  3.048158201904350e+11
6.309573444801937e-01  9.028918474100877e+16  4.769066098802838e+14  4.769047858956266e+14  9.457785960296013e-01  4.829933778549495e+11
1.000000000000001e+00  9.028941545129690e+16  4.769079879758526e+14  4.769034063458144e+14  9.457786107344053e-01  7.654893473906559e+11
1.584893192461115e+00  9.028999496904141e+16  4.769114495942008e+14  4.768999410765704e+14  9.457786476684275e-01  1.213213503626898e+12
2.511886431509582e+00  9.029145064083536e+16  4.769201447209211e+14  4.768912367354276e+14  9.457787404424568e-01  1.922793016200645e+12
3.981071705534977e+00  9.029510705390544e+16  4.769419854787502e+14  4.768693725563021e+14  9.457789734884946e-01  3.047338824966953e+12
6.309573444801939e+00  9.030429111185378e+16  4.769968443755842e+14  4.768144530880446e+14  9.457795589294885e-01  4.829377107469825e+12
1.000000000000001e+01  9.032735766737254e+16  4.771346272407759e+14  4.766765070906741e+14  9.457810298452033e-01  7.652734480579562e+12
1.584893192461115e+01  9.038528083072066e+16  4.774806182082073e+14  4.763300369490447e+14  9.457847268618075e-01  1.212353323168762e+13
2.511886431509583e+01  9.053066708004858e+16  4.783490503392482e+14  4.754599616253146e+14  9.457940276035546e-01  1.919358173256603e+13
3.981071705534978e+01  9.089516014317813e+16  4.805262686172304e+14  4.732758153735862e+14  9.458174816316903e-01  3.033555690010475e+13
6.309573444801942e+01  9.180620706002514e+16  4.859682094647275e+14  4.677983328163051e+14  9.458770039608734e-01  4.773301689319653e+13
1.000000000000002e+02  9.406411205869315e+16  4.994553368584557e+14  4.540974728367677e+14  9.460310542487406e-01  7.413410350799569e+13
1.584893192461116e+02  9.951398729688248e+16  5.320091734813799e+14  4.200864307054395e+14  9.464515409825922e-01  1.105532293615246e+14
2.511886431509585e+02  1.118217275309319e+17  6.055303899065085e+14  3.374154866664635e+14  9.476264260255359e-01  1.511230835811880e+14
3.981071705534980e+02  1.369532622521827e+17  7.556827512981095e+14  1.446613424295609e+14  9.504685396307838e-01  1.857574547096236e+14
6.309573444801944e+02  1.835666050601605e+17  1.034275787493202e+15  -2.806013173811744e+14  9.557432084438565e-01  2.096580456385648e+14
1.000000000000002e+03  2.643074515068092e+17  1.516985473972995e+15  -1.168588844528403e+15  9.631621967649191e-01  2.240666128141404e+14
1.584893192461117e+03  3.984527566615261e+17  2.319012296847957e+15  -2.938016414580852e+15  9.713994592213995e-01  2.320550592801102e+14
2.511886431509585e+03  6.162202154049283e+17  3.620704016875898e+15  -6.335776523010061e+15  9.790405877712310e-01  2.362614072355631e+14
3.981071705534981e+03  9.655114176648321e+17  5.707880636006666e+15  -1.267711332998430e+16  9.852901265150203e-01  2.384177107550693e+14
6.309573444801947e+03  1.522410898203569e+18  9.034681497374262e+15  -2.425548435222297e+16  9.899894227941658e-01  2.395098432218659e+14
1.000000000000002e+04  2.407678735633570e+18  1.432213467911605e+16  -4.503765950618058e+16  9.933330894740220e-01  2.400594351532897e+14
1.584893192461117e+04  3.812844825716221e+18  2.271396994189552e+16  -8.183712983088730e+16  9.956267779242037e-01  2.403348070042404e+14
2.511886431509586e+04  6.041569694962553e+18  3.602356504429917e+16  -1.462875370364011e+17  9.971619573122662e-01  2.404723929229368e+14
3.981071705534983e+04  9.575206686271257e+18  5.712542267649726e+16  -2.581506239545621e+17  9.981722681699446e-01  2.405410336591030e+14
6.309573444801949e+04  1.517671694434835e+19  9.057569260345430e+16  -4.508447446144875e+17  9.988293799541085e-01  2.405752609858053e+14
1.000000000000003e+05  2.405536696827350e+19  1.435956752202961e+17  -7.806598833903488e+17  9.992532261129619e-01  2.405923302943837e+14
1.584893192461118e+05  3.812775900995017e+19  2.276305926592695e+17  -1.342080316268709e+18  9.995249901274541e-01  2.406008466325133e+14
2.511886431509587e+05  6.043153828728394e+19  3.608200878194079e+17  -2.293207097748636e+18  9.996984946598841e-01  2.406050981327015e+14
3.981071705534984e+05  9.578107633942400e+19  5.719137101745892e+17  -3.897853133307175e+18  9.998089217094177e-01  2.406072218283356e+14
6.309573444801952e+05  1.518066604624276e+20  9.064765490340082e+17  -6.595117171171746e+18  9.998790432545831e-01  2.406082832568520e+14
1.000000000000003e+06  2.406014990861693e+20  1.436724504589767e+18  -1.111418045645585e+19  9.999234964253861e-01  2.406088140200648e+14
3.162277660168380e+02
0.000000000000000e+00  1.334617495796293e+17  5.666836577419951e+14  5.666836577409470e+14  9.497790078369982e-01  2.836549414824845e+08
3.981071705534973e-03  1.334617495896156e+17  5.666836577899620e+14  5.666836577120672e+14  9.497790078363607e-01  4.874685281785559e+09
6.309573444801934e-03  1.334617496042823e+17  5.666836578606389e+14  5.666836576649494e+14  9.497790078363609e-01  7.724720963500506e+09
1.000000000000000e-02  1.334617547657253e+17  5.666893212071881e+14  5.666893204883275e+14  9.497790283328719e-01  1.299334517098907e+11
1.584893192461114e-02  1.334617548434353e+17  5.666893213974774e+14  5.666893203027599e+14  9.497790291198305e-01  5.031136917327912e+10
2.511886431509581e-02  1.334617550169818e+17  5.666893221379126e+14  5.666893196085981e+14  9.497790295475208e-01  3.069986101147702e+10
3.981071705534975e-02  1.334617554201548e+17  5.666893240113361e+14  5.666893177576291e+14  9.497790297867925e-01  3.665245204712060e+10
6.309573444801936e-02  1.334617564157328e+17  5.666893287160097e+14  5.666893130577059e+14  9.497790299438457e-01  5.330954361413081e+10
1.000000000000001e-01  1.334617589099455e+17  5.666893405409537e+14  5.666893012282684e+14  9.497790301058039e-01  8.303234107326555e+10
1.584893192461115e-01  1.334617651710085e+17  5.666893702426486e+14  5.666892715028822e+14  9.497790303910121e-01  1.311586344832782e+11
2.511886431509582e-01  1.334617808961144e+17  5.666894448494410e+14  5.666891968308264e+14  9.497790310441903e-01  2.077409029652141e+11
3.981071705534975e-01  1.334618203939747e+17  5.666896322490036e+14  5.666890092606349e+14  9.497790326510158e-01  3.292153590322111e+11
6.309573444801937e-01  1.334619196069989e+17  5.666901029721729e+14  5.666885381045059e+14  9.497790366699327e-01  5.218174125266432e+11
1.000000000000001e+00  1.334621688184382e+17  5.666912853744872e+14  5.666873546136156e+14  9.497790467560205e-01  8.270388750331686e+11
1.584893192461115e+00  1.334627948091967e+17  5.666942554350970e+14  5.666843818208209e+14  9.497790720877157e-01  1.310763841162637e+12
2.511886431509582e+00  1.334643672181958e+17  5.667017158488085e+14  5.666769145165324e+14  9.497791357175519e-01  2.077404200575855e+12
3.981071705534977e+00  1.334683168761728e+17  5.667204553005939e+14  5.666581575827016e+14  9.497792955523503e-01  3.292398201869739e+12
6.309573444801939e+00  1.334782376223242e+17  5.667675250333114e+14  5.666110428412227e+14  9.497796970672873e-01  5.217838280212577e+12
1.000000000000001e+01  1.335031552252505e+17  5.668857484924445e+14  5.664926994079870e+14  9.497807058060175e-01  8.268675964209309e+12
1.584893192461115e+01  1.335657316168397e+17  5.671826469450344e+14  5.661954559022247e+14  9.497832407741953e-01  1.310082126156325e+13
2.511886431509583e+01  1.337228291529757e+17  5.679280082317835e+14  5.654489514472934e+14  9.497896155005761e-01  2.074684192750264e+13
3.981071705534978e+01  1.341168865662756e+17  5.697976442340226e+14  5.635746874649342e+14  9.498056739626700e-01  3.281507370021179e+13
6.309573444801942e+01  1.351031656639678e+17  5.744771247253650e+14  5.588722913917541e+14  9.498463110362505e-01  5.173812491273125e+13
1.000000000000002e+02  1.375571350594109e+17  5.861201954110646e+14  5.470962766096788e+14  9.499505161750723e-01  8.084827976038961e+13
1.584893192461116e+02  1.435535359267691e+17  6.145706990672657e+14  5.177607817820256e+14  9.502289522626222e-01  1.228188013120142e+14
2.511886431509585e+02  1.574724704790593e+17  6.806116934649882e+14  4.457955240606878e+14  9.510119724315882e-01  1.736419683349184e+14
3.981071705534980e+02  1.869102918249473e+17  8.203002563073439e+14  2.752821375138494e+14  9.530378551422654e-01  2.209567212959073e+14
6.309573444801944e+02  2.431359114116400e+17  1.087171563901820e+15  -1.081354448144180e+14  9.571623451893262e-01  2.556435957419482e+14
1.000000000000002e+03  3.424180130243805e+17  1.558547678006796e+15  -9.229563421981630e+14  9.634920944403300e-01  2.773014921352170e+14
1.584893192461117e+03  5.092263333734051e+17  2.350623529257667e+15  -2.570150245408932e+15  9.710324346861877e-01  2.895599784247712e+14
2.511886431509585e+03  7.816671066084946e+17  3.644110511562272e+15  -5.768887030704844e+15  9.783980296168707e-01  2.960940702910332e+14
3.981071705534981e+03  1.220019959718690e+18  5.724734418646033e+15  -1.179051341556327e+16  9.846411794183726e-01  2.994650455411872e+14
6.309573444801947e+03  1.920013268502165e+18  9.046348867311022e+15  -2.285876601169796e+16  9.894496927826457e-01  3.011781389155014e+14
1.000000000000002e+04  3.033620513972414e+18  1.432969265766499e+16  -4.282973834858057e+16  9.929266183595763e-01  3.020421554646679e+14
1.584893192461117e+04  4.801918977793176e+18  2.271826215638606e+16  -7.834136701993427e+16  9.953379572702604e-01  3.024758406151579e+14
2.511886431509586e+04  7.607158977883162e+18  3.602525647308665e+16  -1.407489479652052e+17  9.969641194029468e-01  3.026928344994093e+14
3.981071705534983e+04  1.205529986955390e+19  5.712504094796275e+16  -2.493729888417469e+17  9.980399921636673e-01  3.028012117830290e+14
6.309573444801949e+04  1.910682983713165e+19  9.057365806412133e+16  -4.369324635029756e+17  9.987423859429011e-01  3.028552997202224e+14
1.000000000000003e+05  3.028410676032984e+19  1.435923233508292e+17  -7.586088573683629e+17  9.991966668242395e-01  3.028822912542902e+14
1.584893192461118e+05  4.799997515720933e+19  2.276261913151582e+17  -1.307129548799069e+18  9.994885164245672e-01  3.028957648290545e+14
2.511886431509587e+05  7.607859199872103e+19  3.608148507942052e+17  -2.237811060913805e+18  9.996751107189148e-01  3.029024936764498e+14
3.981071705534984e+05  1.205808825625939e+20  5.719078080082681e+17  -3.810053085286975e+18  9.997939931251125e-01  3.029058558648760e+14
6.309573444801952e+05  1.911128019442154e+20  9.064701176604465e+17  -6.455959874237539e+18  9.998695419988872e-01  3.029075366788962e+14
1.000000000000003e+06  3.028987915945831e+20  1.436717652299231e+18  -1.089362712538677e+19  9.999174630145118e-01  3.029083773218228e+14
3.981071705534974e+02
0.000000000000000e+00  1.971714822206738e+17  6.720733253853267e+14  6.720733253843579e+14  9.534873573697521e-01  4.715081136837284e+08
3.981071705534973e-03  1.971714822316357e+17  6.720733254271000e+14  6.720733253602806e+14  9.534873573692625e-01  5.267906810425839e+09
6.309573444801934e-03  1.971714822474930e+17  6.720733254877316e+14  6.720733253198594e+14  9.534873573692625e-01  8.351752519845244e+09
1.000000000000000e-02  1.971714892929094e+17  6.720787766184600e+14  6.720787759517876e+14  9.534873764099479e-01  1.846091052987740e+11
1.584893192461114e-02  1.971714893878334e+17  6.720787767852269e+14  6.720787758177380e+14  9.534873771415086e-01  6.101094401400848e+10
2.511886431509581e-02  1.971714895788787e+17  6.720787774151031e+14  6.720787752340755e+14  9.534873775361279e-01  3.888776148255487e+10
3.981071705534975e-02  1.971714900165719e+17  6.720787790218180e+14  6.720787736517740e+14  9.534873777538679e-01  4.100169243277443e+10
6.309573444801936e-02  1.971714910929973e+17  6.720787830579940e+14  6.720787696225272e+14  9.534873778896769e-01  5.791420543981622e+10
1.000000000000001e-01  1.971714937876553e+17  6.720787932034124e+14  6.720787594757809e+14  9.534873780153480e-01  8.980047990956853e+10
1.584893192461115e-01  1.971715005507202e+17  6.720788186862116e+14  6.720787339761965e+14  9.534873782184488e-01  1.417262235334976e+11
2.511886431509582e-01  1.971715175360956e+17  6.720788826955646e+14  6.720786699184401e+14  9.534873786702326e-01  2.244405886208152e+11
3.981071705534975e-01  1.971715601990219e+17  6.720790434753894e+14  6.720785090099526e+14  9.534873797740081e-01  3.556533793063478e+11
6.309573444801937e-01  1.971716673632717e+17  6.720794473378586e+14  6.720781048248810e+14  9.534873825305303e-01  5.636387137620096e+11
1.000000000000001e+00  1.971719365464784e+17  6.720804617909630e+14  6.720770895575066e+14  9.534873894463415e-01  8.934718049427687e+11
1.584893192461115e+00  1.971726127041770e+17  6.720830099829112e+14  6.720745393222555e+14  9.534874068141367e-01  1.416052189523069e+12
2.511886431509582e+00  1.971743111286364e+17  6.720894107257064e+14  6.720681334294440e+14  9.534874504394441e-01  2.244278402593436e+12
3.981071705534977e+00  1.971785773344814e+17  6.721054885007356e+14  6.720520426086982e+14  9.534875600230474e-01  3.556889533641234e+12
6.309573444801939e+00  1.971892932844887e+17  6.721458730110876e+14  6.720116246385769e+14  9.534878352987107e-01  5.637082855003876e+12
1.000000000000001e+01  1.972162088010413e+17  6.722473077851187e+14  6.719101014599992e+14  9.534885268501021e-01  8.933349235355494e+12
1.584893192461115e+01  1.972838065809478e+17  6.725020591916459e+14  6.716551004761392e+14  9.534902645190469e-01  1.415511705598144e+13
2.511886431509583e+01  1.974535353791956e+17  6.731417052394687e+14  6.710146535611425e+14  9.534946329588456e-01  2.242123197578064e+13
3.981071705534978e+01  1.978794366913420e+17  6.747467724765761e+14  6.694064714202532e+14  9.535056290009277e-01  3.548273733849082e+13
6.309573444801942e+01  1.989464570571091e+17  6.787679859441460e+14  6.653703794968597e+14  9.535333988066034e-01  5.602406122135191e+13
1.000000000000002e+02  2.016085030900025e+17  6.888002824273935e+14  6.552545164599777e+14  9.536041658909599e-01  8.790960770529058e+13
1.584893192461116e+02  2.081687502004276e+17  7.135235396773487e+14  6.299935505816177e+14  9.537898408634270e-01  1.353221853362852e+14
2.511886431509585e+02  2.237400816445177e+17  7.722068557455639e+14  5.675938663768419e+14  9.543067504482016e-01  1.970608850135315e+14
3.981071705534980e+02  2.578215303945231e+17  9.006565665131486e+14  4.176571172301501e+14  9.557115092802096e-01  2.599903414912395e+14
6.309573444801944e+02  3.250555141533059e+17  1.154101785812784e+15  7.416508079325370e+13  9.588379179354259e-01  3.095128521900489e+14
1.000000000000002e+03  4.464871800831000e+17  1.611972115321066e+15  -6.693758267131250e+14  9.640943071540902e-01  3.417945968227151e+14
1.584893192461117e+03  6.532912075856826e+17  2.391877682488760e+15  -2.196011312696915e+15  9.708545995302859e-01  3.605268817207854e+14
2.511886431509585e+03  9.935903824159927e+17  3.675153244656280e+15  -5.197121360619530e+15  9.778502133680297e-01  3.706586260373361e+14
3.981071705534981e+03  1.543266968351597e+18  5.747542335059243e+15  -1.090016536636044e+16  9.840242832102188e-01  3.759264356809225e+14
6.309573444801947e+03  2.422762268451872e+18  9.062612912764088e+15  -2.145920127243173e+16  9.889111866574943e-01  3.786139496807723e+14
1.000000000000002e+04  3.823318036963055e+18  1.434076610744385e+16  -4.061969002806493e+16  9.925100533127117e-01  3.799726609252032e+14
1.584893192461117e+04  6.048363119775090e+18  2.272521093871348e+16  -7.484405040527291e+16  9.950370619676879e-01  3.806558574021226e+14
2.511886431509586e+04  9.579065959909263e+18  3.602892192389731e+16  -1.352092618642775e+17  9.967557984519507e-01  3.809981690350828e+14
3.981071705534983e+04  1.517823894060039e+19  5.712609048022403e+16  -2.405946203415068e+17  9.978996998044870e-01  3.811693200517832e+14
6.309573444801949e+04  2.405502863209284e+19  9.057262301670755e+16  -4.230197383320356e+17  9.986496580149944e-01  3.812548066884468e+14
1.000000000000003e+05  3.812594082260468e+19  1.435896274677087e+17  -7.365576173846966e+17  9.991361667994642e-01  3.812974937901161e+14
1.584893192461118e+05  6.042854339114485e+19  2.276221726961505e+17  -1.272178750301991e+18  9.994494029506639e-01  3.813188124096533e+14
2.511886431509587e+05  9.577714604212412e+19  3.608097791506856e+17  -2.182415138456489e+18  9.996499886458896e-01  3.813294630599893e+14
3.981071705534984e+05  1.518019867320578e+20  5.719018983880066e+17  -3.722253267200460e+18  9.997779336078515e-01  3.813347863602425e+14
6.309573444801952e+05  2.405962345760316e+20  9.064635414294045e+17  -6.316802899061608e+18  9.998593110330105e-01  3.813374481445010e+14
1.000000000000003e+06  3.813263163612228e+20  1.436710545931200e+18  -1.067307418903659e+19  9.999109615882591e-01  3.813387796398728e+14
5.011872336272725e+02
0.000000000000000e+00  2.911488884793702e+17  7.957172716087452e+14  7.957172716078526e+14  9.569242492072804e-01  7.580762861789594e+08
3.981071705534973e-03  2.911488884914687e+17  7.957172716453234e+14  7.957172715880117e+14  9.569242492069083e-01  5.696034635191408e+09
6.309573444801934e-03  2.911488885086115e+17  7.957172716973380e+14  7.957172715533351e+14  9.569242492069083e-01  9.027343862398653e+09
1.000000000000000e-02  2.911488981245492e+17  7.957225186877345e+14  7.957225180619872e+14  9.569242668910988e-01  2.482568406986378e+11
1.584893192461114e-02  2.911488982904065e+17  7.957225189849105e+14  7.957225179741990e+14  9.569242675927565e-01  -7.774738453784988e+10
2.511886431509581e-02  2.911488984533660e+17  7.957225193691115e+14  7.957225174863139e+14  9.569242679457616e-01  4.689609630125744e+10
3.981071705534975e-02  2.911488989290452e+17  7.957225207468719e+14  7.957225161349820e+14  9.569242681393914e-01  4.225974898975254e+10
6.309573444801936e-02  2.911489000931633e+17  7.957225242095624e+14  7.957225126813774e+14  9.569242682559846e-01  6.300417323816302e+10
1.000000000000001e-01  2.911489030044160e+17  7.957225329137537e+14  7.957225039784540e+14  9.569242683544824e-01  9.714075052844380e+10
1.584893192461115e-01  2.911489103095048e+17  7.957225547761239e+14  7.957224821045864e+14  9.569242685001315e-01  1.531425824191829e+11
2.511886431509582e-01  2.911489286554103e+17  7.957226096912542e+14  7.957224271537454e+14  9.569242688130916e-01  2.424693933735783e+11
3.981071705534975e-01  2.911489747351988e+17  7.957227476276237e+14  7.957222891205737e+14  9.569242695714559e-01  3.842187574894733e+11
6.309573444801937e-01  2.911490904831325e+17  7.957230941131374e+14  7.957219423955790e+14  9.569242714616595e-01  6.088901296969037e+11
1.000000000000001e+00  2.911493812260252e+17  7.957239644380486e+14  7.957210714612626e+14  9.569242762021558e-01  9.651768408272797e+11
1.584893192461115e+00  2.911501115398712e+17  7.957261505984569e+14  7.957188837737312e+14  9.569242881057068e-01  1.529697822361019e+12
2.511886431509582e+00  2.911519459998470e+17  7.957316419687412e+14  7.957133885564131e+14  9.569243180053998e-01  2.424397337135954e+12
3.981071705534977e+00  2.911565539204485e+17  7.957454355639251e+14  7.956995852289136e+14  9.569243931107676e-01  3.842369556977071e+12
6.309573444801939e+00  2.911681282758454e+17  7.957800828565092e+14  7.956649130548007e+14  9.569245817739570e-01  6.089581037387091e+12
1.000000000000001e+01  2.911972003673768e+17  7.958671088059750e+14  7.955778218602611e+14  9.569250557199260e-01  9.650681170367590e+12
1.584893192461115e+01  2.912702174813647e+17  7.960856821331999e+14  7.953590673118441e+14  9.569262465060124e-01  1.529269215038894e+13
2.511886431509583e+01  2.914535733561280e+17  7.966345494200602e+14  7.948096352936599e+14  9.569292394455565e-01  2.422688892436840e+13
3.981071705534978e+01  2.919137955048193e+17  7.980122031671130e+14  7.934298693754066e+14  9.569367689358238e-01  3.835547486931386e+13
6.309573444801942e+01  2.930676143622519e+17  8.014661075115552e+14  7.899662407171531e+14  9.569557564929139e-01  6.062207648085680e+13
1.000000000000002e+02  2.959516481165328e+17  8.100993369362964e+14  7.812799701389047e+14  9.570039447043863e-01  9.539337998269416e+13
1.584893192461116e+02  3.030999037719838e+17  8.314973559268070e+14  7.595525557429182e+14  9.571286687303560e-01  1.481779378221716e+14
2.511886431509585e+02  3.203576033130448e+17  8.831577612792109e+14  7.056134003047101e+14  9.574692161091036e-01  2.210602352740176e+14
3.981071705534980e+02  3.593441240748540e+17  9.998662506301825e+14  5.744888498336742e+14  9.584208276310395e-01  3.023205571309672e+14
6.309573444801944e+02  4.389515876961375e+17  1.238205038818643e+15  2.687395889295733e+14  9.607177830926905e-01  3.716170077835545e+14
1.000000000000002e+03  5.865312644122184e+17  1.680144892313922e+15  -4.057628741626613e+14  9.649585879309313e-01  4.192106019909726e+14
1.584893192461117e+03  8.419845272858821e+17  2.445264838464376e+15  -1.813885503677307e+15  9.708819693307578e-01  4.476755992324629e+14
2.511886431509585e+03  1.266207297556831e+18  3.715889634633520e+15  -4.619103462004865e+15  9.774163087800783e-01  4.633442257385540e+14
3.981071705534981e+03  1.954778870514428e+18  5.777959384633838e+15  -1.000497857681778e+16  9.834523594799521e-01  4.715688316788850e+14
6.309573444801947e+03  3.059239161963704e+18  9.084786660216810e+15  -2.005593147277816e+16  9.883806225954621e-01  4.757847331200423e+14
1.000000000000002e+04  4.820228587050701e+18  1.435638976869115e+16  -3.840684191991926e+16  9.920862720014230e-01  4.779217230823282e+14
1.584893192461117e+04  7.619634221814854e+18  2.273562819427889e+16  -7.134465591506114e+16  9.947250404784409e-01  4.789982078258232e+14
2.511886431509586e+04  1.206312296857048e+19  3.603519578352887e+16  -1.296680730699028e+17  9.965371134015354e-01  4.795383169556315e+14
3.981071705534983e+04  1.911094725938651e+19  5.712906445404549e+16  -2.318152070657913e+17  9.977512183453198e-01  4.798086479516563e+14
6.309573444801949e+04  3.028527481299266e+19  9.057296836506165e+16  -4.091063327175624e+17  9.985509637268505e-01  4.799437804462171e+14
1.000000000000003e+05  4.799879716244315e+19  1.435878792109032e+17  -7.145059866960666e+17  9.990715191793068e-01  4.800112982980047e+14
1.584893192461118e+05  7.607554861740892e+19  2.276187574799633e+17  -1.237227791442656e+18  9.994074902136316e-01  4.800450331146472e+14
2.511886431509587e+05  1.205763563868431e+20  3.608050371581313e+17  -2.127019238718560e+18  9.996230139778911e-01  4.800618926701342e+14
3.981071705534984e+05  1.911070973204754e+20  5.718961007493932e+17  -3.634453617328009e+18  9.997606643695868e-01  4.800703214920049e+14
6.309573444801952e+05  3.028921505264286e+20  9.064569041349158e+17  -6.177646207710432e+18  9.998482975360720e-01  4.800745370015421e+14
1.000000000000003e+06  4.800606027828789e+20  1.436703240958818e+18  -1.045252162836882e+19  9.999039573507044e-01  4.800766460429521e+14
6.309573444801935e+02
0.000000000000000e+00  4.297211938464568e+17  9.407079902648888e+14  9.407079902640650e+14  9.601090035979168e-01  1.189200990651511e+09
3.981071705534973e-03  4.297211938599057e+17  9.407079902971495e+14  9.407079902479929e+14  9.601090035976390e-01  6.150237042604781e+09
6.309573444801934e-03  4.297211938784366e+17  9.407079903417718e+14  9.407079902182446e+14  9.601090035976390e-01  9.762905214149656e+09
1.000000000000000e-02  4.297212070007875e+17  9.407130409695055e+14  9.407130403747068e+14  9.601090200183843e-01  3.347356010308105e+11
1.584893192461114e-02  4.297212072071922e+17  9.407130412435898e+14  9.407130403288346e+14  9.601090206446339e-01  1.136303214721130e+11
2.511886431509581e-02  4.297212073847267e+17  9.407130415557516e+14  9.407130399241692e+14  9.601090209849665e-01  5.479885131544537e+10
3.981071705534975e-02  4.297212079011007e+17  9.407130427337214e+14  9.407130387714888e+14  9.601090211687722e-01  4.677157701494897e+10
6.309573444801936e-02  4.297212091602451e+17  9.407130457038894e+14  9.407130358119884e+14  9.601090212751603e-01  6.602411430310090e+10
1.000000000000001e-01  4.297212123055916e+17  9.407130531713718e+14  9.407130283478978e+14  9.601090213562959e-01  1.051115849772160e+11
1.584893192461115e-01  4.297212201959503e+17  9.407130719270586e+14  9.407130095847545e+14  9.601090214630931e-01  1.654793768681089e+11
2.511886431509582e-01  4.297212400106812e+17  9.407131190384624e+14  9.407129624471910e+14  9.601090216810791e-01  2.619338435136393e+11
3.981071705534975e-01  4.297212897806561e+17  9.407132373766486e+14  9.407128440398436e+14  9.601090222026268e-01  4.154531215412724e+11
6.309573444801937e-01  4.297214147942737e+17  9.407135346244560e+14  9.407125466125691e+14  9.601090234986919e-01  6.577708987459531e+11
1.000000000000001e+00  4.297217288123796e+17  9.407142812738936e+14  9.407117995084251e+14  9.601090267471271e-01  1.042562576730405e+12
1.584893192461115e+00  4.297225175906944e+17  9.407161567744992e+14  9.407099228678791e+14  9.601090349030972e-01  1.652369540220749e+12
2.511886431509582e+00  4.297244989057643e+17  9.407208678035554e+14  9.407052089632362e+14  9.601090553888196e-01  2.618820915461774e+12
3.981071705534977e+00  4.297294757203085e+17  9.407327013170114e+14  9.406933681917312e+14  9.601091068469193e-01  4.150518771158859e+12
6.309573444801939e+00  4.297419767403854e+17  9.407624253479414e+14  9.406636256552044e+14  9.601092361073404e-01  6.577998585287485e+12
1.000000000000001e+01  4.297733767922880e+17  9.408370861445970e+14  9.405889166443909e+14  9.601095608177661e-01  1.042490607802670e+13
1.584893192461115e+01  4.298522432715933e+17  9.410246092179848e+14  9.404012615410578e+14  9.601103765985313e-01  1.652029508780253e+13
2.511886431509583e+01  4.300503034304018e+17  9.414955425095431e+14  9.399299276214396e+14  9.601124266643964e-01  2.617466199794100e+13
3.981071705534978e+01  4.305475330901309e+17  9.426778197402584e+14  9.387462076136718e+14  9.601175820145401e-01  4.145113400511320e+13
6.309573444801942e+01  4.317947725098252e+17  9.456434171998076e+14  9.357742130173992e+14  9.601305688671001e-01  6.556356663540664e+13
1.000000000000002e+02  4.349165158665054e+17  9.530660803311164e+14  9.283176584676098e+14  9.601634336659098e-01  1.033743019276850e+14
1.584893192461116e+02  4.426841202826591e+17  9.715353656203740e+14  9.096443128921079e+14  9.602477131832940e-01  1.615516357731475e+14
2.511886431509585e+02  4.616675397246262e+17  1.016672932448370e+15  8.631251402371712e+14  9.604729594103421e-01  2.454843740794518e+14
3.981071705534980e+02  5.057447761092545e+17  1.121478406641746e+15  7.489958143011214e+14  9.611066066996073e-01  3.472179925621756e+14
6.309573444801944e+02  5.989773407503222e+17  1.343180328746921e+15  4.785564903770408e+14  9.627438303412815e-01  4.419005273938726e+14
1.000000000000002e+03  7.769925919574029e+17  1.766562879805894e+15  -1.295396936465383e+14  9.660629187319495e-01  5.111027267917825e+14
1.584893192461117e+03  1.091140670475240e+18  2.513856372868140e+15  -1.421629297390365e+15  9.711242710204622e-01  5.540433466798627e+14
2.511886431509585e+03  1.618698864794319e+18  3.768888014961540e+15  -4.033100106065289e+15  9.771147722725401e-01  5.781862432142466e+14
3.981071705534981e+03  2.480167714221742e+18  5.818067147567968e+15  -9.103573187702064e+15  9.829395236153946e-01  5.910081715916857e+14
6.309573444801947e+03  3.866242399777848e+18  9.114529119734246e+15  -1.864786688190656e+16  9.878658848129866e-01  5.976191219383071e+14
1.000000000000002e+04  6.079704918564228e+18  1.437787502673865e+16  -3.619033785490717e+16  9.916588770662212e-01  6.009803252033422e+14
1.584893192461117e+04  9.601159391956855e+18  2.275054561384758e+16  -6.784251418255626e+16  9.944032155555219e-01  6.026767362612512e+14
2.511886431509586e+04  1.519295732339400e+19  3.604488647798769e+16  -1.241248612124574e+17  9.963083540761395e-01  6.035290702691807e+14
3.981071705534983e+04  2.406387229182863e+19  5.713459355235634e+16  -2.230343473124377e+17  9.975944437751469e-01  6.039561181195860e+14
6.309573444801949e+04  3.813010882324234e+19  9.057518341804920e+16  -3.951919393805802e+17  9.984460929809834e-01  6.041697558669510e+14
1.000000000000003e+05  6.042899229069344e+19  1.435874554811842e+17  -6.924537331104833e+17  9.990025204873334e-01  6.042765601247645e+14
1.584893192461118e+05  9.577463791130151e+19  2.276162332057292e+17  -1.202276499716907e+18  9.993626155560238e-01  6.043299473416496e+14
2.511886431509587e+05  1.517971281345272e+20  3.608008413242312e+17  -2.071623236631345e+18  9.995940676811197e-01  6.043566373228866e+14
3.981071705534984e+05  2.405895080023046e+20  5.718905751461176e+17  -3.546654048293387e+18  9.997421025022812e-01  6.043699841682042e+14
6.309573444801952e+05  3.813181054505227e+20  9.064503209587656e+17  -6.038489742756041e+18  9.998364454990815e-01  6.043766606379096e+14
1.000000000000003e+06  6.043596172779825e+20  1.436695816897969e+18  -1.023196940974780e+19  9.998964132143520e-01  6.043800014258365e+14
7.943282347242819e+02
0.000000000000000e+00  6.339785108567775e+17  1.110656057801375e+15  1.110656057800613e+15  9.630596796599910e-01  1.837277692038833e+09
3.981071705534973e-03  6.339785108718646e+17  1.110656057830083e+15  1.110656057787934e+15  9.630596796597850e-01  6.654906384175195e+09
6.309573444801934e-03  6.339785108918944e+17  1.110656057868369e+15  1.110656057762410e+15  9.630596796597850e-01  1.055259878659229e+10
1.000000000000000e-02  6.339785287962217e+17  1.110660919625085e+15  1.110660919052352e+15  9.630596949043632e-01  4.522781101664857e+11
1.584893192461114e-02  6.339785290446701e+17  1.110660919859166e+15  1.110660919044842e+15  9.630596954855631e-01  1.480505761145557e+11
2.511886431509581e-02  6.339785292505321e+17  1.110660920131565e+15  1.110660918712702e+15  9.630596958020656e-01  7.075553242755809e+10
3.981071705534975e-02  6.339785298111328e+17  1.110660921136121e+15  1.110660917730980e+15  9.630596959705954e-01  5.797136726619345e+10
6.309573444801936e-02  6.339785311737770e+17  1.110660923683941e+15  1.110660915195630e+15  9.630596960657571e-01  7.160058216721260e+10
1.000000000000001e-01  6.339785345722369e+17  1.110660930090220e+15  1.110660908794469e+15  9.630596961329184e-01  1.137788825505182e+11
1.584893192461115e-01  6.339785430946260e+17  1.110660946180203e+15  1.110660892700121e+15  9.630596962120660e-01  1.788159631519509e+11
2.511886431509582e-01  6.339785644951594e+17  1.110660986595638e+15  1.110660852265713e+15  9.630596963644442e-01  2.829506233880837e+11
3.981071705534975e-01  6.339786182476524e+17  1.110661088114287e+15  1.110660750695672e+15  9.630596967233018e-01  4.483102582720469e+11
6.309573444801937e-01  6.339787532641824e+17  1.110661343113578e+15  1.110660495561673e+15  9.630596976118834e-01  7.104745489052112e+11
1.000000000000001e+00  6.339790924098458e+17  1.110661983643325e+15  1.110659854693342e+15  9.630596998373074e-01  1.125991164100983e+12
1.584893192461115e+00  6.339799443033176e+17  1.110663592578336e+15  1.110658244904869e+15  9.630597054238978e-01  1.784790192958079e+12
2.511886431509582e+00  6.339820841619809e+17  1.110667634038995e+15  1.110654201301045e+15  9.630597194552213e-01  2.828693637315696e+12
3.981071705534977e+00  6.339874592222159e+17  1.110677785688127e+15  1.110644044241052e+15  9.630597547004476e-01  4.483151390974722e+12
6.309573444801939e+00  6.340009606259204e+17  1.110703285218776e+15  1.110618530946082e+15  9.630598432342072e-01  7.105212728661470e+12
1.000000000000001e+01  6.340348737530554e+17  1.110767335509098e+15  1.110554444990803e+15  9.630600656325329e-01  1.126059141902230e+13
1.584893192461115e+01  6.341200542136690e+17  1.110928212247133e+15  1.110393471783478e+15  9.630606243450309e-01  1.784519436627109e+13
2.511886431509583e+01  6.343339833632197e+17  1.111332251202909e+15  1.109989147045004e+15  9.630620282296323e-01  2.827619101254788e+13
3.981071705534978e+01  6.348711310893807e+17  1.112346739487603e+15  1.108973666128084e+15  9.630655575563305e-01  4.478866378443093e+13
6.309573444801942e+01  6.362190038503293e+17  1.114892410278462e+15  1.106423759402508e+15  9.630744414784661e-01  7.088082974203623e+13
1.000000000000002e+02  6.395958951317812e+17  1.121270205081383e+15  1.100024183203734e+15  9.630968776377695e-01  1.119165307004493e+14
1.584893192461116e+02  6.480209406716787e+17  1.137182249933065e+15  1.083984490125053e+15  9.631540553097107e-01  1.756219201988928e+14
2.511886431509585e+02  6.687852276691551e+17  1.176398972092110e+15  1.043929930352692e+15  9.633040995595264e-01  2.703872076680235e+14
3.981071705534980e+02  7.180822117597763e+17  1.269504853827034e+15  9.449813871315375e+14  9.637219871742984e-01  3.938871821456551e+14
6.309573444801944e+02  8.260007236133329e+17  1.473336027369496e+15  7.072034952488364e+14  9.648569291054436e-01  5.198032409006624e+14
1.000000000000002e+03  1.038862905675106e+18  1.875428806916128e+15  1.624663915943537e+14  9.673744977147306e-01  6.187151596122065e+14
1.584893192461117e+03  1.423127945291323e+18  2.601421509786495e+15  -1.016571215280622e+15  9.715832766004083e-01  6.828931079117550e+14
2.511886431509585e+03  2.077233013269742e+18  3.837343507131032e+15  -3.436933412170086e+15  9.769621073299634e-01  7.199145564117871e+14
3.981071705534981e+03  3.153310400032823e+18  5.870477856901439e+15  -8.194206717732318e+15  9.825007210396022e-01  7.398595559975101e+14
6.309573444801947e+03  4.891399322508094e+18  9.153932798429316e+15  -1.723362681149355e+16  9.873760326366757e-01  7.502184379060411e+14
1.000000000000002e+04  7.672459800713624e+18  1.440688130691440e+16  -3.396909011332490e+16  9.912322767090680e-01  7.555043454991097e+14
1.584893192461117e+04  1.210129242584757e+19  2.277127200650764e+16  -6.433677226169628e+16  9.940733473720023e-01  7.581778478714244e+14
2.511886431509586e+04  1.913742683659082e+19  3.605902219707422e+16  -1.185789607835600e+17  9.960700179664169e-01  7.595230460862060e+14
3.981071705534983e+04  3.030244187670249e+19  5.714348230641872e+16  -2.142515249219525e+17  9.974293596046562e-01  7.601977440467467e+14
6.309573444801949e+04  4.800855230739821e+19  9.057989472794208e+16  -3.812761610226460e+17  9.983348668314969e-01  7.605355327080755e+14
1.000000000000003e+05  7.607940824730247e+19  1.435888412926613e+17  -6.704005538588753e+17  9.989289744453272e-01  7.607044995075422e+14
1.584893192461118e+05  1.205755286345570e+20  2.276149723630053e+17  -1.167324647501465e+18  9.993146146466415e-01  7.607889947677697e+14
2.511886431509587e+05  1.911025437807175e+20  3.607974746958213e+17  -2.016226964292567e+18  9.995630266304512e-01  7.608312499635456e+14
3.981071705534984e+05  3.028846360770832e+20  5.718855335374275e+17  -3.458854439648859e+18  9.997221610533379e-01  7.608523855557879e+14
6.309573444801952e+05  4.800507355748472e+20  9.064439473737458e+17  -5.899333421454930e+18  9.998236956635247e-01  7.608629601088539e+14
1.000000000000003e+06  7.608428002160976e+20  1.436688384325571e+18  -1.001141748038569e+19  9.998882897102152e-01  7.608682521999516e+14
1.000000000000000e+03
0.000000000000000e+00  9.349594612428588e+17  1.309776550230546e+15  1.309776550230566e+15  9.657932075828087e-01  3.245272377371793e+09
3.981071705534973e-03  9.349594612604224e+17  1.309776550257110e+15  1.309776550220986e+15  9.657932075830217e-01  7.196584810794106e+09
6.309573444801934e-03  9.349594612820707e+17  1.309776550289966e+15  1.309776550199081e+15  9.657932075830217e-01  1.140597732455449e+10
1.000000000000000e-02  9.349593690754363e+17  1.309781170789445e+15  1.309781170230797e+15  9.657931494466319e-01  6.121039909002714e+11
1.584893192461114e-02  9.349593693785030e+17  1.309781170989243e+15  1.309781170258796e+15  9.657931499859379e-01  1.943907512452151e+11
2.511886431509581e-02  9.349593697992979e+17  1.309781171504476e+15  1.309781169990097e+15  9.657931502820397e-01  9.913890320791026e+10
3.981071705534975e-02  9.349593702296195e+17  1.309781172082663e+15  1.309781169155613e+15  9.657931504360030e-01  6.531733420209240e+10
6.309573444801936e-02  9.349593717049303e+17  1.309781174268408e+15  1.309781166984406e+15  9.657931505213548e-01  8.206911679931906e+10
1.000000000000001e-01  9.349593753771555e+17  1.309781179764351e+15  1.309781161495249e+15  9.657931505778415e-01  1.232259214728183e+11
1.584893192461115e-01  9.349593845821290e+17  1.309781193567248e+15  1.309781147690482e+15  9.657931506374804e-01  1.932381837978167e+11
2.511886431509582e-01  9.349594076948110e+17  1.309781228237560e+15  1.309781113006655e+15  9.657931507446146e-01  3.056465487393796e+11
3.981071705534975e-01  9.349594657468755e+17  1.309781315325020e+15  1.309781025881138e+15  9.657931509917577e-01  4.842313098647408e+11
6.309573444801937e-01  9.349596115622990e+17  1.309781534074589e+15  1.309780807030008e+15  9.657931516010165e-01  7.674049383835203e+11
1.000000000000001e+00  9.349599778369143e+17  1.309782083554711e+15  1.309780257300042e+15  9.657931531252248e-01  1.216195230310600e+12
1.584893192461115e+00  9.349608978711133e+17  1.309783463777798e+15  1.309778876440632e+15  9.657931569507727e-01  1.927737290335760e+12
2.511886431509582e+00  9.349632088901998e+17  1.309786930738396e+15  1.309775407879804e+15  9.657931665584105e-01  3.055251015700016e+12
3.981071705534977e+00  9.349690138935064e+17  1.309795639328505e+15  1.309766695257454e+15  9.657931906917273e-01  4.842226127297543e+12
6.309573444801939e+00  9.349835952936847e+17  1.309817514154509e+15  1.309744810193934e+15  9.657932513127417e-01  7.674329156134393e+12
1.000000000000001e+01  9.350202214279085e+17  1.309872460202549e+15  1.309689837742948e+15  9.657934035916722e-01  1.216266522096294e+13
1.584893192461115e+01  9.351122177817228e+17  1.310010471931233e+15  1.309551755354522e+15  9.657937861359405e-01  1.927522373015775e+13
2.511886431509583e+01  9.353432748044461e+17  1.310357100663543e+15  1.309204921742799e+15  9.657947472767013e-01  3.054398580035364e+13
3.981071705534978e+01  9.359234909005464e+17  1.311227533309699e+15  1.308333801390216e+15  9.657971630273597e-01  4.838827908091882e+13
6.309573444801942e+01  9.373798335175622e+17  1.313412319734384e+15  1.306146191458934e+15  9.658032404867227e-01  7.660759665540236e+13
1.000000000000002e+02  9.410310409373247e+17  1.318889815050298e+15  1.300654621711378e+15  9.658185665827452e-01  1.210822045963007e+14
1.584893192461116e+02  9.501575947488323e+17  1.332581362101994e+15  1.286882514862179e+15  9.658574638471007e-01  1.905379777512319e+14
2.511886431509585e+02  9.727795538300110e+17  1.366518586855131e+15  1.252433214901787e+15  9.659581519203423e-01  2.960000255902190e+14
3.981071705534980e+02  1.027403369489697e+18  1.448464862019806e+15  1.166908283499380e+15  9.662331761106799e-01  4.417073861146569e+14
6.309573444801944e+02  1.150828782596306e+18  1.633630676104065e+15  9.589846861087830e+14  9.670016250022679e-01  6.042493359414827e+14
1.000000000000002e+03  1.402847391111559e+18  2.011745905105891e+15  4.741390905034419e+14  9.688520276803525e-01  7.427371524098927e+14
1.584893192461117e+03  1.869881446908707e+18  2.712558548188230e+15  -5.953942092291674e+14  9.722516167853580e-01  8.375404094624895e+14
2.511886431509585e+03  2.677925665030426e+18  3.925215670283554e+15  -2.827873851805858e+15  9.769714247812037e-01  8.939586437992169e+14
3.981071705534981e+03  4.019439805347873e+18  5.938461191682003e+15  -7.274682845743760e+15  9.821511693965367e-01  9.248898952614856e+14
6.309573444801947e+03  6.196737511140772e+18  9.205632587099780e+15  -1.581146497731115e+16  9.869212408481529e-01  9.411017929040689e+14
1.000000000000002e+04  9.689154659787461e+18  1.444550540087951e+16  -3.174171912627346e+16  9.908117529482449e-01  9.494115711581898e+14
1.584893192461117e+04  1.525773420713367e+19  2.279946529025914e+16  -6.082634544435310e+16  9.937376998335183e-01  9.536246996892789e+14
2.511886431509586e+04  2.411012333052571e+19  3.607890842655800e+16  -1.130295227914615e+17  9.958228516285629e-01  9.557478790106459e+14
3.981071705534983e+04  3.816159934587344e+19  5.715675488031160e+16  -2.054660788329001e+17  9.972560587954280e-01  9.568139360700550e+14
6.309573444801949e+04  6.044873408362730e+19  9.058790244538194e+16  -3.673584861921710e+17  9.982171480420449e-01  9.573480727955262e+14
1.000000000000003e+05  9.578503452352473e+19  1.435926586001686e+17  -6.483460564895871e+17  9.988506966749243e-01  9.576154051518419e+14
1.584893192461118e+05  1.518000946788149e+20  2.276154552250675e+17  -1.132371936948976e+18  9.992633233927607e-01  9.577491447033775e+14
2.511886431509587e+05  2.405865688201192e+20  3.607953049252282e+17  -1.960830199041996e+18  9.995297642784129e-01  9.578160467068082e+14
3.981071705534984e+05  3.813104730329753e+20  5.718812540685696e+17  -3.371054628478640e+18  9.997007491824333e-01  9.578495179895954e+14
6.309573444801952e+05  6.043482556490842e+20  9.064379903985490e+17  -5.760177128359177e+18  9.998099854892211e-01  9.578662672389685e+14
1.000000000000003e+06  9.578436297450543e+20  1.436681093750812e+18  -9.790865762547405e+18  9.998795449055424e-01  9.578746506009875e+14
1.258925411794168e+03
0.000000000000000e+00  1.378334291195966e+18  1.542989527871466e+15  1.542989527871482e+15  9.683251567217469e-01  4.756803962606045e+09
3.981071705534973e-03  1.378334291216197e+18  1.542989527895696e+15  1.542989527864795e+15  9.683251567219314e-01  7.758450011075833e+09
6.309573444801934e-03  1.378334291239593e+18  1.542989527923927e+15  1.542989527845974e+15  9.683251567219314e-01  1.232091799585227e+10
1.000000000000000e-02  1.378334163404880e+18  1.542993968024915e+15  1.542993967473126e+15  9.683251019270639e-01  8.294658492816621e+11
1.584893192461114e-02  1.378334163777433e+18  1.542993968192836e+15  1.542993967534388e+15  9.683251024274097e-01  2.892557230430676e+11
2.511886431509581e-02  1.378334164254376e+18  1.542993968633854e+15  1.542993967321432e+15  9.683251026965837e-01  1.221942264796247e+11
3.981071705534975e-02  1.378334164734849e+18  1.542993969137057e+15  1.542993966613878e+15  9.683251028417611e-01  7.688065460238144e+10
6.309573444801936e-02  1.378334166328832e+18  1.542993971006647e+15  1.542993964755348e+15  9.683251029206360e-01  8.982042623592400e+10
1.000000000000001e-01  1.378334170297284e+18  1.542993975721425e+15  1.542993960048700e+15  9.683251029698329e-01  1.335395629078757e+11
1.584893192461115e-01  1.378334180239517e+18  1.542993987562030e+15  1.542993948208148e+15  9.683251030160757e-01  2.088442411355108e+11
2.511886431509582e-01  1.378334205200826e+18  1.542994017303211e+15  1.542993918457559e+15  9.683251030921786e-01  3.301565804186516e+11
3.981071705534975e-01  1.378334267894873e+18  1.542994092009219e+15  1.542993843723476e+15  9.683251032627528e-01  5.230114478559223e+11
6.309573444801937e-01  1.378334425372346e+18  1.542994279662042e+15  1.542993655998072e+15  9.683251036806060e-01  8.293520685639895e+11
1.000000000000001e+00  1.378334820929676e+18  1.542994751016308e+15  1.542993184452319e+15  9.683251047243775e-01  1.313618671400605e+12
1.584893192461115e+00  1.378335814532593e+18  1.542995935015185e+15  1.542991999982662e+15  9.683251073432833e-01  2.082225544688991e+12
2.511886431509582e+00  1.378338310339828e+18  1.542998909073578e+15  1.542989024730066e+15  9.683251139201164e-01  3.299827352720481e+12
3.981071705534977e+00  1.378344579516119e+18  1.543006379561181e+15  1.542981551238782e+15  9.683251304400831e-01  5.229857447099098e+12
6.309573444801939e+00  1.378360326888595e+18  1.543025144474651e+15  1.542962778711682e+15  9.683251719368301e-01  8.288700531934962e+12
1.000000000000001e+01  1.378399881954517e+18  1.543072279156386e+15  1.542915624471936e+15  9.683252761749044e-01  1.313644561786896e+13
1.584893192461115e+01  1.378499236346510e+18  1.543190672023394e+15  1.542797179742326e+15  9.683255380277167e-01  2.081883025273031e+13
2.511886431509583e+01  1.378748781574169e+18  1.543488035578062e+15  1.542499668650070e+15  9.683261958896791e-01  3.299150810983871e+13
3.981071705534978e+01  1.379375473669912e+18  1.544234815608961e+15  1.541752408972480e+15  9.683278491066780e-01  5.227161783803423e+13
6.309573444801942e+01  1.380948785567315e+18  1.546109608623640e+15  1.539875721221069e+15  9.683320065090785e-01  8.277944712597758e+13
1.000000000000002e+02  1.384895261281672e+18  1.550812316332856e+15  1.535163870762604e+15  9.683424795432782e-01  1.309338307661162e+14
1.584893192461116e+02  1.394773091575958e+18  1.562582960829257e+15  1.523342091316632e+15  9.683689835762546e-01  2.064478815956464e+14
2.511886431509585e+02  1.419352159471316e+18  1.591871952068051e+15  1.493736753047584e+15  9.684369571202414e-01  3.226526552544883e+14
3.981071705534980e+02  1.479427658273499e+18  1.663459407775472e+15  1.419982025214922e+15  9.686186775449375e-01  4.903738011841527e+14
6.309573444801944e+02  1.618942279758302e+18  1.829710087362527e+15  1.239023476381790e+15  9.691300102391939e-01  6.937986196347995e+14
1.000000000000002e+03  1.914064572278159e+18  2.181406047770759e+15  8.102033592510497e+14  9.704491518389617e-01  8.830466731213765e+14
1.584893192461117e+03  2.477427808462836e+18  2.852838109607736e+15  -1.539969047811574e+14  9.731124390516470e-01  1.021074588710073e+15
2.511886431509585e+03  3.471206994706688e+18  4.037389730595960e+15  -2.202510282249169e+15  9.771509397143602e-01  1.106379297877750e+15
3.981071705534981e+03  5.139580089272564e+18  6.026098045614570e+15  -6.342238667766207e+15  9.819055914129931e-01  1.154155999579599e+15
6.309573444801947e+03  7.863627169263794e+18  9.272939546768084e+15  -1.437917579791156e+16  9.865126443761295e-01  1.179483093471799e+15
1.000000000000002e+04  1.224653596136963e+19  1.449639282252649e+16  -2.950647782414418e+16  9.904035094084950e-01  1.192538090654790e+15
1.584893192461117e+04  1.924590224044517e+19  2.283722278746668e+16  -5.730985665909381e+16  9.933991085878752e-01  1.199176320210920e+15
2.511886431509586e+04  3.038156415112422e+19  3.610620029091247e+16  -1.074754664699499e+17  9.955678970312992e-01  1.202527374887936e+15
3.981071705534983e+04  4.806428164223590e+19  5.717571271949259e+16  -1.966771647068269e+17  9.970747693549633e-01  1.204211884062102e+15
6.309573444801949e+04  7.611651581591678e+19  9.060022613321371e+16  -3.534382588426996e+17  9.980928537607496e-01  1.205056560587840e+15
1.000000000000003e+05  1.205978234816972e+20  1.435997026501047e+17  -6.262897347522019e+17  9.987675204935054e-01  1.205479553391123e+15
1.584893192461118e+05  1.911130614048379e+20  2.276182986586385e+17  -1.097417980906495e+18  9.992085803812120e-01  1.205691250976939e+15
2.511886431509587e+05  3.028857927481185e+20  3.607948070799654e+17  -1.905432648383399e+18  9.994941515663970e-01  1.205797181874570e+15
3.981071705534984e+05  4.800444532666198e+20  5.718780991099087e+17  -3.283254397502608e+18  9.996777724223702e-01  1.205850191002978e+15
6.309573444801952e+05  7.608306070322622e+20  9.064327228437874e+17  -5.621020705949413e+18  9.997952491654599e-01  1.205876721498954e+15
1.000000000000003e+06  1.205853503435946e+21  1.436674146830779e+18  -9.570314146190895e+18  9.998701343353791e-01  1.205890002241344e+15
1.584893192461114e+03
0.000000000000000e+00  2.031290625915924e+18  1.816037838976935e+15  1.816037838976952e+15  9.706702447325242e-01  6.976217198523773e+09
3.981071705534973e-03  2.031290625939623e+18  1.816037838999226e+15  1.816037838973118e+15  9.706702447326850e-01  8.390968919177420e+09
6.309573444801934e-03  2.031290625964906e+18  1.816037839023670e+15  1.816037838956822e+15  9.706702447326854e-01  1.331015779358955e+10
1.000000000000000e-02  2.031290448924175e+18  1.816042104931330e+15  1.816042104379780e+15  9.706701931330244e-01  1.125099193038626e+12
1.584893192461114e-02  2.031290449390300e+18  1.816042105073895e+15  1.816042104472605e+15  9.706701935971699e-01  3.854872453339858e+11
2.511886431509581e-02  2.031290449935671e+18  1.816042105451396e+15  1.816042104308892e+15  9.706701938468487e-01  1.507061060119366e+11
3.981071705534975e-02  2.031290450475459e+18  1.816042105890417e+15  1.816042103710897e+15  9.706701939819218e-01  8.757897175121880e+10
6.309573444801936e-02  2.031290452200583e+18  1.816042107490740e+15  1.816042102120910e+15  9.706701940534997e-01  9.906111473281319e+10
1.000000000000001e-01  2.031290456485735e+18  1.816042111531235e+15  1.816042098085680e+15  9.706701940962753e-01  1.448412919374633e+11
1.584893192461115e-01  2.031290467224406e+18  1.816042121688279e+15  1.816042087930181e+15  9.706701941326414e-01  2.257412957108099e+11
2.511886431509582e-01  2.031290494181787e+18  1.816042147200589e+15  1.816042062411559e+15  9.706701941871487e-01  3.566325827103730e+11
3.981071705534975e-01  2.031290561887610e+18  1.816042211284172e+15  1.816041998307373e+15  9.706701943051174e-01  5.648818444486532e+11
6.309573444801937e-01  2.031290731953113e+18  1.816042372254682e+15  1.816041837282908e+15  9.706701945917461e-01  8.951744288963245e+11
1.000000000000001e+00  2.031291159132233e+18  1.816042776590252e+15  1.816041432806802e+15  9.706701953064100e-01  1.418714143196633e+12
1.584893192461115e+00  2.031292232157214e+18  1.816043792235772e+15  1.816040416808394e+15  9.706701970988343e-01  2.248471643430525e+12
2.511886431509582e+00  2.031294927469879e+18  1.816046343418358e+15  1.816037864736112e+15  9.706702015998008e-01  3.563723156946923e+12
3.981071705534977e+00  2.031301697783450e+18  1.816052751694197e+15  1.816031454223702e+15  9.706702129051049e-01  5.648328605694678e+12
6.309573444801939e+00  2.031318703973717e+18  1.816068848490380e+15  1.816015351766139e+15  9.706702413030628e-01  8.951945987740369e+12
1.000000000000001e+01  2.031361421159422e+18  1.816109281404567e+15  1.815974904357912e+15  9.706703126370472e-01  1.418767240079925e+13
1.584893192461115e+01  2.031468719146798e+18  1.816210841707570e+15  1.815873305923050e+15  9.706704918293192e-01  2.248512555771891e+13
2.511886431509583e+01  2.031738222264404e+18  1.816465933336866e+15  1.815618107626844e+15  9.706709419991517e-01  3.563325732167012e+13
3.981071705534978e+01  2.032415074634092e+18  1.817106591513524e+15  1.814977112787598e+15  9.706720731486138e-01  5.646189683523237e+13
6.309573444801942e+01  2.034114562955458e+18  1.818715200971087e+15  1.813367223170299e+15  9.706749168361832e-01  8.943416596920562e+13
1.000000000000002e+02  2.038379125561864e+18  1.822751719606228e+15  1.809324733516704e+15  9.706820749470668e-01  1.415357612228445e+14
1.584893192461116e+02  2.049063415834396e+18  1.832864678260949e+15  1.799179160505954e+15  9.707001530017311e-01  2.234791309664107e+14
2.511886431509585e+02  2.075720287525497e+18  1.858096112057765e+15  1.773750504725932e+15  9.707462269947627e-01  3.507007668039055e+14
3.981071705534980e+02  2.141422672693212e+18  1.920285213551787e+15  1.710248809714450e+15  9.708671589523425e-01  5.400008377085329e+14
6.309573444801944e+02  2.297431755229656e+18  2.067952683832469e+15  1.553371705452070e+15  9.712041015072981e-01  7.868312007755955e+14
1.000000000000002e+03  2.638999597102260e+18  2.391266347499735e+15  1.176368283600759e+15  9.721184687504089e-01  1.038516750413847e+15
1.584893192461117e+03  3.312635655192888e+18  3.028952997068658e+15  3.126677129927614e+14  9.741401195927539e-01  1.235964913448926e+15
2.511886431509585e+03  4.528296251489467e+18  4.179862033506253e+15  -1.556593255589200e+15  9.775026053798199e-01  1.363684547998752e+15
3.981071705534981e+03  6.596977381971867e+18  6.138465145132223e+15  -5.393405932307283e+15  9.817772415895690e-01  1.437100447280054e+15
6.309573444801947e+03  9.999706298568901e+18  9.360006111889556e+15  -1.293397816178332e+16  9.861620594099958e-01  1.476570805811290e+15
1.000000000000002e+04  1.549572940817629e+19  1.456287643583488e+16  -2.726115670806710e+16  9.900146805923454e-01  1.497060456379913e+15
1.584893192461117e+04  2.428992229943142e+19  2.288719432770233e+16  -5.378556030738583e+16  9.930610448768038e-01  1.507515897045962e+15
2.511886431509586e+04  3.829490184299911e+19  3.614299345197332e+16  -1.019154184901381e+17  9.953065413907436e-01  1.512804450161636e+15
3.981071705534983e+04  6.054496783939727e+19  5.720200710365511e+16  -1.878837065759398e+17  9.968858833942027e-01  1.515466209579894e+15
6.309573444801949e+04  9.585175506340038e+19  9.061816247927917e+16  -3.395146399492564e+17  9.979619703774384e-01  1.516802029468774e+15
1.000000000000003e+05  1.518433371936936e+20  1.436109878025258e+17  -6.042309381698505e+17  9.986793038854672e-01  1.517471357521508e+15
1.584893192461118e+05  2.406111440921640e+20  2.276242924607028e+17  -1.062462278823154e+18  9.991502299012712e-01  1.517806474360676e+15
2.511886431509587e+05  3.813202108884954e+20  3.607965924291403e+17  -1.850033930931177e+18  9.994560581070980e-01  1.517974210995510e+15
3.981071705534984e+05  6.043462025652092e+20  5.718765380382967e+17  -3.195453460028421e+18  9.996531330594434e-01  1.518058166167124e+15
6.309573444801952e+05  9.578322078978133e+20  9.064285013291977e+17  -5.481863942769937e+18  9.997794176723548e-01  1.518100191436180e+15
1.000000000000003e+06  1.518080601493104e+21  1.436667810586277e+18  -9.349762479632220e+18  9.998600109539070e-01  1.518121231138691e+15
